F:\LaTeX\BVE research\lean-proof\.lake\packages\aesop\.lake\build\lib\lean\Aesop.olean
f:\DevCache\elan\toolchains\leanprover--lean4---v4.31.0\lib\lean\Init.olean
f:\DevCache\elan\toolchains\leanprover--lean4---v4.31.0\lib\lean\Lean.olean
F:\LaTeX\BVE research\lean-proof\.lake\packages\LeanSearchClient\.lake\build\lib\lean\LeanSearchClient.olean
F:\tools\math-audit-round6-20260921\independent-execution\replay\positive\lean-verification-runs\9f81447f8d0a4fb8bbfb0bcf4da92a5b\lib\LeanVerifyProbe.olean
F:\LaTeX\BVE research\lean-proof\.lake\packages\plausible\.lake\build\lib\lean\Plausible.olean
F:\LaTeX\BVE research\lean-proof\.lake\packages\Qq\.lake\build\lib\lean\Qq.olean
f:\DevCache\elan\toolchains\leanprover--lean4---v4.31.0\lib\lean\Std.olean
F:\LaTeX\BVE research\lean-proof\.lake\packages\aesop\.lake\build\lib\lean\Aesop\BaseM.olean
F:\LaTeX\BVE research\lean-proof\.lake\packages\aesop\.lake\build\lib\lean\Aesop\BuiltinRules.olean
F:\LaTeX\BVE research\lean-proof\.lake\packages\aesop\.lake\build\lib\lean\Aesop\Check.olean
F:\LaTeX\BVE research\lean-proof\.lake\packages\aesop\.lake\build\lib\lean\Aesop\Constants.olean
F:\LaTeX\BVE research\lean-proof\.lake\packages\aesop\.lake\build\lib\lean\Aesop\EMap.olean
F:\LaTeX\BVE research\lean-proof\.lake\packages\aesop\.lake\build\lib\lean\Aesop\ElabM.olean
F:\LaTeX\BVE research\lean-proof\.lake\packages\aesop\.lake\build\lib\lean\Aesop\Exception.olean
F:\LaTeX\BVE research\lean-proof\.lake\packages\aesop\.lake\build\lib\lean\Aesop\Frontend.olean
F:\LaTeX\BVE research\lean-proof\.lake\packages\aesop\.lake\build\lib\lean\Aesop\Index.olean
F:\LaTeX\BVE research\lean-proof\.lake\packages\aesop\.lake\build\lib\lean\Aesop\Main.olean
F:\LaTeX\BVE research\lean-proof\.lake\packages\aesop\.lake\build\lib\lean\Aesop\Nanos.olean
F:\LaTeX\BVE research\lean-proof\.lake\packages\aesop\.lake\build\lib\lean\Aesop\Percent.olean
F:\LaTeX\BVE research\lean-proof\.lake\packages\aesop\.lake\build\lib\lean\Aesop\Rule.olean
F:\LaTeX\BVE research\lean-proof\.lake\packages\aesop\.lake\build\lib\lean\Aesop\RulePattern.olean
F:\LaTeX\BVE research\lean-proof\.lake\packages\aesop\.lake\build\lib\lean\Aesop\RuleSet.olean
F:\LaTeX\BVE research\lean-proof\.lake\packages\aesop\.lake\build\lib\lean\Aesop\RuleTac.olean
F:\LaTeX\BVE research\lean-proof\.lake\packages\aesop\.lake\build\lib\lean\Aesop\Saturate.olean
F:\LaTeX\BVE research\lean-proof\.lake\packages\aesop\.lake\build\lib\lean\Aesop\Tracing.olean
F:\LaTeX\BVE research\lean-proof\.lake\packages\batteries\.lake\build\lib\lean\Batteries\CodeAction.olean
F:\LaTeX\BVE research\lean-proof\.lake\packages\batteries\.lake\build\lib\lean\Batteries\Linter.olean
F:\LaTeX\BVE research\lean-proof\.lake\packages\batteries\.lake\build\lib\lean\Batteries\Logic.olean
F:\LaTeX\BVE research\lean-proof\.lake\packages\importGraph\.lake\build\lib\lean\ImportGraph\Tools.olean
f:\DevCache\elan\toolchains\leanprover--lean4---v4.31.0\lib\lean\Init\BinderNameHint.olean
f:\DevCache\elan\toolchains\leanprover--lean4---v4.31.0\lib\lean\Init\BinderPredicates.olean
f:\DevCache\elan\toolchains\leanprover--lean4---v4.31.0\lib\lean\Init\ByCases.olean
f:\DevCache\elan\toolchains\leanprover--lean4---v4.31.0\lib\lean\Init\CbvSimproc.olean
f:\DevCache\elan\toolchains\leanprover--lean4---v4.31.0\lib\lean\Init\Classical.olean
f:\DevCache\elan\toolchains\leanprover--lean4---v4.31.0\lib\lean\Init\Coe.olean
f:\DevCache\elan\toolchains\leanprover--lean4---v4.31.0\lib\lean\Init\Control.olean
f:\DevCache\elan\toolchains\leanprover--lean4---v4.31.0\lib\lean\Init\Conv.olean
f:\DevCache\elan\toolchains\leanprover--lean4---v4.31.0\lib\lean\Init\Core.olean
f:\DevCache\elan\toolchains\leanprover--lean4---v4.31.0\lib\lean\Init\Data.olean
f:\DevCache\elan\toolchains\leanprover--lean4---v4.31.0\lib\lean\Init\Dynamic.olean
f:\DevCache\elan\toolchains\leanprover--lean4---v4.31.0\lib\lean\Init\Ext.olean
f:\DevCache\elan\toolchains\leanprover--lean4---v4.31.0\lib\lean\Init\GetElem.olean
f:\DevCache\elan\toolchains\leanprover--lean4---v4.31.0\lib\lean\Init\Grind.olean
f:\DevCache\elan\toolchains\leanprover--lean4---v4.31.0\lib\lean\Init\GrindInstances.olean
f:\DevCache\elan\toolchains\leanprover--lean4---v4.31.0\lib\lean\Init\Guard.olean
f:\DevCache\elan\toolchains\leanprover--lean4---v4.31.0\lib\lean\Init\Hints.olean
f:\DevCache\elan\toolchains\leanprover--lean4---v4.31.0\lib\lean\Init\Internal.olean
f:\DevCache\elan\toolchains\leanprover--lean4---v4.31.0\lib\lean\Init\LawfulBEqTactics.olean
f:\DevCache\elan\toolchains\leanprover--lean4---v4.31.0\lib\lean\Init\Linter.olean
f:\DevCache\elan\toolchains\leanprover--lean4---v4.31.0\lib\lean\Init\MacroTrace.olean
f:\DevCache\elan\toolchains\leanprover--lean4---v4.31.0\lib\lean\Init\Meta.olean
f:\DevCache\elan\toolchains\leanprover--lean4---v4.31.0\lib\lean\Init\MetaTypes.olean
f:\DevCache\elan\toolchains\leanprover--lean4---v4.31.0\lib\lean\Init\MethodSpecsSimp.olean
f:\DevCache\elan\toolchains\leanprover--lean4---v4.31.0\lib\lean\Init\Notation.olean
f:\DevCache\elan\toolchains\leanprover--lean4---v4.31.0\lib\lean\Init\NotationExtra.olean
f:\DevCache\elan\toolchains\leanprover--lean4---v4.31.0\lib\lean\Init\Omega.olean
f:\DevCache\elan\toolchains\leanprover--lean4---v4.31.0\lib\lean\Init\Prelude.olean
f:\DevCache\elan\toolchains\leanprover--lean4---v4.31.0\lib\lean\Init\PropLemmas.olean
f:\DevCache\elan\toolchains\leanprover--lean4---v4.31.0\lib\lean\Init\RCases.olean
f:\DevCache\elan\toolchains\leanprover--lean4---v4.31.0\lib\lean\Init\ShareCommon.olean
f:\DevCache\elan\toolchains\leanprover--lean4---v4.31.0\lib\lean\Init\SimpLemmas.olean
f:\DevCache\elan\toolchains\leanprover--lean4---v4.31.0\lib\lean\Init\Simproc.olean
f:\DevCache\elan\toolchains\leanprover--lean4---v4.31.0\lib\lean\Init\SizeOf.olean
f:\DevCache\elan\toolchains\leanprover--lean4---v4.31.0\lib\lean\Init\SizeOfLemmas.olean
f:\DevCache\elan\toolchains\leanprover--lean4---v4.31.0\lib\lean\Init\Sym.olean
f:\DevCache\elan\toolchains\leanprover--lean4---v4.31.0\lib\lean\Init\Syntax.olean
f:\DevCache\elan\toolchains\leanprover--lean4---v4.31.0\lib\lean\Init\System.olean
f:\DevCache\elan\toolchains\leanprover--lean4---v4.31.0\lib\lean\Init\Tactics.olean
f:\DevCache\elan\toolchains\leanprover--lean4---v4.31.0\lib\lean\Init\TacticsExtra.olean
f:\DevCache\elan\toolchains\leanprover--lean4---v4.31.0\lib\lean\Init\Task.olean
f:\DevCache\elan\toolchains\leanprover--lean4---v4.31.0\lib\lean\Init\Try.olean
f:\DevCache\elan\toolchains\leanprover--lean4---v4.31.0\lib\lean\Init\Util.olean
f:\DevCache\elan\toolchains\leanprover--lean4---v4.31.0\lib\lean\Init\WF.olean
f:\DevCache\elan\toolchains\leanprover--lean4---v4.31.0\lib\lean\Init\WFComputable.olean
f:\DevCache\elan\toolchains\leanprover--lean4---v4.31.0\lib\lean\Init\WFExtrinsicFix.olean
f:\DevCache\elan\toolchains\leanprover--lean4---v4.31.0\lib\lean\Init\WFTactics.olean
f:\DevCache\elan\toolchains\leanprover--lean4---v4.31.0\lib\lean\Init\While.olean
f:\DevCache\elan\toolchains\leanprover--lean4---v4.31.0\lib\lean\Lean\AddDecl.olean
f:\DevCache\elan\toolchains\leanprover--lean4---v4.31.0\lib\lean\Lean\Attributes.olean
f:\DevCache\elan\toolchains\leanprover--lean4---v4.31.0\lib\lean\Lean\AuxRecursor.olean
f:\DevCache\elan\toolchains\leanprover--lean4---v4.31.0\lib\lean\Lean\BuiltinDocAttr.olean
f:\DevCache\elan\toolchains\leanprover--lean4---v4.31.0\lib\lean\Lean\Class.olean
f:\DevCache\elan\toolchains\leanprover--lean4---v4.31.0\lib\lean\Lean\CompactedRegion.olean
f:\DevCache\elan\toolchains\leanprover--lean4---v4.31.0\lib\lean\Lean\Compiler.olean
f:\DevCache\elan\toolchains\leanprover--lean4---v4.31.0\lib\lean\Lean\CoreM.olean
f:\DevCache\elan\toolchains\leanprover--lean4---v4.31.0\lib\lean\Lean\Data.olean
f:\DevCache\elan\toolchains\leanprover--lean4---v4.31.0\lib\lean\Lean\Declaration.olean
f:\DevCache\elan\toolchains\leanprover--lean4---v4.31.0\lib\lean\Lean\DeclarationRange.olean
f:\DevCache\elan\toolchains\leanprover--lean4---v4.31.0\lib\lean\Lean\DefEqAttrib.olean
f:\DevCache\elan\toolchains\leanprover--lean4---v4.31.0\lib\lean\Lean\DeprecatedModule.olean
f:\DevCache\elan\toolchains\leanprover--lean4---v4.31.0\lib\lean\Lean\DocString.olean
f:\DevCache\elan\toolchains\leanprover--lean4---v4.31.0\lib\lean\Lean\Elab.olean
f:\DevCache\elan\toolchains\leanprover--lean4---v4.31.0\lib\lean\Lean\EnvExtension.olean
f:\DevCache\elan\toolchains\leanprover--lean4---v4.31.0\lib\lean\Lean\Environment.olean
f:\DevCache\elan\toolchains\leanprover--lean4---v4.31.0\lib\lean\Lean\ErrorExplanation.olean
f:\DevCache\elan\toolchains\leanprover--lean4---v4.31.0\lib\lean\Lean\Exception.olean
f:\DevCache\elan\toolchains\leanprover--lean4---v4.31.0\lib\lean\Lean\Expr.olean
f:\DevCache\elan\toolchains\leanprover--lean4---v4.31.0\lib\lean\Lean\ExtraModUses.olean
f:\DevCache\elan\toolchains\leanprover--lean4---v4.31.0\lib\lean\Lean\HeadIndex.olean
f:\DevCache\elan\toolchains\leanprover--lean4---v4.31.0\lib\lean\Lean\Hygiene.olean
f:\DevCache\elan\toolchains\leanprover--lean4---v4.31.0\lib\lean\Lean\IdentifierSuggestion.olean
f:\DevCache\elan\toolchains\leanprover--lean4---v4.31.0\lib\lean\Lean\ImportingFlag.olean
f:\DevCache\elan\toolchains\leanprover--lean4---v4.31.0\lib\lean\Lean\InternalExceptionId.olean
f:\DevCache\elan\toolchains\leanprover--lean4---v4.31.0\lib\lean\Lean\KeyedDeclsAttribute.olean
f:\DevCache\elan\toolchains\leanprover--lean4---v4.31.0\lib\lean\Lean\LabelAttribute.olean
f:\DevCache\elan\toolchains\leanprover--lean4---v4.31.0\lib\lean\Lean\Level.olean
f:\DevCache\elan\toolchains\leanprover--lean4---v4.31.0\lib\lean\Lean\LibrarySuggestions.olean
f:\DevCache\elan\toolchains\leanprover--lean4---v4.31.0\lib\lean\Lean\Linter.olean
f:\DevCache\elan\toolchains\leanprover--lean4---v4.31.0\lib\lean\Lean\LoadDynlib.olean
f:\DevCache\elan\toolchains\leanprover--lean4---v4.31.0\lib\lean\Lean\LocalContext.olean
f:\DevCache\elan\toolchains\leanprover--lean4---v4.31.0\lib\lean\Lean\Log.olean
f:\DevCache\elan\toolchains\leanprover--lean4---v4.31.0\lib\lean\Lean\Message.olean
f:\DevCache\elan\toolchains\leanprover--lean4---v4.31.0\lib\lean\Lean\Meta.olean
f:\DevCache\elan\toolchains\leanprover--lean4---v4.31.0\lib\lean\Lean\MetavarContext.olean
f:\DevCache\elan\toolchains\leanprover--lean4---v4.31.0\lib\lean\Lean\Modifiers.olean
f:\DevCache\elan\toolchains\leanprover--lean4---v4.31.0\lib\lean\Lean\MonadEnv.olean
f:\DevCache\elan\toolchains\leanprover--lean4---v4.31.0\lib\lean\Lean\Namespace.olean
f:\DevCache\elan\toolchains\leanprover--lean4---v4.31.0\lib\lean\Lean\OriginalConstKind.olean
f:\DevCache\elan\toolchains\leanprover--lean4---v4.31.0\lib\lean\Lean\Parser.olean
f:\DevCache\elan\toolchains\leanprover--lean4---v4.31.0\lib\lean\Lean\ParserCompiler.olean
f:\DevCache\elan\toolchains\leanprover--lean4---v4.31.0\lib\lean\Lean\PrettyPrinter.olean
f:\DevCache\elan\toolchains\leanprover--lean4---v4.31.0\lib\lean\Lean\PrivateName.olean
f:\DevCache\elan\toolchains\leanprover--lean4---v4.31.0\lib\lean\Lean\ProjFns.olean
f:\DevCache\elan\toolchains\leanprover--lean4---v4.31.0\lib\lean\Lean\ReducibilityAttrs.olean
f:\DevCache\elan\toolchains\leanprover--lean4---v4.31.0\lib\lean\Lean\Replay.olean
f:\DevCache\elan\toolchains\leanprover--lean4---v4.31.0\lib\lean\Lean\ReservedNameAction.olean
f:\DevCache\elan\toolchains\leanprover--lean4---v4.31.0\lib\lean\Lean\ResolveName.olean
f:\DevCache\elan\toolchains\leanprover--lean4---v4.31.0\lib\lean\Lean\Runtime.olean
f:\DevCache\elan\toolchains\leanprover--lean4---v4.31.0\lib\lean\Lean\ScopedEnvExtension.olean
f:\DevCache\elan\toolchains\leanprover--lean4---v4.31.0\lib\lean\Lean\Server.olean
f:\DevCache\elan\toolchains\leanprover--lean4---v4.31.0\lib\lean\Lean\Setup.olean
f:\DevCache\elan\toolchains\leanprover--lean4---v4.31.0\lib\lean\Lean\Shell.olean
f:\DevCache\elan\toolchains\leanprover--lean4---v4.31.0\lib\lean\Lean\Structure.olean
f:\DevCache\elan\toolchains\leanprover--lean4---v4.31.0\lib\lean\Lean\SubExpr.olean
f:\DevCache\elan\toolchains\leanprover--lean4---v4.31.0\lib\lean\Lean\Syntax.olean
f:\DevCache\elan\toolchains\leanprover--lean4---v4.31.0\lib\lean\Lean\ToExpr.olean
f:\DevCache\elan\toolchains\leanprover--lean4---v4.31.0\lib\lean\Lean\ToLevel.olean
f:\DevCache\elan\toolchains\leanprover--lean4---v4.31.0\lib\lean\Lean\Util.olean
f:\DevCache\elan\toolchains\leanprover--lean4---v4.31.0\lib\lean\Lean\Widget.olean
F:\LaTeX\BVE research\lean-proof\.lake\packages\LeanSearchClient\.lake\build\lib\lean\LeanSearchClient\Basic.olean
F:\LaTeX\BVE research\lean-proof\.lake\packages\LeanSearchClient\.lake\build\lib\lean\LeanSearchClient\LoogleSyntax.olean
F:\LaTeX\BVE research\lean-proof\.lake\packages\LeanSearchClient\.lake\build\lib\lean\LeanSearchClient\Syntax.olean
F:\LaTeX\BVE research\lean-proof\.lake\packages\mathlib\.lake\build\lib\lean\Mathlib\Init.olean
F:\LaTeX\BVE research\lean-proof\.lake\packages\plausible\.lake\build\lib\lean\Plausible\Arbitrary.olean
F:\LaTeX\BVE research\lean-proof\.lake\packages\plausible\.lake\build\lib\lean\Plausible\ArbitraryFueled.olean
F:\LaTeX\BVE research\lean-proof\.lake\packages\plausible\.lake\build\lib\lean\Plausible\Attr.olean
F:\LaTeX\BVE research\lean-proof\.lake\packages\plausible\.lake\build\lib\lean\Plausible\DeriveArbitrary.olean
F:\LaTeX\BVE research\lean-proof\.lake\packages\plausible\.lake\build\lib\lean\Plausible\DeriveShrinkable.olean
F:\LaTeX\BVE research\lean-proof\.lake\packages\plausible\.lake\build\lib\lean\Plausible\Functions.olean
F:\LaTeX\BVE research\lean-proof\.lake\packages\plausible\.lake\build\lib\lean\Plausible\Gen.olean
F:\LaTeX\BVE research\lean-proof\.lake\packages\plausible\.lake\build\lib\lean\Plausible\Random.olean
F:\LaTeX\BVE research\lean-proof\.lake\packages\plausible\.lake\build\lib\lean\Plausible\Sampleable.olean
F:\LaTeX\BVE research\lean-proof\.lake\packages\plausible\.lake\build\lib\lean\Plausible\Shrinkable.olean
F:\LaTeX\BVE research\lean-proof\.lake\packages\plausible\.lake\build\lib\lean\Plausible\Tactic.olean
F:\LaTeX\BVE research\lean-proof\.lake\packages\plausible\.lake\build\lib\lean\Plausible\Testable.olean
F:\LaTeX\BVE research\lean-proof\.lake\packages\proofwidgets\.lake\build\lib\lean\ProofWidgets\Cancellable.olean
F:\LaTeX\BVE research\lean-proof\.lake\packages\proofwidgets\.lake\build\lib\lean\ProofWidgets\Compat.olean
F:\LaTeX\BVE research\lean-proof\.lake\packages\proofwidgets\.lake\build\lib\lean\ProofWidgets\Util.olean
F:\LaTeX\BVE research\lean-proof\.lake\packages\Qq\.lake\build\lib\lean\Qq\AssertInstancesCommute.olean
F:\LaTeX\BVE research\lean-proof\.lake\packages\Qq\.lake\build\lib\lean\Qq\Commands.olean
F:\LaTeX\BVE research\lean-proof\.lake\packages\Qq\.lake\build\lib\lean\Qq\Delab.olean
F:\LaTeX\BVE research\lean-proof\.lake\packages\Qq\.lake\build\lib\lean\Qq\Macro.olean
F:\LaTeX\BVE research\lean-proof\.lake\packages\Qq\.lake\build\lib\lean\Qq\Match.olean
F:\LaTeX\BVE research\lean-proof\.lake\packages\Qq\.lake\build\lib\lean\Qq\MatchImpl.olean
F:\LaTeX\BVE research\lean-proof\.lake\packages\Qq\.lake\build\lib\lean\Qq\MetaM.olean
F:\LaTeX\BVE research\lean-proof\.lake\packages\Qq\.lake\build\lib\lean\Qq\Simp.olean
F:\LaTeX\BVE research\lean-proof\.lake\packages\Qq\.lake\build\lib\lean\Qq\SortLocalDecls.olean
F:\LaTeX\BVE research\lean-proof\.lake\packages\Qq\.lake\build\lib\lean\Qq\Typ.olean
F:\tools\math-audit-round6-20260921\independent-execution\replay\positive\lean-verification-runs\9f81447f8d0a4fb8bbfb0bcf4da92a5b\lib\SL\AuditRound5.olean
F:\tools\math-audit-round6-20260921\independent-execution\replay\positive\lean-verification-runs\9f81447f8d0a4fb8bbfb0bcf4da92a5b\lib\SL\AuditRound6.olean
f:\DevCache\elan\toolchains\leanprover--lean4---v4.31.0\lib\lean\Std\Async.olean
f:\DevCache\elan\toolchains\leanprover--lean4---v4.31.0\lib\lean\Std\Data.olean
f:\DevCache\elan\toolchains\leanprover--lean4---v4.31.0\lib\lean\Std\Do.olean
f:\DevCache\elan\toolchains\leanprover--lean4---v4.31.0\lib\lean\Std\Http.olean
f:\DevCache\elan\toolchains\leanprover--lean4---v4.31.0\lib\lean\Std\Internal.olean
f:\DevCache\elan\toolchains\leanprover--lean4---v4.31.0\lib\lean\Std\Net.olean
f:\DevCache\elan\toolchains\leanprover--lean4---v4.31.0\lib\lean\Std\Sat.olean
f:\DevCache\elan\toolchains\leanprover--lean4---v4.31.0\lib\lean\Std\Sync.olean
f:\DevCache\elan\toolchains\leanprover--lean4---v4.31.0\lib\lean\Std\Tactic.olean
f:\DevCache\elan\toolchains\leanprover--lean4---v4.31.0\lib\lean\Std\Time.olean
F:\LaTeX\BVE research\lean-proof\.lake\packages\aesop\.lake\build\lib\lean\Aesop\Builder\Apply.olean
F:\LaTeX\BVE research\lean-proof\.lake\packages\aesop\.lake\build\lib\lean\Aesop\Builder\Basic.olean
F:\LaTeX\BVE research\lean-proof\.lake\packages\aesop\.lake\build\lib\lean\Aesop\Builder\Cases.olean
F:\LaTeX\BVE research\lean-proof\.lake\packages\aesop\.lake\build\lib\lean\Aesop\Builder\Constructors.olean
F:\LaTeX\BVE research\lean-proof\.lake\packages\aesop\.lake\build\lib\lean\Aesop\Builder\Default.olean
F:\LaTeX\BVE research\lean-proof\.lake\packages\aesop\.lake\build\lib\lean\Aesop\Builder\Forward.olean
F:\LaTeX\BVE research\lean-proof\.lake\packages\aesop\.lake\build\lib\lean\Aesop\Builder\NormSimp.olean
F:\LaTeX\BVE research\lean-proof\.lake\packages\aesop\.lake\build\lib\lean\Aesop\Builder\Tactic.olean
F:\LaTeX\BVE research\lean-proof\.lake\packages\aesop\.lake\build\lib\lean\Aesop\Builder\Unfold.olean
F:\LaTeX\BVE research\lean-proof\.lake\packages\aesop\.lake\build\lib\lean\Aesop\BuiltinRules\ApplyHyps.olean
F:\LaTeX\BVE research\lean-proof\.lake\packages\aesop\.lake\build\lib\lean\Aesop\BuiltinRules\Assumption.olean
F:\LaTeX\BVE research\lean-proof\.lake\packages\aesop\.lake\build\lib\lean\Aesop\BuiltinRules\DestructProducts.olean
F:\LaTeX\BVE research\lean-proof\.lake\packages\aesop\.lake\build\lib\lean\Aesop\BuiltinRules\Ext.olean
F:\LaTeX\BVE research\lean-proof\.lake\packages\aesop\.lake\build\lib\lean\Aesop\BuiltinRules\Intros.olean
F:\LaTeX\BVE research\lean-proof\.lake\packages\aesop\.lake\build\lib\lean\Aesop\BuiltinRules\Rfl.olean
F:\LaTeX\BVE research\lean-proof\.lake\packages\aesop\.lake\build\lib\lean\Aesop\BuiltinRules\Split.olean
F:\LaTeX\BVE research\lean-proof\.lake\packages\aesop\.lake\build\lib\lean\Aesop\BuiltinRules\Subst.olean
F:\LaTeX\BVE research\lean-proof\.lake\packages\aesop\.lake\build\lib\lean\Aesop\Forward\LevelIndex.olean
F:\LaTeX\BVE research\lean-proof\.lake\packages\aesop\.lake\build\lib\lean\Aesop\Forward\Match.olean
F:\LaTeX\BVE research\lean-proof\.lake\packages\aesop\.lake\build\lib\lean\Aesop\Forward\PremiseIndex.olean
F:\LaTeX\BVE research\lean-proof\.lake\packages\aesop\.lake\build\lib\lean\Aesop\Forward\RuleInfo.olean
F:\LaTeX\BVE research\lean-proof\.lake\packages\aesop\.lake\build\lib\lean\Aesop\Forward\SlotIndex.olean
F:\LaTeX\BVE research\lean-proof\.lake\packages\aesop\.lake\build\lib\lean\Aesop\Forward\State.olean
F:\LaTeX\BVE research\lean-proof\.lake\packages\aesop\.lake\build\lib\lean\Aesop\Forward\Substitution.olean
F:\LaTeX\BVE research\lean-proof\.lake\packages\aesop\.lake\build\lib\lean\Aesop\Frontend\Attribute.olean
F:\LaTeX\BVE research\lean-proof\.lake\packages\aesop\.lake\build\lib\lean\Aesop\Frontend\Basic.olean
F:\LaTeX\BVE research\lean-proof\.lake\packages\aesop\.lake\build\lib\lean\Aesop\Frontend\Command.olean
F:\LaTeX\BVE research\lean-proof\.lake\packages\aesop\.lake\build\lib\lean\Aesop\Frontend\Extension.olean
F:\LaTeX\BVE research\lean-proof\.lake\packages\aesop\.lake\build\lib\lean\Aesop\Frontend\RuleExpr.olean
F:\LaTeX\BVE research\lean-proof\.lake\packages\aesop\.lake\build\lib\lean\Aesop\Frontend\Saturate.olean
F:\LaTeX\BVE research\lean-proof\.lake\packages\aesop\.lake\build\lib\lean\Aesop\Frontend\Tactic.olean
F:\LaTeX\BVE research\lean-proof\.lake\packages\aesop\.lake\build\lib\lean\Aesop\Index\Basic.olean
F:\LaTeX\BVE research\lean-proof\.lake\packages\aesop\.lake\build\lib\lean\Aesop\Index\DiscrTreeConfig.olean
F:\LaTeX\BVE research\lean-proof\.lake\packages\aesop\.lake\build\lib\lean\Aesop\Index\Forward.olean
F:\LaTeX\BVE research\lean-proof\.lake\packages\aesop\.lake\build\lib\lean\Aesop\Index\RulePattern.olean
F:\LaTeX\BVE research\lean-proof\.lake\packages\aesop\.lake\build\lib\lean\Aesop\Options\Internal.olean
F:\LaTeX\BVE research\lean-proof\.lake\packages\aesop\.lake\build\lib\lean\Aesop\Options\Public.olean
F:\LaTeX\BVE research\lean-proof\.lake\packages\aesop\.lake\build\lib\lean\Aesop\Rule\Basic.olean
F:\LaTeX\BVE research\lean-proof\.lake\packages\aesop\.lake\build\lib\lean\Aesop\Rule\Forward.olean
F:\LaTeX\BVE research\lean-proof\.lake\packages\aesop\.lake\build\lib\lean\Aesop\Rule\Name.olean
F:\LaTeX\BVE research\lean-proof\.lake\packages\aesop\.lake\build\lib\lean\Aesop\RulePattern\Cache.olean
F:\LaTeX\BVE research\lean-proof\.lake\packages\aesop\.lake\build\lib\lean\Aesop\RuleSet\Filter.olean
F:\LaTeX\BVE research\lean-proof\.lake\packages\aesop\.lake\build\lib\lean\Aesop\RuleSet\Member.olean
F:\LaTeX\BVE research\lean-proof\.lake\packages\aesop\.lake\build\lib\lean\Aesop\RuleSet\Name.olean
F:\LaTeX\BVE research\lean-proof\.lake\packages\aesop\.lake\build\lib\lean\Aesop\RuleTac\Apply.olean
F:\LaTeX\BVE research\lean-proof\.lake\packages\aesop\.lake\build\lib\lean\Aesop\RuleTac\Basic.olean
F:\LaTeX\BVE research\lean-proof\.lake\packages\aesop\.lake\build\lib\lean\Aesop\RuleTac\Cases.olean
F:\LaTeX\BVE research\lean-proof\.lake\packages\aesop\.lake\build\lib\lean\Aesop\RuleTac\Descr.olean
F:\LaTeX\BVE research\lean-proof\.lake\packages\aesop\.lake\build\lib\lean\Aesop\RuleTac\ElabRuleTerm.olean
F:\LaTeX\BVE research\lean-proof\.lake\packages\aesop\.lake\build\lib\lean\Aesop\RuleTac\Forward.olean
F:\LaTeX\BVE research\lean-proof\.lake\packages\aesop\.lake\build\lib\lean\Aesop\RuleTac\GoalDiff.olean
F:\LaTeX\BVE research\lean-proof\.lake\packages\aesop\.lake\build\lib\lean\Aesop\RuleTac\Preprocess.olean
F:\LaTeX\BVE research\lean-proof\.lake\packages\aesop\.lake\build\lib\lean\Aesop\RuleTac\RuleTerm.olean
F:\LaTeX\BVE research\lean-proof\.lake\packages\aesop\.lake\build\lib\lean\Aesop\RuleTac\Tactic.olean
F:\LaTeX\BVE research\lean-proof\.lake\packages\aesop\.lake\build\lib\lean\Aesop\Script\Check.olean
F:\LaTeX\BVE research\lean-proof\.lake\packages\aesop\.lake\build\lib\lean\Aesop\Script\CtorNames.olean
F:\LaTeX\BVE research\lean-proof\.lake\packages\aesop\.lake\build\lib\lean\Aesop\Script\GoalWithMVars.olean
F:\LaTeX\BVE research\lean-proof\.lake\packages\aesop\.lake\build\lib\lean\Aesop\Script\Main.olean
F:\LaTeX\BVE research\lean-proof\.lake\packages\aesop\.lake\build\lib\lean\Aesop\Script\OptimizeSyntax.olean
F:\LaTeX\BVE research\lean-proof\.lake\packages\aesop\.lake\build\lib\lean\Aesop\Script\SScript.olean
F:\LaTeX\BVE research\lean-proof\.lake\packages\aesop\.lake\build\lib\lean\Aesop\Script\ScriptM.olean
F:\LaTeX\BVE research\lean-proof\.lake\packages\aesop\.lake\build\lib\lean\Aesop\Script\SpecificTactics.olean
F:\LaTeX\BVE research\lean-proof\.lake\packages\aesop\.lake\build\lib\lean\Aesop\Script\Step.olean
F:\LaTeX\BVE research\lean-proof\.lake\packages\aesop\.lake\build\lib\lean\Aesop\Script\StructureDynamic.olean
F:\LaTeX\BVE research\lean-proof\.lake\packages\aesop\.lake\build\lib\lean\Aesop\Script\StructureStatic.olean
F:\LaTeX\BVE research\lean-proof\.lake\packages\aesop\.lake\build\lib\lean\Aesop\Script\Tactic.olean
F:\LaTeX\BVE research\lean-proof\.lake\packages\aesop\.lake\build\lib\lean\Aesop\Script\TacticState.olean
F:\LaTeX\BVE research\lean-proof\.lake\packages\aesop\.lake\build\lib\lean\Aesop\Script\UScript.olean
F:\LaTeX\BVE research\lean-proof\.lake\packages\aesop\.lake\build\lib\lean\Aesop\Script\UScriptToSScript.olean
F:\LaTeX\BVE research\lean-proof\.lake\packages\aesop\.lake\build\lib\lean\Aesop\Script\Util.olean
F:\LaTeX\BVE research\lean-proof\.lake\packages\aesop\.lake\build\lib\lean\Aesop\Search\ExpandSafePrefix.olean
F:\LaTeX\BVE research\lean-proof\.lake\packages\aesop\.lake\build\lib\lean\Aesop\Search\Expansion.olean
F:\LaTeX\BVE research\lean-proof\.lake\packages\aesop\.lake\build\lib\lean\Aesop\Search\Main.olean
F:\LaTeX\BVE research\lean-proof\.lake\packages\aesop\.lake\build\lib\lean\Aesop\Search\Queue.olean
F:\LaTeX\BVE research\lean-proof\.lake\packages\aesop\.lake\build\lib\lean\Aesop\Search\RuleSelection.olean
F:\LaTeX\BVE research\lean-proof\.lake\packages\aesop\.lake\build\lib\lean\Aesop\Search\SearchM.olean
F:\LaTeX\BVE research\lean-proof\.lake\packages\aesop\.lake\build\lib\lean\Aesop\Stats\Basic.olean
F:\LaTeX\BVE research\lean-proof\.lake\packages\aesop\.lake\build\lib\lean\Aesop\Stats\Extension.olean
F:\LaTeX\BVE research\lean-proof\.lake\packages\aesop\.lake\build\lib\lean\Aesop\Stats\File.olean
F:\LaTeX\BVE research\lean-proof\.lake\packages\aesop\.lake\build\lib\lean\Aesop\Stats\Report.olean
F:\LaTeX\BVE research\lean-proof\.lake\packages\aesop\.lake\build\lib\lean\Aesop\Tree\AddRapp.olean
F:\LaTeX\BVE research\lean-proof\.lake\packages\aesop\.lake\build\lib\lean\Aesop\Tree\Check.olean
F:\LaTeX\BVE research\lean-proof\.lake\packages\aesop\.lake\build\lib\lean\Aesop\Tree\Data.olean
F:\LaTeX\BVE research\lean-proof\.lake\packages\aesop\.lake\build\lib\lean\Aesop\Tree\ExtractProof.olean
F:\LaTeX\BVE research\lean-proof\.lake\packages\aesop\.lake\build\lib\lean\Aesop\Tree\ExtractScript.olean
F:\LaTeX\BVE research\lean-proof\.lake\packages\aesop\.lake\build\lib\lean\Aesop\Tree\Free.olean
F:\LaTeX\BVE research\lean-proof\.lake\packages\aesop\.lake\build\lib\lean\Aesop\Tree\RunMetaM.olean
F:\LaTeX\BVE research\lean-proof\.lake\packages\aesop\.lake\build\lib\lean\Aesop\Tree\State.olean
F:\LaTeX\BVE research\lean-proof\.lake\packages\aesop\.lake\build\lib\lean\Aesop\Tree\Stats.olean
F:\LaTeX\BVE research\lean-proof\.lake\packages\aesop\.lake\build\lib\lean\Aesop\Tree\Tracing.olean
F:\LaTeX\BVE research\lean-proof\.lake\packages\aesop\.lake\build\lib\lean\Aesop\Tree\Traversal.olean
F:\LaTeX\BVE research\lean-proof\.lake\packages\aesop\.lake\build\lib\lean\Aesop\Tree\TreeM.olean
F:\LaTeX\BVE research\lean-proof\.lake\packages\aesop\.lake\build\lib\lean\Aesop\Tree\UnsafeQueue.olean
F:\LaTeX\BVE research\lean-proof\.lake\packages\aesop\.lake\build\lib\lean\Aesop\Util\Basic.olean
F:\LaTeX\BVE research\lean-proof\.lake\packages\aesop\.lake\build\lib\lean\Aesop\Util\EqualUpToIds.olean
F:\LaTeX\BVE research\lean-proof\.lake\packages\aesop\.lake\build\lib\lean\Aesop\Util\OrderedHashSet.olean
F:\LaTeX\BVE research\lean-proof\.lake\packages\aesop\.lake\build\lib\lean\Aesop\Util\Tactic.olean
F:\LaTeX\BVE research\lean-proof\.lake\packages\aesop\.lake\build\lib\lean\Aesop\Util\Unfold.olean
F:\LaTeX\BVE research\lean-proof\.lake\packages\aesop\.lake\build\lib\lean\Aesop\Util\UnionFind.olean
F:\LaTeX\BVE research\lean-proof\.lake\packages\aesop\.lake\build\lib\lean\Aesop\Util\UnorderedArraySet.olean
F:\LaTeX\BVE research\lean-proof\.lake\packages\batteries\.lake\build\lib\lean\Batteries\Classes\Order.olean
F:\LaTeX\BVE research\lean-proof\.lake\packages\batteries\.lake\build\lib\lean\Batteries\Classes\RatCast.olean
F:\LaTeX\BVE research\lean-proof\.lake\packages\batteries\.lake\build\lib\lean\Batteries\CodeAction\Attr.olean
F:\LaTeX\BVE research\lean-proof\.lake\packages\batteries\.lake\build\lib\lean\Batteries\CodeAction\Basic.olean
F:\LaTeX\BVE research\lean-proof\.lake\packages\batteries\.lake\build\lib\lean\Batteries\CodeAction\Deprecated.olean
F:\LaTeX\BVE research\lean-proof\.lake\packages\batteries\.lake\build\lib\lean\Batteries\CodeAction\Match.olean
F:\LaTeX\BVE research\lean-proof\.lake\packages\batteries\.lake\build\lib\lean\Batteries\CodeAction\Misc.olean
F:\LaTeX\BVE research\lean-proof\.lake\packages\batteries\.lake\build\lib\lean\Batteries\Control\AlternativeMonad.olean
F:\LaTeX\BVE research\lean-proof\.lake\packages\batteries\.lake\build\lib\lean\Batteries\Control\LawfulMonadState.olean
F:\LaTeX\BVE research\lean-proof\.lake\packages\batteries\.lake\build\lib\lean\Batteries\Control\Lemmas.olean
F:\LaTeX\BVE research\lean-proof\.lake\packages\batteries\.lake\build\lib\lean\Batteries\Control\OptionT.olean
F:\LaTeX\BVE research\lean-proof\.lake\packages\batteries\.lake\build\lib\lean\Batteries\Data\UInt.olean
F:\LaTeX\BVE research\lean-proof\.lake\packages\batteries\.lake\build\lib\lean\Batteries\Lean\AttributeExtra.olean
F:\LaTeX\BVE research\lean-proof\.lake\packages\batteries\.lake\build\lib\lean\Batteries\Lean\Except.olean
F:\LaTeX\BVE research\lean-proof\.lake\packages\batteries\.lake\build\lib\lean\Batteries\Lean\Expr.olean
F:\LaTeX\BVE research\lean-proof\.lake\packages\batteries\.lake\build\lib\lean\Batteries\Lean\HashSet.olean
F:\LaTeX\BVE research\lean-proof\.lake\packages\batteries\.lake\build\lib\lean\Batteries\Lean\MonadBacktrack.olean
F:\LaTeX\BVE research\lean-proof\.lake\packages\batteries\.lake\build\lib\lean\Batteries\Lean\NameMapAttribute.olean
F:\LaTeX\BVE research\lean-proof\.lake\packages\batteries\.lake\build\lib\lean\Batteries\Lean\PersistentHashMap.olean
F:\LaTeX\BVE research\lean-proof\.lake\packages\batteries\.lake\build\lib\lean\Batteries\Lean\PersistentHashSet.olean
F:\LaTeX\BVE research\lean-proof\.lake\packages\batteries\.lake\build\lib\lean\Batteries\Lean\Position.olean
F:\LaTeX\BVE research\lean-proof\.lake\packages\batteries\.lake\build\lib\lean\Batteries\Lean\Syntax.olean
F:\LaTeX\BVE research\lean-proof\.lake\packages\batteries\.lake\build\lib\lean\Batteries\Lean\TagAttribute.olean
F:\LaTeX\BVE research\lean-proof\.lake\packages\batteries\.lake\build\lib\lean\Batteries\Linter\UnnecessarySeqFocus.olean
F:\LaTeX\BVE research\lean-proof\.lake\packages\batteries\.lake\build\lib\lean\Batteries\Linter\UnreachableTactic.olean
F:\LaTeX\BVE research\lean-proof\.lake\packages\batteries\.lake\build\lib\lean\Batteries\Tactic\Alias.olean
F:\LaTeX\BVE research\lean-proof\.lake\packages\batteries\.lake\build\lib\lean\Batteries\Tactic\Basic.olean
F:\LaTeX\BVE research\lean-proof\.lake\packages\batteries\.lake\build\lib\lean\Batteries\Tactic\Case.olean
F:\LaTeX\BVE research\lean-proof\.lake\packages\batteries\.lake\build\lib\lean\Batteries\Tactic\Congr.olean
F:\LaTeX\BVE research\lean-proof\.lake\packages\batteries\.lake\build\lib\lean\Batteries\Tactic\Exact.olean
F:\LaTeX\BVE research\lean-proof\.lake\packages\batteries\.lake\build\lib\lean\Batteries\Tactic\GeneralizeProofs.olean
F:\LaTeX\BVE research\lean-proof\.lake\packages\batteries\.lake\build\lib\lean\Batteries\Tactic\HelpCmd.olean
F:\LaTeX\BVE research\lean-proof\.lake\packages\batteries\.lake\build\lib\lean\Batteries\Tactic\Init.olean
F:\LaTeX\BVE research\lean-proof\.lake\packages\batteries\.lake\build\lib\lean\Batteries\Tactic\Lint.olean
F:\LaTeX\BVE research\lean-proof\.lake\packages\batteries\.lake\build\lib\lean\Batteries\Tactic\OpenPrivate.olean
F:\LaTeX\BVE research\lean-proof\.lake\packages\batteries\.lake\build\lib\lean\Batteries\Tactic\PermuteGoals.olean
F:\LaTeX\BVE research\lean-proof\.lake\packages\batteries\.lake\build\lib\lean\Batteries\Tactic\SeqFocus.olean
F:\LaTeX\BVE research\lean-proof\.lake\packages\batteries\.lake\build\lib\lean\Batteries\Tactic\Trans.olean
F:\LaTeX\BVE research\lean-proof\.lake\packages\batteries\.lake\build\lib\lean\Batteries\Tactic\Unreachable.olean
F:\LaTeX\BVE research\lean-proof\.lake\packages\batteries\.lake\build\lib\lean\Batteries\Util\Cache.olean
F:\LaTeX\BVE research\lean-proof\.lake\packages\batteries\.lake\build\lib\lean\Batteries\Util\ExtendedBinder.olean
F:\LaTeX\BVE research\lean-proof\.lake\packages\batteries\.lake\build\lib\lean\Batteries\Util\LibraryNote.olean
F:\LaTeX\BVE research\lean-proof\.lake\packages\batteries\.lake\build\lib\lean\Batteries\Util\ProofWanted.olean
F:\LaTeX\BVE research\lean-proof\.lake\packages\importGraph\.lake\build\lib\lean\ImportGraph\Graph\TransitiveClosure.olean
F:\LaTeX\BVE research\lean-proof\.lake\packages\importGraph\.lake\build\lib\lean\ImportGraph\Imports\ImportGraph.olean
F:\LaTeX\BVE research\lean-proof\.lake\packages\importGraph\.lake\build\lib\lean\ImportGraph\Imports\Redundant.olean
F:\LaTeX\BVE research\lean-proof\.lake\packages\importGraph\.lake\build\lib\lean\ImportGraph\Imports\RequiredModules.olean
F:\LaTeX\BVE research\lean-proof\.lake\packages\importGraph\.lake\build\lib\lean\ImportGraph\Lean\Environment.olean
F:\LaTeX\BVE research\lean-proof\.lake\packages\importGraph\.lake\build\lib\lean\ImportGraph\Tools\FindHome.olean
F:\LaTeX\BVE research\lean-proof\.lake\packages\importGraph\.lake\build\lib\lean\ImportGraph\Tools\ImportDiff.olean
F:\LaTeX\BVE research\lean-proof\.lake\packages\importGraph\.lake\build\lib\lean\ImportGraph\Tools\MinImports.olean
F:\LaTeX\BVE research\lean-proof\.lake\packages\importGraph\.lake\build\lib\lean\ImportGraph\Tools\RedundantImports.olean
f:\DevCache\elan\toolchains\leanprover--lean4---v4.31.0\lib\lean\Init\Control\Basic.olean
f:\DevCache\elan\toolchains\leanprover--lean4---v4.31.0\lib\lean\Init\Control\Do.olean
f:\DevCache\elan\toolchains\leanprover--lean4---v4.31.0\lib\lean\Init\Control\EState.olean
f:\DevCache\elan\toolchains\leanprover--lean4---v4.31.0\lib\lean\Init\Control\Except.olean
f:\DevCache\elan\toolchains\leanprover--lean4---v4.31.0\lib\lean\Init\Control\ExceptCps.olean
f:\DevCache\elan\toolchains\leanprover--lean4---v4.31.0\lib\lean\Init\Control\Id.olean
f:\DevCache\elan\toolchains\leanprover--lean4---v4.31.0\lib\lean\Init\Control\Lawful.olean
f:\DevCache\elan\toolchains\leanprover--lean4---v4.31.0\lib\lean\Init\Control\MonadAttach.olean
f:\DevCache\elan\toolchains\leanprover--lean4---v4.31.0\lib\lean\Init\Control\Option.olean
f:\DevCache\elan\toolchains\leanprover--lean4---v4.31.0\lib\lean\Init\Control\Reader.olean
f:\DevCache\elan\toolchains\leanprover--lean4---v4.31.0\lib\lean\Init\Control\State.olean
f:\DevCache\elan\toolchains\leanprover--lean4---v4.31.0\lib\lean\Init\Control\StateCps.olean
f:\DevCache\elan\toolchains\leanprover--lean4---v4.31.0\lib\lean\Init\Control\StateRef.olean
f:\DevCache\elan\toolchains\leanprover--lean4---v4.31.0\lib\lean\Init\Data\AC.olean
f:\DevCache\elan\toolchains\leanprover--lean4---v4.31.0\lib\lean\Init\Data\Array.olean
f:\DevCache\elan\toolchains\leanprover--lean4---v4.31.0\lib\lean\Init\Data\BEq.olean
f:\DevCache\elan\toolchains\leanprover--lean4---v4.31.0\lib\lean\Init\Data\BitVec.olean
f:\DevCache\elan\toolchains\leanprover--lean4---v4.31.0\lib\lean\Init\Data\Bool.olean
f:\DevCache\elan\toolchains\leanprover--lean4---v4.31.0\lib\lean\Init\Data\ByteArray.olean
f:\DevCache\elan\toolchains\leanprover--lean4---v4.31.0\lib\lean\Init\Data\Cast.olean
f:\DevCache\elan\toolchains\leanprover--lean4---v4.31.0\lib\lean\Init\Data\Char.olean
f:\DevCache\elan\toolchains\leanprover--lean4---v4.31.0\lib\lean\Init\Data\Dyadic.olean
f:\DevCache\elan\toolchains\leanprover--lean4---v4.31.0\lib\lean\Init\Data\Fin.olean
f:\DevCache\elan\toolchains\leanprover--lean4---v4.31.0\lib\lean\Init\Data\Float.olean
f:\DevCache\elan\toolchains\leanprover--lean4---v4.31.0\lib\lean\Init\Data\Float32.olean
f:\DevCache\elan\toolchains\leanprover--lean4---v4.31.0\lib\lean\Init\Data\FloatArray.olean
f:\DevCache\elan\toolchains\leanprover--lean4---v4.31.0\lib\lean\Init\Data\Format.olean
f:\DevCache\elan\toolchains\leanprover--lean4---v4.31.0\lib\lean\Init\Data\Function.olean
f:\DevCache\elan\toolchains\leanprover--lean4---v4.31.0\lib\lean\Init\Data\Hashable.olean
f:\DevCache\elan\toolchains\leanprover--lean4---v4.31.0\lib\lean\Init\Data\Int.olean
f:\DevCache\elan\toolchains\leanprover--lean4---v4.31.0\lib\lean\Init\Data\Iterators.olean
f:\DevCache\elan\toolchains\leanprover--lean4---v4.31.0\lib\lean\Init\Data\LawfulHashable.olean
f:\DevCache\elan\toolchains\leanprover--lean4---v4.31.0\lib\lean\Init\Data\List.olean
f:\DevCache\elan\toolchains\leanprover--lean4---v4.31.0\lib\lean\Init\Data\Nat.olean
f:\DevCache\elan\toolchains\leanprover--lean4---v4.31.0\lib\lean\Init\Data\NeZero.olean
f:\DevCache\elan\toolchains\leanprover--lean4---v4.31.0\lib\lean\Init\Data\OfScientific.olean
f:\DevCache\elan\toolchains\leanprover--lean4---v4.31.0\lib\lean\Init\Data\Option.olean
f:\DevCache\elan\toolchains\leanprover--lean4---v4.31.0\lib\lean\Init\Data\Ord.olean
f:\DevCache\elan\toolchains\leanprover--lean4---v4.31.0\lib\lean\Init\Data\Order.olean
f:\DevCache\elan\toolchains\leanprover--lean4---v4.31.0\lib\lean\Init\Data\PLift.olean
f:\DevCache\elan\toolchains\leanprover--lean4---v4.31.0\lib\lean\Init\Data\Prod.olean
f:\DevCache\elan\toolchains\leanprover--lean4---v4.31.0\lib\lean\Init\Data\Queue.olean
f:\DevCache\elan\toolchains\leanprover--lean4---v4.31.0\lib\lean\Init\Data\RArray.olean
f:\DevCache\elan\toolchains\leanprover--lean4---v4.31.0\lib\lean\Init\Data\Random.olean
f:\DevCache\elan\toolchains\leanprover--lean4---v4.31.0\lib\lean\Init\Data\Range.olean
f:\DevCache\elan\toolchains\leanprover--lean4---v4.31.0\lib\lean\Init\Data\Rat.olean
f:\DevCache\elan\toolchains\leanprover--lean4---v4.31.0\lib\lean\Init\Data\Repr.olean
f:\DevCache\elan\toolchains\leanprover--lean4---v4.31.0\lib\lean\Init\Data\SInt.olean
f:\DevCache\elan\toolchains\leanprover--lean4---v4.31.0\lib\lean\Init\Data\Slice.olean
f:\DevCache\elan\toolchains\leanprover--lean4---v4.31.0\lib\lean\Init\Data\Stream.olean
f:\DevCache\elan\toolchains\leanprover--lean4---v4.31.0\lib\lean\Init\Data\String.olean
f:\DevCache\elan\toolchains\leanprover--lean4---v4.31.0\lib\lean\Init\Data\Subtype.olean
f:\DevCache\elan\toolchains\leanprover--lean4---v4.31.0\lib\lean\Init\Data\Sum.olean
f:\DevCache\elan\toolchains\leanprover--lean4---v4.31.0\lib\lean\Init\Data\ToString.olean
f:\DevCache\elan\toolchains\leanprover--lean4---v4.31.0\lib\lean\Init\Data\UInt.olean
f:\DevCache\elan\toolchains\leanprover--lean4---v4.31.0\lib\lean\Init\Data\ULift.olean
f:\DevCache\elan\toolchains\leanprover--lean4---v4.31.0\lib\lean\Init\Data\Vector.olean
f:\DevCache\elan\toolchains\leanprover--lean4---v4.31.0\lib\lean\Init\Data\Zero.olean
f:\DevCache\elan\toolchains\leanprover--lean4---v4.31.0\lib\lean\Init\Grind\AC.olean
f:\DevCache\elan\toolchains\leanprover--lean4---v4.31.0\lib\lean\Init\Grind\Annotated.olean
f:\DevCache\elan\toolchains\leanprover--lean4---v4.31.0\lib\lean\Init\Grind\Attr.olean
f:\DevCache\elan\toolchains\leanprover--lean4---v4.31.0\lib\lean\Init\Grind\Cases.olean
f:\DevCache\elan\toolchains\leanprover--lean4---v4.31.0\lib\lean\Init\Grind\Config.olean
f:\DevCache\elan\toolchains\leanprover--lean4---v4.31.0\lib\lean\Init\Grind\Ext.olean
f:\DevCache\elan\toolchains\leanprover--lean4---v4.31.0\lib\lean\Init\Grind\FieldNormNum.olean
f:\DevCache\elan\toolchains\leanprover--lean4---v4.31.0\lib\lean\Init\Grind\Injective.olean
f:\DevCache\elan\toolchains\leanprover--lean4---v4.31.0\lib\lean\Init\Grind\Interactive.olean
f:\DevCache\elan\toolchains\leanprover--lean4---v4.31.0\lib\lean\Init\Grind\Lemmas.olean
f:\DevCache\elan\toolchains\leanprover--lean4---v4.31.0\lib\lean\Init\Grind\Lint.olean
f:\DevCache\elan\toolchains\leanprover--lean4---v4.31.0\lib\lean\Init\Grind\Module.olean
f:\DevCache\elan\toolchains\leanprover--lean4---v4.31.0\lib\lean\Init\Grind\Norm.olean
f:\DevCache\elan\toolchains\leanprover--lean4---v4.31.0\lib\lean\Init\Grind\Offset.olean
f:\DevCache\elan\toolchains\leanprover--lean4---v4.31.0\lib\lean\Init\Grind\Order.olean
f:\DevCache\elan\toolchains\leanprover--lean4---v4.31.0\lib\lean\Init\Grind\Ordered.olean
f:\DevCache\elan\toolchains\leanprover--lean4---v4.31.0\lib\lean\Init\Grind\PP.olean
f:\DevCache\elan\toolchains\leanprover--lean4---v4.31.0\lib\lean\Init\Grind\Propagator.olean
f:\DevCache\elan\toolchains\leanprover--lean4---v4.31.0\lib\lean\Init\Grind\Ring.olean
f:\DevCache\elan\toolchains\leanprover--lean4---v4.31.0\lib\lean\Init\Grind\Tactics.olean
f:\DevCache\elan\toolchains\leanprover--lean4---v4.31.0\lib\lean\Init\Grind\ToInt.olean
f:\DevCache\elan\toolchains\leanprover--lean4---v4.31.0\lib\lean\Init\Grind\ToIntLemmas.olean
f:\DevCache\elan\toolchains\leanprover--lean4---v4.31.0\lib\lean\Init\Grind\Util.olean
f:\DevCache\elan\toolchains\leanprover--lean4---v4.31.0\lib\lean\Init\GrindInstances\Nat.olean
f:\DevCache\elan\toolchains\leanprover--lean4---v4.31.0\lib\lean\Init\GrindInstances\Ring.olean
f:\DevCache\elan\toolchains\leanprover--lean4---v4.31.0\lib\lean\Init\GrindInstances\ToInt.olean
f:\DevCache\elan\toolchains\leanprover--lean4---v4.31.0\lib\lean\Init\Internal\Order.olean
f:\DevCache\elan\toolchains\leanprover--lean4---v4.31.0\lib\lean\Init\Meta\Defs.olean
f:\DevCache\elan\toolchains\leanprover--lean4---v4.31.0\lib\lean\Init\Omega\Coeffs.olean
f:\DevCache\elan\toolchains\leanprover--lean4---v4.31.0\lib\lean\Init\Omega\Constraint.olean
f:\DevCache\elan\toolchains\leanprover--lean4---v4.31.0\lib\lean\Init\Omega\Int.olean
f:\DevCache\elan\toolchains\leanprover--lean4---v4.31.0\lib\lean\Init\Omega\IntList.olean
f:\DevCache\elan\toolchains\leanprover--lean4---v4.31.0\lib\lean\Init\Omega\LinearCombo.olean
f:\DevCache\elan\toolchains\leanprover--lean4---v4.31.0\lib\lean\Init\Omega\Logic.olean
f:\DevCache\elan\toolchains\leanprover--lean4---v4.31.0\lib\lean\Init\Sym\Lemmas.olean
f:\DevCache\elan\toolchains\leanprover--lean4---v4.31.0\lib\lean\Init\System\CancelToken.olean
f:\DevCache\elan\toolchains\leanprover--lean4---v4.31.0\lib\lean\Init\System\FilePath.olean
f:\DevCache\elan\toolchains\leanprover--lean4---v4.31.0\lib\lean\Init\System\IO.olean
f:\DevCache\elan\toolchains\leanprover--lean4---v4.31.0\lib\lean\Init\System\IOError.olean
f:\DevCache\elan\toolchains\leanprover--lean4---v4.31.0\lib\lean\Init\System\Platform.olean
f:\DevCache\elan\toolchains\leanprover--lean4---v4.31.0\lib\lean\Init\System\Promise.olean
f:\DevCache\elan\toolchains\leanprover--lean4---v4.31.0\lib\lean\Init\System\ST.olean
f:\DevCache\elan\toolchains\leanprover--lean4---v4.31.0\lib\lean\Init\System\Uri.olean
f:\DevCache\elan\toolchains\leanprover--lean4---v4.31.0\lib\lean\Lean\Compiler\BorrowedAnnotation.olean
f:\DevCache\elan\toolchains\leanprover--lean4---v4.31.0\lib\lean\Lean\Compiler\CSimpAttr.olean
f:\DevCache\elan\toolchains\leanprover--lean4---v4.31.0\lib\lean\Lean\Compiler\ClosedTermCache.olean
f:\DevCache\elan\toolchains\leanprover--lean4---v4.31.0\lib\lean\Lean\Compiler\ExportAttr.olean
f:\DevCache\elan\toolchains\leanprover--lean4---v4.31.0\lib\lean\Lean\Compiler\ExternAttr.olean
f:\DevCache\elan\toolchains\leanprover--lean4---v4.31.0\lib\lean\Lean\Compiler\FFI.olean
f:\DevCache\elan\toolchains\leanprover--lean4---v4.31.0\lib\lean\Lean\Compiler\IR.olean
f:\DevCache\elan\toolchains\leanprover--lean4---v4.31.0\lib\lean\Lean\Compiler\ImplementedByAttr.olean
f:\DevCache\elan\toolchains\leanprover--lean4---v4.31.0\lib\lean\Lean\Compiler\InitAttr.olean
f:\DevCache\elan\toolchains\leanprover--lean4---v4.31.0\lib\lean\Lean\Compiler\InlineAttrs.olean
f:\DevCache\elan\toolchains\leanprover--lean4---v4.31.0\lib\lean\Lean\Compiler\LCNF.olean
f:\DevCache\elan\toolchains\leanprover--lean4---v4.31.0\lib\lean\Lean\Compiler\Main.olean
f:\DevCache\elan\toolchains\leanprover--lean4---v4.31.0\lib\lean\Lean\Compiler\MetaAttr.olean
f:\DevCache\elan\toolchains\leanprover--lean4---v4.31.0\lib\lean\Lean\Compiler\ModPkgExt.olean
f:\DevCache\elan\toolchains\leanprover--lean4---v4.31.0\lib\lean\Lean\Compiler\NameDemangling.olean
f:\DevCache\elan\toolchains\leanprover--lean4---v4.31.0\lib\lean\Lean\Compiler\NameMangling.olean
f:\DevCache\elan\toolchains\leanprover--lean4---v4.31.0\lib\lean\Lean\Compiler\NeverExtractAttr.olean
f:\DevCache\elan\toolchains\leanprover--lean4---v4.31.0\lib\lean\Lean\Compiler\NoncomputableAttr.olean
f:\DevCache\elan\toolchains\leanprover--lean4---v4.31.0\lib\lean\Lean\Compiler\Old.olean
f:\DevCache\elan\toolchains\leanprover--lean4---v4.31.0\lib\lean\Lean\Compiler\Options.olean
f:\DevCache\elan\toolchains\leanprover--lean4---v4.31.0\lib\lean\Lean\Compiler\Specialize.olean
f:\DevCache\elan\toolchains\leanprover--lean4---v4.31.0\lib\lean\Lean\Data\Array.olean
f:\DevCache\elan\toolchains\leanprover--lean4---v4.31.0\lib\lean\Lean\Data\AssocList.olean
f:\DevCache\elan\toolchains\leanprover--lean4---v4.31.0\lib\lean\Lean\Data\DeclarationRange.olean
f:\DevCache\elan\toolchains\leanprover--lean4---v4.31.0\lib\lean\Lean\Data\EditDistance.olean
f:\DevCache\elan\toolchains\leanprover--lean4---v4.31.0\lib\lean\Lean\Data\Format.olean
f:\DevCache\elan\toolchains\leanprover--lean4---v4.31.0\lib\lean\Lean\Data\FuzzyMatching.olean
f:\DevCache\elan\toolchains\leanprover--lean4---v4.31.0\lib\lean\Lean\Data\Iterators.olean
f:\DevCache\elan\toolchains\leanprover--lean4---v4.31.0\lib\lean\Lean\Data\Json.olean
f:\DevCache\elan\toolchains\leanprover--lean4---v4.31.0\lib\lean\Lean\Data\JsonRpc.olean
f:\DevCache\elan\toolchains\leanprover--lean4---v4.31.0\lib\lean\Lean\Data\KVMap.olean
f:\DevCache\elan\toolchains\leanprover--lean4---v4.31.0\lib\lean\Lean\Data\LBool.olean
f:\DevCache\elan\toolchains\leanprover--lean4---v4.31.0\lib\lean\Lean\Data\LOption.olean
f:\DevCache\elan\toolchains\leanprover--lean4---v4.31.0\lib\lean\Lean\Data\Lsp.olean
f:\DevCache\elan\toolchains\leanprover--lean4---v4.31.0\lib\lean\Lean\Data\Name.olean
f:\DevCache\elan\toolchains\leanprover--lean4---v4.31.0\lib\lean\Lean\Data\NameMap.olean
f:\DevCache\elan\toolchains\leanprover--lean4---v4.31.0\lib\lean\Lean\Data\NameTrie.olean
f:\DevCache\elan\toolchains\leanprover--lean4---v4.31.0\lib\lean\Lean\Data\OpenDecl.olean
f:\DevCache\elan\toolchains\leanprover--lean4---v4.31.0\lib\lean\Lean\Data\Options.olean
f:\DevCache\elan\toolchains\leanprover--lean4---v4.31.0\lib\lean\Lean\Data\PPContext.olean
f:\DevCache\elan\toolchains\leanprover--lean4---v4.31.0\lib\lean\Lean\Data\PersistentArray.olean
f:\DevCache\elan\toolchains\leanprover--lean4---v4.31.0\lib\lean\Lean\Data\PersistentHashMap.olean
f:\DevCache\elan\toolchains\leanprover--lean4---v4.31.0\lib\lean\Lean\Data\PersistentHashSet.olean
f:\DevCache\elan\toolchains\leanprover--lean4---v4.31.0\lib\lean\Lean\Data\Position.olean
f:\DevCache\elan\toolchains\leanprover--lean4---v4.31.0\lib\lean\Lean\Data\PrefixTree.olean
f:\DevCache\elan\toolchains\leanprover--lean4---v4.31.0\lib\lean\Lean\Data\RArray.olean
f:\DevCache\elan\toolchains\leanprover--lean4---v4.31.0\lib\lean\Lean\Data\RBMap.olean
f:\DevCache\elan\toolchains\leanprover--lean4---v4.31.0\lib\lean\Lean\Data\RBTree.olean
f:\DevCache\elan\toolchains\leanprover--lean4---v4.31.0\lib\lean\Lean\Data\SMap.olean
f:\DevCache\elan\toolchains\leanprover--lean4---v4.31.0\lib\lean\Lean\Data\SSet.olean
f:\DevCache\elan\toolchains\leanprover--lean4---v4.31.0\lib\lean\Lean\Data\Trie.olean
f:\DevCache\elan\toolchains\leanprover--lean4---v4.31.0\lib\lean\Lean\DocString\Add.olean
f:\DevCache\elan\toolchains\leanprover--lean4---v4.31.0\lib\lean\Lean\DocString\Extension.olean
f:\DevCache\elan\toolchains\leanprover--lean4---v4.31.0\lib\lean\Lean\DocString\Formatter.olean
f:\DevCache\elan\toolchains\leanprover--lean4---v4.31.0\lib\lean\Lean\DocString\Links.olean
f:\DevCache\elan\toolchains\leanprover--lean4---v4.31.0\lib\lean\Lean\DocString\Markdown.olean
f:\DevCache\elan\toolchains\leanprover--lean4---v4.31.0\lib\lean\Lean\DocString\Parser.olean
f:\DevCache\elan\toolchains\leanprover--lean4---v4.31.0\lib\lean\Lean\DocString\Syntax.olean
f:\DevCache\elan\toolchains\leanprover--lean4---v4.31.0\lib\lean\Lean\DocString\Types.olean
f:\DevCache\elan\toolchains\leanprover--lean4---v4.31.0\lib\lean\Lean\Elab\App.olean
f:\DevCache\elan\toolchains\leanprover--lean4---v4.31.0\lib\lean\Lean\Elab\Arg.olean
f:\DevCache\elan\toolchains\leanprover--lean4---v4.31.0\lib\lean\Lean\Elab\AssertExists.olean
f:\DevCache\elan\toolchains\leanprover--lean4---v4.31.0\lib\lean\Lean\Elab\Attributes.olean
f:\DevCache\elan\toolchains\leanprover--lean4---v4.31.0\lib\lean\Lean\Elab\AutoBound.olean
f:\DevCache\elan\toolchains\leanprover--lean4---v4.31.0\lib\lean\Lean\Elab\AuxDef.olean
f:\DevCache\elan\toolchains\leanprover--lean4---v4.31.0\lib\lean\Lean\Elab\BinderPredicates.olean
f:\DevCache\elan\toolchains\leanprover--lean4---v4.31.0\lib\lean\Lean\Elab\Binders.olean
f:\DevCache\elan\toolchains\leanprover--lean4---v4.31.0\lib\lean\Lean\Elab\BindersUtil.olean
f:\DevCache\elan\toolchains\leanprover--lean4---v4.31.0\lib\lean\Lean\Elab\BuiltinCommand.olean
f:\DevCache\elan\toolchains\leanprover--lean4---v4.31.0\lib\lean\Lean\Elab\BuiltinDo.olean
f:\DevCache\elan\toolchains\leanprover--lean4---v4.31.0\lib\lean\Lean\Elab\BuiltinEvalCommand.olean
f:\DevCache\elan\toolchains\leanprover--lean4---v4.31.0\lib\lean\Lean\Elab\BuiltinNotation.olean
f:\DevCache\elan\toolchains\leanprover--lean4---v4.31.0\lib\lean\Lean\Elab\BuiltinTerm.olean
f:\DevCache\elan\toolchains\leanprover--lean4---v4.31.0\lib\lean\Lean\Elab\Calc.olean
f:\DevCache\elan\toolchains\leanprover--lean4---v4.31.0\lib\lean\Lean\Elab\CheckTactic.olean
f:\DevCache\elan\toolchains\leanprover--lean4---v4.31.0\lib\lean\Lean\Elab\Coinductive.olean
f:\DevCache\elan\toolchains\leanprover--lean4---v4.31.0\lib\lean\Lean\Elab\Command.olean
f:\DevCache\elan\toolchains\leanprover--lean4---v4.31.0\lib\lean\Lean\Elab\ComputedFields.olean
f:\DevCache\elan\toolchains\leanprover--lean4---v4.31.0\lib\lean\Lean\Elab\Config.olean
f:\DevCache\elan\toolchains\leanprover--lean4---v4.31.0\lib\lean\Lean\Elab\ConfigEval.olean
f:\DevCache\elan\toolchains\leanprover--lean4---v4.31.0\lib\lean\Lean\Elab\DeclModifiers.olean
f:\DevCache\elan\toolchains\leanprover--lean4---v4.31.0\lib\lean\Lean\Elab\DeclNameGen.olean
f:\DevCache\elan\toolchains\leanprover--lean4---v4.31.0\lib\lean\Lean\Elab\DeclUtil.olean
f:\DevCache\elan\toolchains\leanprover--lean4---v4.31.0\lib\lean\Lean\Elab\Declaration.olean
f:\DevCache\elan\toolchains\leanprover--lean4---v4.31.0\lib\lean\Lean\Elab\DeclarationRange.olean
f:\DevCache\elan\toolchains\leanprover--lean4---v4.31.0\lib\lean\Lean\Elab\DefView.olean
f:\DevCache\elan\toolchains\leanprover--lean4---v4.31.0\lib\lean\Lean\Elab\DeprecatedArg.olean
f:\DevCache\elan\toolchains\leanprover--lean4---v4.31.0\lib\lean\Lean\Elab\DeprecatedSyntax.olean
f:\DevCache\elan\toolchains\leanprover--lean4---v4.31.0\lib\lean\Lean\Elab\Deriving.olean
f:\DevCache\elan\toolchains\leanprover--lean4---v4.31.0\lib\lean\Lean\Elab\Do.olean
f:\DevCache\elan\toolchains\leanprover--lean4---v4.31.0\lib\lean\Lean\Elab\DocString.olean
f:\DevCache\elan\toolchains\leanprover--lean4---v4.31.0\lib\lean\Lean\Elab\ElabRules.olean
f:\DevCache\elan\toolchains\leanprover--lean4---v4.31.0\lib\lean\Lean\Elab\ErrorExplanation.olean
f:\DevCache\elan\toolchains\leanprover--lean4---v4.31.0\lib\lean\Lean\Elab\ErrorUtils.olean
f:\DevCache\elan\toolchains\leanprover--lean4---v4.31.0\lib\lean\Lean\Elab\Eval.olean
f:\DevCache\elan\toolchains\leanprover--lean4---v4.31.0\lib\lean\Lean\Elab\Exception.olean
f:\DevCache\elan\toolchains\leanprover--lean4---v4.31.0\lib\lean\Lean\Elab\Extra.olean
f:\DevCache\elan\toolchains\leanprover--lean4---v4.31.0\lib\lean\Lean\Elab\Frontend.olean
f:\DevCache\elan\toolchains\leanprover--lean4---v4.31.0\lib\lean\Lean\Elab\GenInjective.olean
f:\DevCache\elan\toolchains\leanprover--lean4---v4.31.0\lib\lean\Lean\Elab\GuardMsgs.olean
f:\DevCache\elan\toolchains\leanprover--lean4---v4.31.0\lib\lean\Lean\Elab\Idbg.olean
f:\DevCache\elan\toolchains\leanprover--lean4---v4.31.0\lib\lean\Lean\Elab\Import.olean
f:\DevCache\elan\toolchains\leanprover--lean4---v4.31.0\lib\lean\Lean\Elab\Inductive.olean
f:\DevCache\elan\toolchains\leanprover--lean4---v4.31.0\lib\lean\Lean\Elab\InfoTree.olean
f:\DevCache\elan\toolchains\leanprover--lean4---v4.31.0\lib\lean\Lean\Elab\InfoTrees.olean
f:\DevCache\elan\toolchains\leanprover--lean4---v4.31.0\lib\lean\Lean\Elab\InheritDoc.olean
f:\DevCache\elan\toolchains\leanprover--lean4---v4.31.0\lib\lean\Lean\Elab\LetRec.olean
f:\DevCache\elan\toolchains\leanprover--lean4---v4.31.0\lib\lean\Lean\Elab\Level.olean
f:\DevCache\elan\toolchains\leanprover--lean4---v4.31.0\lib\lean\Lean\Elab\Macro.olean
f:\DevCache\elan\toolchains\leanprover--lean4---v4.31.0\lib\lean\Lean\Elab\MacroArgUtil.olean
f:\DevCache\elan\toolchains\leanprover--lean4---v4.31.0\lib\lean\Lean\Elab\MacroRules.olean
f:\DevCache\elan\toolchains\leanprover--lean4---v4.31.0\lib\lean\Lean\Elab\Match.olean
f:\DevCache\elan\toolchains\leanprover--lean4---v4.31.0\lib\lean\Lean\Elab\MatchAltView.olean
f:\DevCache\elan\toolchains\leanprover--lean4---v4.31.0\lib\lean\Lean\Elab\MatchExpr.olean
f:\DevCache\elan\toolchains\leanprover--lean4---v4.31.0\lib\lean\Lean\Elab\Mixfix.olean
f:\DevCache\elan\toolchains\leanprover--lean4---v4.31.0\lib\lean\Lean\Elab\MutualDef.olean
f:\DevCache\elan\toolchains\leanprover--lean4---v4.31.0\lib\lean\Lean\Elab\MutualInductive.olean
f:\DevCache\elan\toolchains\leanprover--lean4---v4.31.0\lib\lean\Lean\Elab\Notation.olean
f:\DevCache\elan\toolchains\leanprover--lean4---v4.31.0\lib\lean\Lean\Elab\Open.olean
f:\DevCache\elan\toolchains\leanprover--lean4---v4.31.0\lib\lean\Lean\Elab\Parallel.olean
f:\DevCache\elan\toolchains\leanprover--lean4---v4.31.0\lib\lean\Lean\Elab\ParseImportsFast.olean
f:\DevCache\elan\toolchains\leanprover--lean4---v4.31.0\lib\lean\Lean\Elab\PatternVar.olean
f:\DevCache\elan\toolchains\leanprover--lean4---v4.31.0\lib\lean\Lean\Elab\PreDefinition.olean
f:\DevCache\elan\toolchains\leanprover--lean4---v4.31.0\lib\lean\Lean\Elab\Print.olean
f:\DevCache\elan\toolchains\leanprover--lean4---v4.31.0\lib\lean\Lean\Elab\Quotation.olean
f:\DevCache\elan\toolchains\leanprover--lean4---v4.31.0\lib\lean\Lean\Elab\RecAppSyntax.olean
f:\DevCache\elan\toolchains\leanprover--lean4---v4.31.0\lib\lean\Lean\Elab\RecommendedSpelling.olean
f:\DevCache\elan\toolchains\leanprover--lean4---v4.31.0\lib\lean\Lean\Elab\SetOption.olean
f:\DevCache\elan\toolchains\leanprover--lean4---v4.31.0\lib\lean\Lean\Elab\StructInst.olean
f:\DevCache\elan\toolchains\leanprover--lean4---v4.31.0\lib\lean\Lean\Elab\StructInstHint.olean
f:\DevCache\elan\toolchains\leanprover--lean4---v4.31.0\lib\lean\Lean\Elab\Structure.olean
f:\DevCache\elan\toolchains\leanprover--lean4---v4.31.0\lib\lean\Lean\Elab\Syntax.olean
f:\DevCache\elan\toolchains\leanprover--lean4---v4.31.0\lib\lean\Lean\Elab\SyntheticMVars.olean
f:\DevCache\elan\toolchains\leanprover--lean4---v4.31.0\lib\lean\Lean\Elab\Tactic.olean
f:\DevCache\elan\toolchains\leanprover--lean4---v4.31.0\lib\lean\Lean\Elab\Task.olean
f:\DevCache\elan\toolchains\leanprover--lean4---v4.31.0\lib\lean\Lean\Elab\Term.olean
f:\DevCache\elan\toolchains\leanprover--lean4---v4.31.0\lib\lean\Lean\Elab\Time.olean
f:\DevCache\elan\toolchains\leanprover--lean4---v4.31.0\lib\lean\Lean\Elab\Util.olean
f:\DevCache\elan\toolchains\leanprover--lean4---v4.31.0\lib\lean\Lean\Elab\WhereFinally.olean
f:\DevCache\elan\toolchains\leanprover--lean4---v4.31.0\lib\lean\Lean\Language\Basic.olean
f:\DevCache\elan\toolchains\leanprover--lean4---v4.31.0\lib\lean\Lean\Language\Lean.olean
f:\DevCache\elan\toolchains\leanprover--lean4---v4.31.0\lib\lean\Lean\Language\Util.olean
f:\DevCache\elan\toolchains\leanprover--lean4---v4.31.0\lib\lean\Lean\LibrarySuggestions\Basic.olean
f:\DevCache\elan\toolchains\leanprover--lean4---v4.31.0\lib\lean\Lean\LibrarySuggestions\Default.olean
f:\DevCache\elan\toolchains\leanprover--lean4---v4.31.0\lib\lean\Lean\LibrarySuggestions\MePo.olean
f:\DevCache\elan\toolchains\leanprover--lean4---v4.31.0\lib\lean\Lean\LibrarySuggestions\SineQuaNon.olean
f:\DevCache\elan\toolchains\leanprover--lean4---v4.31.0\lib\lean\Lean\LibrarySuggestions\SymbolFrequency.olean
f:\DevCache\elan\toolchains\leanprover--lean4---v4.31.0\lib\lean\Lean\Linter\Basic.olean
f:\DevCache\elan\toolchains\leanprover--lean4---v4.31.0\lib\lean\Lean\Linter\Builtin.olean
f:\DevCache\elan\toolchains\leanprover--lean4---v4.31.0\lib\lean\Lean\Linter\CheckUnivs.olean
f:\DevCache\elan\toolchains\leanprover--lean4---v4.31.0\lib\lean\Lean\Linter\Coe.olean
f:\DevCache\elan\toolchains\leanprover--lean4---v4.31.0\lib\lean\Lean\Linter\ConstructorAsVariable.olean
f:\DevCache\elan\toolchains\leanprover--lean4---v4.31.0\lib\lean\Lean\Linter\DefProp.olean
f:\DevCache\elan\toolchains\leanprover--lean4---v4.31.0\lib\lean\Lean\Linter\Deprecated.olean
f:\DevCache\elan\toolchains\leanprover--lean4---v4.31.0\lib\lean\Lean\Linter\DocsOnAlt.olean
f:\DevCache\elan\toolchains\leanprover--lean4---v4.31.0\lib\lean\Lean\Linter\EnvLinter.olean
f:\DevCache\elan\toolchains\leanprover--lean4---v4.31.0\lib\lean\Lean\Linter\Extra.olean
f:\DevCache\elan\toolchains\leanprover--lean4---v4.31.0\lib\lean\Lean\Linter\GlobalAttributeIn.olean
f:\DevCache\elan\toolchains\leanprover--lean4---v4.31.0\lib\lean\Lean\Linter\Init.olean
f:\DevCache\elan\toolchains\leanprover--lean4---v4.31.0\lib\lean\Lean\Linter\List.olean
f:\DevCache\elan\toolchains\leanprover--lean4---v4.31.0\lib\lean\Lean\Linter\MissingDocs.olean
f:\DevCache\elan\toolchains\leanprover--lean4---v4.31.0\lib\lean\Lean\Linter\Omit.olean
f:\DevCache\elan\toolchains\leanprover--lean4---v4.31.0\lib\lean\Lean\Linter\PersistentLintLog.olean
f:\DevCache\elan\toolchains\leanprover--lean4---v4.31.0\lib\lean\Lean\Linter\Sets.olean
f:\DevCache\elan\toolchains\leanprover--lean4---v4.31.0\lib\lean\Lean\Linter\TacticTypeCheck.olean
f:\DevCache\elan\toolchains\leanprover--lean4---v4.31.0\lib\lean\Lean\Linter\UnusedSimpArgs.olean
f:\DevCache\elan\toolchains\leanprover--lean4---v4.31.0\lib\lean\Lean\Linter\UnusedVariables.olean
f:\DevCache\elan\toolchains\leanprover--lean4---v4.31.0\lib\lean\Lean\Linter\Util.olean
f:\DevCache\elan\toolchains\leanprover--lean4---v4.31.0\lib\lean\Lean\Meta\ACLt.olean
f:\DevCache\elan\toolchains\leanprover--lean4---v4.31.0\lib\lean\Lean\Meta\AbstractMVars.olean
f:\DevCache\elan\toolchains\leanprover--lean4---v4.31.0\lib\lean\Lean\Meta\AbstractNestedProofs.olean
f:\DevCache\elan\toolchains\leanprover--lean4---v4.31.0\lib\lean\Lean\Meta\AppBuilder.olean
f:\DevCache\elan\toolchains\leanprover--lean4---v4.31.0\lib\lean\Lean\Meta\ArgsPacker.olean
f:\DevCache\elan\toolchains\leanprover--lean4---v4.31.0\lib\lean\Lean\Meta\Basic.olean
f:\DevCache\elan\toolchains\leanprover--lean4---v4.31.0\lib\lean\Lean\Meta\BinderNameHint.olean
f:\DevCache\elan\toolchains\leanprover--lean4---v4.31.0\lib\lean\Lean\Meta\Canonicalizer.olean
f:\DevCache\elan\toolchains\leanprover--lean4---v4.31.0\lib\lean\Lean\Meta\CasesInfo.olean
f:\DevCache\elan\toolchains\leanprover--lean4---v4.31.0\lib\lean\Lean\Meta\Check.olean
f:\DevCache\elan\toolchains\leanprover--lean4---v4.31.0\lib\lean\Lean\Meta\CheckTactic.olean
f:\DevCache\elan\toolchains\leanprover--lean4---v4.31.0\lib\lean\Lean\Meta\Closure.olean
f:\DevCache\elan\toolchains\leanprover--lean4---v4.31.0\lib\lean\Lean\Meta\Coe.olean
f:\DevCache\elan\toolchains\leanprover--lean4---v4.31.0\lib\lean\Lean\Meta\CoeAttr.olean
f:\DevCache\elan\toolchains\leanprover--lean4---v4.31.0\lib\lean\Lean\Meta\CollectFVars.olean
f:\DevCache\elan\toolchains\leanprover--lean4---v4.31.0\lib\lean\Lean\Meta\CollectMVars.olean
f:\DevCache\elan\toolchains\leanprover--lean4---v4.31.0\lib\lean\Lean\Meta\CompletionName.olean
f:\DevCache\elan\toolchains\leanprover--lean4---v4.31.0\lib\lean\Lean\Meta\CongrTheorems.olean
f:\DevCache\elan\toolchains\leanprover--lean4---v4.31.0\lib\lean\Lean\Meta\Constructions.olean
f:\DevCache\elan\toolchains\leanprover--lean4---v4.31.0\lib\lean\Lean\Meta\CtorIdxHInj.olean
f:\DevCache\elan\toolchains\leanprover--lean4---v4.31.0\lib\lean\Lean\Meta\CtorRecognizer.olean
f:\DevCache\elan\toolchains\leanprover--lean4---v4.31.0\lib\lean\Lean\Meta\DecLevel.olean
f:\DevCache\elan\toolchains\leanprover--lean4---v4.31.0\lib\lean\Lean\Meta\Diagnostics.olean
f:\DevCache\elan\toolchains\leanprover--lean4---v4.31.0\lib\lean\Lean\Meta\DiscrTree.olean
f:\DevCache\elan\toolchains\leanprover--lean4---v4.31.0\lib\lean\Lean\Meta\Eqns.olean
f:\DevCache\elan\toolchains\leanprover--lean4---v4.31.0\lib\lean\Lean\Meta\Eval.olean
f:\DevCache\elan\toolchains\leanprover--lean4---v4.31.0\lib\lean\Lean\Meta\ExprDefEq.olean
f:\DevCache\elan\toolchains\leanprover--lean4---v4.31.0\lib\lean\Lean\Meta\ExprLens.olean
f:\DevCache\elan\toolchains\leanprover--lean4---v4.31.0\lib\lean\Lean\Meta\ExprTraverse.olean
f:\DevCache\elan\toolchains\leanprover--lean4---v4.31.0\lib\lean\Lean\Meta\ForEachExpr.olean
f:\DevCache\elan\toolchains\leanprover--lean4---v4.31.0\lib\lean\Lean\Meta\FunInfo.olean
f:\DevCache\elan\toolchains\leanprover--lean4---v4.31.0\lib\lean\Lean\Meta\GeneralizeTelescope.olean
f:\DevCache\elan\toolchains\leanprover--lean4---v4.31.0\lib\lean\Lean\Meta\GeneralizeVars.olean
f:\DevCache\elan\toolchains\leanprover--lean4---v4.31.0\lib\lean\Lean\Meta\GetUnfoldableConst.olean
f:\DevCache\elan\toolchains\leanprover--lean4---v4.31.0\lib\lean\Lean\Meta\HasAssignableMVar.olean
f:\DevCache\elan\toolchains\leanprover--lean4---v4.31.0\lib\lean\Lean\Meta\HasNotBit.olean
f:\DevCache\elan\toolchains\leanprover--lean4---v4.31.0\lib\lean\Lean\Meta\HaveTelescope.olean
f:\DevCache\elan\toolchains\leanprover--lean4---v4.31.0\lib\lean\Lean\Meta\Hint.olean
f:\DevCache\elan\toolchains\leanprover--lean4---v4.31.0\lib\lean\Lean\Meta\IndPredBelow.olean
f:\DevCache\elan\toolchains\leanprover--lean4---v4.31.0\lib\lean\Lean\Meta\Inductive.olean
f:\DevCache\elan\toolchains\leanprover--lean4---v4.31.0\lib\lean\Lean\Meta\InferType.olean
f:\DevCache\elan\toolchains\leanprover--lean4---v4.31.0\lib\lean\Lean\Meta\Injective.olean
f:\DevCache\elan\toolchains\leanprover--lean4---v4.31.0\lib\lean\Lean\Meta\Instances.olean
f:\DevCache\elan\toolchains\leanprover--lean4---v4.31.0\lib\lean\Lean\Meta\IntInstTesters.olean
f:\DevCache\elan\toolchains\leanprover--lean4---v4.31.0\lib\lean\Lean\Meta\Iterator.olean
f:\DevCache\elan\toolchains\leanprover--lean4---v4.31.0\lib\lean\Lean\Meta\KAbstract.olean
f:\DevCache\elan\toolchains\leanprover--lean4---v4.31.0\lib\lean\Lean\Meta\KExprMap.olean
f:\DevCache\elan\toolchains\leanprover--lean4---v4.31.0\lib\lean\Lean\Meta\LazyDiscrTree.olean
f:\DevCache\elan\toolchains\leanprover--lean4---v4.31.0\lib\lean\Lean\Meta\LetToHave.olean
f:\DevCache\elan\toolchains\leanprover--lean4---v4.31.0\lib\lean\Lean\Meta\LevelDefEq.olean
f:\DevCache\elan\toolchains\leanprover--lean4---v4.31.0\lib\lean\Lean\Meta\LitValues.olean
f:\DevCache\elan\toolchains\leanprover--lean4---v4.31.0\lib\lean\Lean\Meta\Match.olean
f:\DevCache\elan\toolchains\leanprover--lean4---v4.31.0\lib\lean\Lean\Meta\MatchUtil.olean
f:\DevCache\elan\toolchains\leanprover--lean4---v4.31.0\lib\lean\Lean\Meta\MethodSpecs.olean
f:\DevCache\elan\toolchains\leanprover--lean4---v4.31.0\lib\lean\Lean\Meta\MkIffOfInductiveProp.olean
f:\DevCache\elan\toolchains\leanprover--lean4---v4.31.0\lib\lean\Lean\Meta\MonadSimp.olean
f:\DevCache\elan\toolchains\leanprover--lean4---v4.31.0\lib\lean\Lean\Meta\NatInstTesters.olean
f:\DevCache\elan\toolchains\leanprover--lean4---v4.31.0\lib\lean\Lean\Meta\NatTable.olean
f:\DevCache\elan\toolchains\leanprover--lean4---v4.31.0\lib\lean\Lean\Meta\Native.olean
f:\DevCache\elan\toolchains\leanprover--lean4---v4.31.0\lib\lean\Lean\Meta\Offset.olean
f:\DevCache\elan\toolchains\leanprover--lean4---v4.31.0\lib\lean\Lean\Meta\Order.olean
f:\DevCache\elan\toolchains\leanprover--lean4---v4.31.0\lib\lean\Lean\Meta\PPBinder.olean
f:\DevCache\elan\toolchains\leanprover--lean4---v4.31.0\lib\lean\Lean\Meta\PPGoal.olean
f:\DevCache\elan\toolchains\leanprover--lean4---v4.31.0\lib\lean\Lean\Meta\PProdN.olean
f:\DevCache\elan\toolchains\leanprover--lean4---v4.31.0\lib\lean\Lean\Meta\ProdN.olean
f:\DevCache\elan\toolchains\leanprover--lean4---v4.31.0\lib\lean\Lean\Meta\RecExt.olean
f:\DevCache\elan\toolchains\leanprover--lean4---v4.31.0\lib\lean\Lean\Meta\RecursorInfo.olean
f:\DevCache\elan\toolchains\leanprover--lean4---v4.31.0\lib\lean\Lean\Meta\Reduce.olean
f:\DevCache\elan\toolchains\leanprover--lean4---v4.31.0\lib\lean\Lean\Meta\ReduceEval.olean
f:\DevCache\elan\toolchains\leanprover--lean4---v4.31.0\lib\lean\Lean\Meta\SameCtorUtils.olean
f:\DevCache\elan\toolchains\leanprover--lean4---v4.31.0\lib\lean\Lean\Meta\SizeOf.olean
f:\DevCache\elan\toolchains\leanprover--lean4---v4.31.0\lib\lean\Lean\Meta\Sorry.olean
f:\DevCache\elan\toolchains\leanprover--lean4---v4.31.0\lib\lean\Lean\Meta\SplitSparseCasesOn.olean
f:\DevCache\elan\toolchains\leanprover--lean4---v4.31.0\lib\lean\Lean\Meta\StringLitProof.olean
f:\DevCache\elan\toolchains\leanprover--lean4---v4.31.0\lib\lean\Lean\Meta\Structure.olean
f:\DevCache\elan\toolchains\leanprover--lean4---v4.31.0\lib\lean\Lean\Meta\Sym.olean
f:\DevCache\elan\toolchains\leanprover--lean4---v4.31.0\lib\lean\Lean\Meta\SynthInstance.olean
f:\DevCache\elan\toolchains\leanprover--lean4---v4.31.0\lib\lean\Lean\Meta\Tactic.olean
f:\DevCache\elan\toolchains\leanprover--lean4---v4.31.0\lib\lean\Lean\Meta\Transform.olean
f:\DevCache\elan\toolchains\leanprover--lean4---v4.31.0\lib\lean\Lean\Meta\TransparencyMode.olean
f:\DevCache\elan\toolchains\leanprover--lean4---v4.31.0\lib\lean\Lean\Meta\TryThis.olean
f:\DevCache\elan\toolchains\leanprover--lean4---v4.31.0\lib\lean\Lean\Meta\UnificationHint.olean
f:\DevCache\elan\toolchains\leanprover--lean4---v4.31.0\lib\lean\Lean\Meta\WHNF.olean
f:\DevCache\elan\toolchains\leanprover--lean4---v4.31.0\lib\lean\Lean\Meta\WrapInstance.olean
f:\DevCache\elan\toolchains\leanprover--lean4---v4.31.0\lib\lean\Lean\Parser\Attr.olean
f:\DevCache\elan\toolchains\leanprover--lean4---v4.31.0\lib\lean\Lean\Parser\Basic.olean
f:\DevCache\elan\toolchains\leanprover--lean4---v4.31.0\lib\lean\Lean\Parser\Command.olean
f:\DevCache\elan\toolchains\leanprover--lean4---v4.31.0\lib\lean\Lean\Parser\Do.olean
f:\DevCache\elan\toolchains\leanprover--lean4---v4.31.0\lib\lean\Lean\Parser\Extension.olean
f:\DevCache\elan\toolchains\leanprover--lean4---v4.31.0\lib\lean\Lean\Parser\Extra.olean
f:\DevCache\elan\toolchains\leanprover--lean4---v4.31.0\lib\lean\Lean\Parser\Level.olean
f:\DevCache\elan\toolchains\leanprover--lean4---v4.31.0\lib\lean\Lean\Parser\Module.olean
f:\DevCache\elan\toolchains\leanprover--lean4---v4.31.0\lib\lean\Lean\Parser\StrInterpolation.olean
f:\DevCache\elan\toolchains\leanprover--lean4---v4.31.0\lib\lean\Lean\Parser\Syntax.olean
f:\DevCache\elan\toolchains\leanprover--lean4---v4.31.0\lib\lean\Lean\Parser\Tactic.olean
f:\DevCache\elan\toolchains\leanprover--lean4---v4.31.0\lib\lean\Lean\Parser\Term.olean
f:\DevCache\elan\toolchains\leanprover--lean4---v4.31.0\lib\lean\Lean\Parser\Types.olean
f:\DevCache\elan\toolchains\leanprover--lean4---v4.31.0\lib\lean\Lean\ParserCompiler\Attribute.olean
f:\DevCache\elan\toolchains\leanprover--lean4---v4.31.0\lib\lean\Lean\PrettyPrinter\Basic.olean
f:\DevCache\elan\toolchains\leanprover--lean4---v4.31.0\lib\lean\Lean\PrettyPrinter\Delaborator.olean
f:\DevCache\elan\toolchains\leanprover--lean4---v4.31.0\lib\lean\Lean\PrettyPrinter\Formatter.olean
f:\DevCache\elan\toolchains\leanprover--lean4---v4.31.0\lib\lean\Lean\PrettyPrinter\Parenthesizer.olean
f:\DevCache\elan\toolchains\leanprover--lean4---v4.31.0\lib\lean\Lean\Server\AsyncList.olean
f:\DevCache\elan\toolchains\leanprover--lean4---v4.31.0\lib\lean\Lean\Server\CodeActions.olean
f:\DevCache\elan\toolchains\leanprover--lean4---v4.31.0\lib\lean\Lean\Server\Completion.olean
f:\DevCache\elan\toolchains\leanprover--lean4---v4.31.0\lib\lean\Lean\Server\FileSource.olean
f:\DevCache\elan\toolchains\leanprover--lean4---v4.31.0\lib\lean\Lean\Server\FileWorker.olean
f:\DevCache\elan\toolchains\leanprover--lean4---v4.31.0\lib\lean\Lean\Server\GoTo.olean
f:\DevCache\elan\toolchains\leanprover--lean4---v4.31.0\lib\lean\Lean\Server\InfoUtils.olean
f:\DevCache\elan\toolchains\leanprover--lean4---v4.31.0\lib\lean\Lean\Server\Logging.olean
f:\DevCache\elan\toolchains\leanprover--lean4---v4.31.0\lib\lean\Lean\Server\ProtocolOverview.olean
f:\DevCache\elan\toolchains\leanprover--lean4---v4.31.0\lib\lean\Lean\Server\References.olean
f:\DevCache\elan\toolchains\leanprover--lean4---v4.31.0\lib\lean\Lean\Server\RequestCancellation.olean
f:\DevCache\elan\toolchains\leanprover--lean4---v4.31.0\lib\lean\Lean\Server\Requests.olean
f:\DevCache\elan\toolchains\leanprover--lean4---v4.31.0\lib\lean\Lean\Server\Rpc.olean
f:\DevCache\elan\toolchains\leanprover--lean4---v4.31.0\lib\lean\Lean\Server\ServerTask.olean
f:\DevCache\elan\toolchains\leanprover--lean4---v4.31.0\lib\lean\Lean\Server\Snapshots.olean
f:\DevCache\elan\toolchains\leanprover--lean4---v4.31.0\lib\lean\Lean\Server\Test.olean
f:\DevCache\elan\toolchains\leanprover--lean4---v4.31.0\lib\lean\Lean\Server\Utils.olean
f:\DevCache\elan\toolchains\leanprover--lean4---v4.31.0\lib\lean\Lean\Server\Watchdog.olean
f:\DevCache\elan\toolchains\leanprover--lean4---v4.31.0\lib\lean\Lean\Util\CollectAxioms.olean
f:\DevCache\elan\toolchains\leanprover--lean4---v4.31.0\lib\lean\Lean\Util\CollectFVars.olean
f:\DevCache\elan\toolchains\leanprover--lean4---v4.31.0\lib\lean\Lean\Util\CollectLevelMVars.olean
f:\DevCache\elan\toolchains\leanprover--lean4---v4.31.0\lib\lean\Lean\Util\CollectLevelParams.olean
f:\DevCache\elan\toolchains\leanprover--lean4---v4.31.0\lib\lean\Lean\Util\CollectLooseBVars.olean
f:\DevCache\elan\toolchains\leanprover--lean4---v4.31.0\lib\lean\Lean\Util\CollectMVars.olean
f:\DevCache\elan\toolchains\leanprover--lean4---v4.31.0\lib\lean\Lean\Util\Diff.olean
f:\DevCache\elan\toolchains\leanprover--lean4---v4.31.0\lib\lean\Lean\Util\FVarSubset.olean
f:\DevCache\elan\toolchains\leanprover--lean4---v4.31.0\lib\lean\Lean\Util\FindExpr.olean
f:\DevCache\elan\toolchains\leanprover--lean4---v4.31.0\lib\lean\Lean\Util\FindLevelMVar.olean
f:\DevCache\elan\toolchains\leanprover--lean4---v4.31.0\lib\lean\Lean\Util\FindMVar.olean
f:\DevCache\elan\toolchains\leanprover--lean4---v4.31.0\lib\lean\Lean\Util\FoldConsts.olean
f:\DevCache\elan\toolchains\leanprover--lean4---v4.31.0\lib\lean\Lean\Util\ForEachExpr.olean
f:\DevCache\elan\toolchains\leanprover--lean4---v4.31.0\lib\lean\Lean\Util\ForEachExprWhere.olean
f:\DevCache\elan\toolchains\leanprover--lean4---v4.31.0\lib\lean\Lean\Util\HasConstCache.olean
f:\DevCache\elan\toolchains\leanprover--lean4---v4.31.0\lib\lean\Lean\Util\Heartbeats.olean
f:\DevCache\elan\toolchains\leanprover--lean4---v4.31.0\lib\lean\Lean\Util\InstantiateLevelParams.olean
f:\DevCache\elan\toolchains\leanprover--lean4---v4.31.0\lib\lean\Lean\Util\LakePath.olean
f:\DevCache\elan\toolchains\leanprover--lean4---v4.31.0\lib\lean\Lean\Util\LeanOptions.olean
f:\DevCache\elan\toolchains\leanprover--lean4---v4.31.0\lib\lean\Lean\Util\MonadBacktrack.olean
f:\DevCache\elan\toolchains\leanprover--lean4---v4.31.0\lib\lean\Lean\Util\MonadCache.olean
f:\DevCache\elan\toolchains\leanprover--lean4---v4.31.0\lib\lean\Lean\Util\NumApps.olean
f:\DevCache\elan\toolchains\leanprover--lean4---v4.31.0\lib\lean\Lean\Util\NumObjs.olean
f:\DevCache\elan\toolchains\leanprover--lean4---v4.31.0\lib\lean\Lean\Util\OccursCheck.olean
f:\DevCache\elan\toolchains\leanprover--lean4---v4.31.0\lib\lean\Lean\Util\PPExt.olean
f:\DevCache\elan\toolchains\leanprover--lean4---v4.31.0\lib\lean\Lean\Util\ParamMinimizer.olean
f:\DevCache\elan\toolchains\leanprover--lean4---v4.31.0\lib\lean\Lean\Util\Path.olean
f:\DevCache\elan\toolchains\leanprover--lean4---v4.31.0\lib\lean\Lean\Util\Profile.olean
f:\DevCache\elan\toolchains\leanprover--lean4---v4.31.0\lib\lean\Lean\Util\Profiler.olean
f:\DevCache\elan\toolchains\leanprover--lean4---v4.31.0\lib\lean\Lean\Util\ProfilerServer.olean
f:\DevCache\elan\toolchains\leanprover--lean4---v4.31.0\lib\lean\Lean\Util\PtrSet.olean
f:\DevCache\elan\toolchains\leanprover--lean4---v4.31.0\lib\lean\Lean\Util\RecDepth.olean
f:\DevCache\elan\toolchains\leanprover--lean4---v4.31.0\lib\lean\Lean\Util\Recognizers.olean
f:\DevCache\elan\toolchains\leanprover--lean4---v4.31.0\lib\lean\Lean\Util\ReplaceExpr.olean
f:\DevCache\elan\toolchains\leanprover--lean4---v4.31.0\lib\lean\Lean\Util\ReplaceLevel.olean
f:\DevCache\elan\toolchains\leanprover--lean4---v4.31.0\lib\lean\Lean\Util\Reprove.olean
f:\DevCache\elan\toolchains\leanprover--lean4---v4.31.0\lib\lean\Lean\Util\SCC.olean
f:\DevCache\elan\toolchains\leanprover--lean4---v4.31.0\lib\lean\Lean\Util\SafeExponentiation.olean
f:\DevCache\elan\toolchains\leanprover--lean4---v4.31.0\lib\lean\Lean\Util\ShareCommon.olean
f:\DevCache\elan\toolchains\leanprover--lean4---v4.31.0\lib\lean\Lean\Util\Sorry.olean
f:\DevCache\elan\toolchains\leanprover--lean4---v4.31.0\lib\lean\Lean\Util\SortExprs.olean
f:\DevCache\elan\toolchains\leanprover--lean4---v4.31.0\lib\lean\Lean\Util\TestExtern.olean
f:\DevCache\elan\toolchains\leanprover--lean4---v4.31.0\lib\lean\Lean\Util\Trace.olean
f:\DevCache\elan\toolchains\leanprover--lean4---v4.31.0\lib\lean\Lean\Util\UnusedBinders.olean
f:\DevCache\elan\toolchains\leanprover--lean4---v4.31.0\lib\lean\Lean\Widget\Basic.olean
f:\DevCache\elan\toolchains\leanprover--lean4---v4.31.0\lib\lean\Lean\Widget\Commands.olean
f:\DevCache\elan\toolchains\leanprover--lean4---v4.31.0\lib\lean\Lean\Widget\Diff.olean
f:\DevCache\elan\toolchains\leanprover--lean4---v4.31.0\lib\lean\Lean\Widget\InteractiveCode.olean
f:\DevCache\elan\toolchains\leanprover--lean4---v4.31.0\lib\lean\Lean\Widget\InteractiveDiagnostic.olean
f:\DevCache\elan\toolchains\leanprover--lean4---v4.31.0\lib\lean\Lean\Widget\InteractiveGoal.olean
f:\DevCache\elan\toolchains\leanprover--lean4---v4.31.0\lib\lean\Lean\Widget\TaggedText.olean
f:\DevCache\elan\toolchains\leanprover--lean4---v4.31.0\lib\lean\Lean\Widget\Types.olean
f:\DevCache\elan\toolchains\leanprover--lean4---v4.31.0\lib\lean\Lean\Widget\UserWidget.olean
F:\LaTeX\BVE research\lean-proof\.lake\packages\mathlib\.lake\build\lib\lean\Mathlib\Algebra\FreeAlgebra.olean
F:\LaTeX\BVE research\lean-proof\.lake\packages\mathlib\.lake\build\lib\lean\Mathlib\Algebra\IsPrimePow.olean
F:\LaTeX\BVE research\lean-proof\.lake\packages\mathlib\.lake\build\lib\lean\Mathlib\Algebra\NeZero.olean
F:\LaTeX\BVE research\lean-proof\.lake\packages\mathlib\.lake\build\lib\lean\Mathlib\Algebra\Notation.olean
F:\LaTeX\BVE research\lean-proof\.lake\packages\mathlib\.lake\build\lib\lean\Mathlib\Algebra\Opposites.olean
F:\LaTeX\BVE research\lean-proof\.lake\packages\mathlib\.lake\build\lib\lean\Mathlib\Algebra\QuadraticDiscriminant.olean
F:\LaTeX\BVE research\lean-proof\.lake\packages\mathlib\.lake\build\lib\lean\Mathlib\Algebra\Quotient.olean
F:\LaTeX\BVE research\lean-proof\.lake\packages\mathlib\.lake\build\lib\lean\Mathlib\Analysis\MeanInequalities.olean
F:\LaTeX\BVE research\lean-proof\.lake\packages\mathlib\.lake\build\lib\lean\Mathlib\Analysis\Seminorm.olean
F:\LaTeX\BVE research\lean-proof\.lake\packages\mathlib\.lake\build\lib\lean\Mathlib\Control\Applicative.olean
F:\LaTeX\BVE research\lean-proof\.lake\packages\mathlib\.lake\build\lib\lean\Mathlib\Control\Basic.olean
F:\LaTeX\BVE research\lean-proof\.lake\packages\mathlib\.lake\build\lib\lean\Mathlib\Control\Bifunctor.olean
F:\LaTeX\BVE research\lean-proof\.lake\packages\mathlib\.lake\build\lib\lean\Mathlib\Control\Combinators.olean
F:\LaTeX\BVE research\lean-proof\.lake\packages\mathlib\.lake\build\lib\lean\Mathlib\Control\EquivFunctor.olean
F:\LaTeX\BVE research\lean-proof\.lake\packages\mathlib\.lake\build\lib\lean\Mathlib\Control\Functor.olean
F:\LaTeX\BVE research\lean-proof\.lake\packages\mathlib\.lake\build\lib\lean\Mathlib\Control\ULift.olean
F:\LaTeX\BVE research\lean-proof\.lake\packages\mathlib\.lake\build\lib\lean\Mathlib\Data\Bracket.olean
F:\LaTeX\BVE research\lean-proof\.lake\packages\mathlib\.lake\build\lib\lean\Mathlib\Data\Ineq.olean
F:\LaTeX\BVE research\lean-proof\.lake\packages\mathlib\.lake\build\lib\lean\Mathlib\Data\Part.olean
F:\LaTeX\BVE research\lean-proof\.lake\packages\mathlib\.lake\build\lib\lean\Mathlib\Data\Quot.olean
F:\LaTeX\BVE research\lean-proof\.lake\packages\mathlib\.lake\build\lib\lean\Mathlib\Data\Rel.olean
F:\LaTeX\BVE research\lean-proof\.lake\packages\mathlib\.lake\build\lib\lean\Mathlib\Data\SProd.olean
F:\LaTeX\BVE research\lean-proof\.lake\packages\mathlib\.lake\build\lib\lean\Mathlib\Data\Subtype.olean
F:\LaTeX\BVE research\lean-proof\.lake\packages\mathlib\.lake\build\lib\lean\Mathlib\Data\ULift.olean
F:\LaTeX\BVE research\lean-proof\.lake\packages\mathlib\.lake\build\lib\lean\Mathlib\GroupTheory\Archimedean.olean
F:\LaTeX\BVE research\lean-proof\.lake\packages\mathlib\.lake\build\lib\lean\Mathlib\GroupTheory\DedekindFinite.olean
F:\LaTeX\BVE research\lean-proof\.lake\packages\mathlib\.lake\build\lib\lean\Mathlib\GroupTheory\Divisible.olean
F:\LaTeX\BVE research\lean-proof\.lake\packages\mathlib\.lake\build\lib\lean\Mathlib\GroupTheory\Exponent.olean
F:\LaTeX\BVE research\lean-proof\.lake\packages\mathlib\.lake\build\lib\lean\Mathlib\GroupTheory\Finiteness.olean
F:\LaTeX\BVE research\lean-proof\.lake\packages\mathlib\.lake\build\lib\lean\Mathlib\GroupTheory\FreeAbelianGroup.olean
F:\LaTeX\BVE research\lean-proof\.lake\packages\mathlib\.lake\build\lib\lean\Mathlib\GroupTheory\Index.olean
F:\LaTeX\BVE research\lean-proof\.lake\packages\mathlib\.lake\build\lib\lean\Mathlib\GroupTheory\NoncommPiCoprod.olean
F:\LaTeX\BVE research\lean-proof\.lake\packages\mathlib\.lake\build\lib\lean\Mathlib\GroupTheory\OrderOfElement.olean
F:\LaTeX\BVE research\lean-proof\.lake\packages\mathlib\.lake\build\lib\lean\Mathlib\Lean\ContextInfo.olean
F:\LaTeX\BVE research\lean-proof\.lake\packages\mathlib\.lake\build\lib\lean\Mathlib\Lean\Environment.olean
F:\LaTeX\BVE research\lean-proof\.lake\packages\mathlib\.lake\build\lib\lean\Mathlib\Lean\GoalsLocation.olean
F:\LaTeX\BVE research\lean-proof\.lake\packages\mathlib\.lake\build\lib\lean\Mathlib\Lean\Linter.olean
F:\LaTeX\BVE research\lean-proof\.lake\packages\mathlib\.lake\build\lib\lean\Mathlib\Lean\Meta.olean
F:\LaTeX\BVE research\lean-proof\.lake\packages\mathlib\.lake\build\lib\lean\Mathlib\Lean\Name.olean
F:\LaTeX\BVE research\lean-proof\.lake\packages\mathlib\.lake\build\lib\lean\Mathlib\LinearAlgebra\BilinearMap.olean
F:\LaTeX\BVE research\lean-proof\.lake\packages\mathlib\.lake\build\lib\lean\Mathlib\LinearAlgebra\DFinsupp.olean
F:\LaTeX\BVE research\lean-proof\.lake\packages\mathlib\.lake\build\lib\lean\Mathlib\LinearAlgebra\Determinant.olean
F:\LaTeX\BVE research\lean-proof\.lake\packages\mathlib\.lake\build\lib\lean\Mathlib\LinearAlgebra\InvariantBasisNumber.olean
F:\LaTeX\BVE research\lean-proof\.lake\packages\mathlib\.lake\build\lib\lean\Mathlib\LinearAlgebra\Isomorphisms.olean
F:\LaTeX\BVE research\lean-proof\.lake\packages\mathlib\.lake\build\lib\lean\Mathlib\LinearAlgebra\LinearPMap.olean
F:\LaTeX\BVE research\lean-proof\.lake\packages\mathlib\.lake\build\lib\lean\Mathlib\LinearAlgebra\Pi.olean
F:\LaTeX\BVE research\lean-proof\.lake\packages\mathlib\.lake\build\lib\lean\Mathlib\LinearAlgebra\Prod.olean
F:\LaTeX\BVE research\lean-proof\.lake\packages\mathlib\.lake\build\lib\lean\Mathlib\LinearAlgebra\Projection.olean
F:\LaTeX\BVE research\lean-proof\.lake\packages\mathlib\.lake\build\lib\lean\Mathlib\LinearAlgebra\Ray.olean
F:\LaTeX\BVE research\lean-proof\.lake\packages\mathlib\.lake\build\lib\lean\Mathlib\LinearAlgebra\StdBasis.olean
F:\LaTeX\BVE research\lean-proof\.lake\packages\mathlib\.lake\build\lib\lean\Mathlib\LinearAlgebra\UnitaryGroup.olean
F:\LaTeX\BVE research\lean-proof\.lake\packages\mathlib\.lake\build\lib\lean\Mathlib\Logic\Basic.olean
F:\LaTeX\BVE research\lean-proof\.lake\packages\mathlib\.lake\build\lib\lean\Mathlib\Logic\Denumerable.olean
F:\LaTeX\BVE research\lean-proof\.lake\packages\mathlib\.lake\build\lib\lean\Mathlib\Logic\ExistsUnique.olean
F:\LaTeX\BVE research\lean-proof\.lake\packages\mathlib\.lake\build\lib\lean\Mathlib\Logic\Nonempty.olean
F:\LaTeX\BVE research\lean-proof\.lake\packages\mathlib\.lake\build\lib\lean\Mathlib\Logic\OpClass.olean
F:\LaTeX\BVE research\lean-proof\.lake\packages\mathlib\.lake\build\lib\lean\Mathlib\Logic\Pairwise.olean
F:\LaTeX\BVE research\lean-proof\.lake\packages\mathlib\.lake\build\lib\lean\Mathlib\Logic\Relation.olean
F:\LaTeX\BVE research\lean-proof\.lake\packages\mathlib\.lake\build\lib\lean\Mathlib\Logic\Relator.olean
F:\LaTeX\BVE research\lean-proof\.lake\packages\mathlib\.lake\build\lib\lean\Mathlib\Logic\Unique.olean
F:\LaTeX\BVE research\lean-proof\.lake\packages\mathlib\.lake\build\lib\lean\Mathlib\Logic\UnivLE.olean
F:\LaTeX\BVE research\lean-proof\.lake\packages\mathlib\.lake\build\lib\lean\Mathlib\NumberTheory\Divisors.olean
F:\LaTeX\BVE research\lean-proof\.lake\packages\mathlib\.lake\build\lib\lean\Mathlib\Order\Antichain.olean
F:\LaTeX\BVE research\lean-proof\.lake\packages\mathlib\.lake\build\lib\lean\Mathlib\Order\Antisymmetrization.olean
F:\LaTeX\BVE research\lean-proof\.lake\packages\mathlib\.lake\build\lib\lean\Mathlib\Order\Atoms.olean
F:\LaTeX\BVE research\lean-proof\.lake\packages\mathlib\.lake\build\lib\lean\Mathlib\Order\Basic.olean
F:\LaTeX\BVE research\lean-proof\.lake\packages\mathlib\.lake\build\lib\lean\Mathlib\Order\BourbakiWitt.olean
F:\LaTeX\BVE research\lean-proof\.lake\packages\mathlib\.lake\build\lib\lean\Mathlib\Order\Circular.olean
F:\LaTeX\BVE research\lean-proof\.lake\packages\mathlib\.lake\build\lib\lean\Mathlib\Order\Closure.olean
F:\LaTeX\BVE research\lean-proof\.lake\packages\mathlib\.lake\build\lib\lean\Mathlib\Order\Cofinal.olean
F:\LaTeX\BVE research\lean-proof\.lake\packages\mathlib\.lake\build\lib\lean\Mathlib\Order\Compare.olean
F:\LaTeX\BVE research\lean-proof\.lake\packages\mathlib\.lake\build\lib\lean\Mathlib\Order\CompleteBooleanAlgebra.olean
F:\LaTeX\BVE research\lean-proof\.lake\packages\mathlib\.lake\build\lib\lean\Mathlib\Order\CompleteLatticeIntervals.olean
F:\LaTeX\BVE research\lean-proof\.lake\packages\mathlib\.lake\build\lib\lean\Mathlib\Order\Copy.olean
F:\LaTeX\BVE research\lean-proof\.lake\packages\mathlib\.lake\build\lib\lean\Mathlib\Order\Cover.olean
F:\LaTeX\BVE research\lean-proof\.lake\packages\mathlib\.lake\build\lib\lean\Mathlib\Order\DirSupClosed.olean
F:\LaTeX\BVE research\lean-proof\.lake\packages\mathlib\.lake\build\lib\lean\Mathlib\Order\Directed.olean
F:\LaTeX\BVE research\lean-proof\.lake\packages\mathlib\.lake\build\lib\lean\Mathlib\Order\Disjoint.olean
F:\LaTeX\BVE research\lean-proof\.lake\packages\mathlib\.lake\build\lib\lean\Mathlib\Order\Disjointed.olean
F:\LaTeX\BVE research\lean-proof\.lake\packages\mathlib\.lake\build\lib\lean\Mathlib\Order\FixedPoints.olean
F:\LaTeX\BVE research\lean-proof\.lake\packages\mathlib\.lake\build\lib\lean\Mathlib\Order\InitialSeg.olean
F:\LaTeX\BVE research\lean-proof\.lake\packages\mathlib\.lake\build\lib\lean\Mathlib\Order\IsNormal.olean
F:\LaTeX\BVE research\lean-proof\.lake\packages\mathlib\.lake\build\lib\lean\Mathlib\Order\Iterate.olean
F:\LaTeX\BVE research\lean-proof\.lake\packages\mathlib\.lake\build\lib\lean\Mathlib\Order\JordanHolder.olean
F:\LaTeX\BVE research\lean-proof\.lake\packages\mathlib\.lake\build\lib\lean\Mathlib\Order\Lattice.olean
F:\LaTeX\BVE research\lean-proof\.lake\packages\mathlib\.lake\build\lib\lean\Mathlib\Order\LatticeIntervals.olean
F:\LaTeX\BVE research\lean-proof\.lake\packages\mathlib\.lake\build\lib\lean\Mathlib\Order\Lex.olean
F:\LaTeX\BVE research\lean-proof\.lake\packages\mathlib\.lake\build\lib\lean\Mathlib\Order\LiminfLimsup.olean
F:\LaTeX\BVE research\lean-proof\.lake\packages\mathlib\.lake\build\lib\lean\Mathlib\Order\Max.olean
F:\LaTeX\BVE research\lean-proof\.lake\packages\mathlib\.lake\build\lib\lean\Mathlib\Order\MinMax.olean
F:\LaTeX\BVE research\lean-proof\.lake\packages\mathlib\.lake\build\lib\lean\Mathlib\Order\Minimal.olean
F:\LaTeX\BVE research\lean-proof\.lake\packages\mathlib\.lake\build\lib\lean\Mathlib\Order\ModularLattice.olean
F:\LaTeX\BVE research\lean-proof\.lake\packages\mathlib\.lake\build\lib\lean\Mathlib\Order\Nat.olean
F:\LaTeX\BVE research\lean-proof\.lake\packages\mathlib\.lake\build\lib\lean\Mathlib\Order\Notation.olean
F:\LaTeX\BVE research\lean-proof\.lake\packages\mathlib\.lake\build\lib\lean\Mathlib\Order\OmegaCompletePartialOrder.olean
F:\LaTeX\BVE research\lean-proof\.lake\packages\mathlib\.lake\build\lib\lean\Mathlib\Order\OrdContinuous.olean
F:\LaTeX\BVE research\lean-proof\.lake\packages\mathlib\.lake\build\lib\lean\Mathlib\Order\OrderDual.olean
F:\LaTeX\BVE research\lean-proof\.lake\packages\mathlib\.lake\build\lib\lean\Mathlib\Order\OrderIsoNat.olean
F:\LaTeX\BVE research\lean-proof\.lake\packages\mathlib\.lake\build\lib\lean\Mathlib\Order\Part.olean
F:\LaTeX\BVE research\lean-proof\.lake\packages\mathlib\.lake\build\lib\lean\Mathlib\Order\PartialSups.olean
F:\LaTeX\BVE research\lean-proof\.lake\packages\mathlib\.lake\build\lib\lean\Mathlib\Order\PiLex.olean
F:\LaTeX\BVE research\lean-proof\.lake\packages\mathlib\.lake\build\lib\lean\Mathlib\Order\PropInstances.olean
F:\LaTeX\BVE research\lean-proof\.lake\packages\mathlib\.lake\build\lib\lean\Mathlib\Order\RelClasses.olean
F:\LaTeX\BVE research\lean-proof\.lake\packages\mathlib\.lake\build\lib\lean\Mathlib\Order\RelSeries.olean
F:\LaTeX\BVE research\lean-proof\.lake\packages\mathlib\.lake\build\lib\lean\Mathlib\Order\ScottContinuity.olean
F:\LaTeX\BVE research\lean-proof\.lake\packages\mathlib\.lake\build\lib\lean\Mathlib\Order\SetNotation.olean
F:\LaTeX\BVE research\lean-proof\.lake\packages\mathlib\.lake\build\lib\lean\Mathlib\Order\Sublattice.olean
F:\LaTeX\BVE research\lean-proof\.lake\packages\mathlib\.lake\build\lib\lean\Mathlib\Order\SupClosed.olean
F:\LaTeX\BVE research\lean-proof\.lake\packages\mathlib\.lake\build\lib\lean\Mathlib\Order\SupIndep.olean
F:\LaTeX\BVE research\lean-proof\.lake\packages\mathlib\.lake\build\lib\lean\Mathlib\Order\SymmDiff.olean
F:\LaTeX\BVE research\lean-proof\.lake\packages\mathlib\.lake\build\lib\lean\Mathlib\Order\TypeTags.olean
F:\LaTeX\BVE research\lean-proof\.lake\packages\mathlib\.lake\build\lib\lean\Mathlib\Order\ULift.olean
F:\LaTeX\BVE research\lean-proof\.lake\packages\mathlib\.lake\build\lib\lean\Mathlib\Order\WellFounded.olean
F:\LaTeX\BVE research\lean-proof\.lake\packages\mathlib\.lake\build\lib\lean\Mathlib\Order\WellFoundedSet.olean
F:\LaTeX\BVE research\lean-proof\.lake\packages\mathlib\.lake\build\lib\lean\Mathlib\Order\WellQuasiOrder.olean
F:\LaTeX\BVE research\lean-proof\.lake\packages\mathlib\.lake\build\lib\lean\Mathlib\Order\WithBot.olean
F:\LaTeX\BVE research\lean-proof\.lake\packages\mathlib\.lake\build\lib\lean\Mathlib\Order\Zorn.olean
F:\LaTeX\BVE research\lean-proof\.lake\packages\mathlib\.lake\build\lib\lean\Mathlib\Order\ZornAtoms.olean
F:\LaTeX\BVE research\lean-proof\.lake\packages\mathlib\.lake\build\lib\lean\Mathlib\RingTheory\AlgebraTower.olean
F:\LaTeX\BVE research\lean-proof\.lake\packages\mathlib\.lake\build\lib\lean\Mathlib\RingTheory\FiniteType.olean
F:\LaTeX\BVE research\lean-proof\.lake\packages\mathlib\.lake\build\lib\lean\Mathlib\RingTheory\IntegralDomain.olean
F:\LaTeX\BVE research\lean-proof\.lake\packages\mathlib\.lake\build\lib\lean\Mathlib\RingTheory\Multiplicity.olean
F:\LaTeX\BVE research\lean-proof\.lake\packages\mathlib\.lake\build\lib\lean\Mathlib\RingTheory\OrzechProperty.olean
F:\LaTeX\BVE research\lean-proof\.lake\packages\mathlib\.lake\build\lib\lean\Mathlib\RingTheory\PrincipalIdealDomain.olean
F:\LaTeX\BVE research\lean-proof\.lake\packages\mathlib\.lake\build\lib\lean\Mathlib\Tactic\Abel.olean
F:\LaTeX\BVE research\lean-proof\.lake\packages\mathlib\.lake\build\lib\lean\Mathlib\Tactic\AdaptationNote.olean
F:\LaTeX\BVE research\lean-proof\.lake\packages\mathlib\.lake\build\lib\lean\Mathlib\Tactic\Algebraize.olean
F:\LaTeX\BVE research\lean-proof\.lake\packages\mathlib\.lake\build\lib\lean\Mathlib\Tactic\ApplyAt.olean
F:\LaTeX\BVE research\lean-proof\.lake\packages\mathlib\.lake\build\lib\lean\Mathlib\Tactic\ApplyCongr.olean
F:\LaTeX\BVE research\lean-proof\.lake\packages\mathlib\.lake\build\lib\lean\Mathlib\Tactic\ApplyFun.olean
F:\LaTeX\BVE research\lean-proof\.lake\packages\mathlib\.lake\build\lib\lean\Mathlib\Tactic\ApplyWith.olean
F:\LaTeX\BVE research\lean-proof\.lake\packages\mathlib\.lake\build\lib\lean\Mathlib\Tactic\Basic.olean
F:\LaTeX\BVE research\lean-proof\.lake\packages\mathlib\.lake\build\lib\lean\Mathlib\Tactic\Bound.olean
F:\LaTeX\BVE research\lean-proof\.lake\packages\mathlib\.lake\build\lib\lean\Mathlib\Tactic\ByCases.olean
F:\LaTeX\BVE research\lean-proof\.lake\packages\mathlib\.lake\build\lib\lean\Mathlib\Tactic\ByContra.olean
F:\LaTeX\BVE research\lean-proof\.lake\packages\mathlib\.lake\build\lib\lean\Mathlib\Tactic\CasesM.olean
F:\LaTeX\BVE research\lean-proof\.lake\packages\mathlib\.lake\build\lib\lean\Mathlib\Tactic\Check.olean
F:\LaTeX\BVE research\lean-proof\.lake\packages\mathlib\.lake\build\lib\lean\Mathlib\Tactic\Choose.olean
F:\LaTeX\BVE research\lean-proof\.lake\packages\mathlib\.lake\build\lib\lean\Mathlib\Tactic\ClearExcept.olean
F:\LaTeX\BVE research\lean-proof\.lake\packages\mathlib\.lake\build\lib\lean\Mathlib\Tactic\ClearExclamation.olean
F:\LaTeX\BVE research\lean-proof\.lake\packages\mathlib\.lake\build\lib\lean\Mathlib\Tactic\Clear_.olean
F:\LaTeX\BVE research\lean-proof\.lake\packages\mathlib\.lake\build\lib\lean\Mathlib\Tactic\Coe.olean
F:\LaTeX\BVE research\lean-proof\.lake\packages\mathlib\.lake\build\lib\lean\Mathlib\Tactic\Common.olean
F:\LaTeX\BVE research\lean-proof\.lake\packages\mathlib\.lake\build\lib\lean\Mathlib\Tactic\ComputeDegree.olean
F:\LaTeX\BVE research\lean-proof\.lake\packages\mathlib\.lake\build\lib\lean\Mathlib\Tactic\CongrExclamation.olean
F:\LaTeX\BVE research\lean-proof\.lake\packages\mathlib\.lake\build\lib\lean\Mathlib\Tactic\CongrM.olean
F:\LaTeX\BVE research\lean-proof\.lake\packages\mathlib\.lake\build\lib\lean\Mathlib\Tactic\Constructor.olean
F:\LaTeX\BVE research\lean-proof\.lake\packages\mathlib\.lake\build\lib\lean\Mathlib\Tactic\Continuity.olean
F:\LaTeX\BVE research\lean-proof\.lake\packages\mathlib\.lake\build\lib\lean\Mathlib\Tactic\ContinuousFunctionalCalculus.olean
F:\LaTeX\BVE research\lean-proof\.lake\packages\mathlib\.lake\build\lib\lean\Mathlib\Tactic\Contrapose.olean
F:\LaTeX\BVE research\lean-proof\.lake\packages\mathlib\.lake\build\lib\lean\Mathlib\Tactic\Conv.olean
F:\LaTeX\BVE research\lean-proof\.lake\packages\mathlib\.lake\build\lib\lean\Mathlib\Tactic\Convert.olean
F:\LaTeX\BVE research\lean-proof\.lake\packages\mathlib\.lake\build\lib\lean\Mathlib\Tactic\Core.olean
F:\LaTeX\BVE research\lean-proof\.lake\packages\mathlib\.lake\build\lib\lean\Mathlib\Tactic\CrossRefAttribute.olean
F:\LaTeX\BVE research\lean-proof\.lake\packages\mathlib\.lake\build\lib\lean\Mathlib\Tactic\DSimpPercent.olean
F:\LaTeX\BVE research\lean-proof\.lake\packages\mathlib\.lake\build\lib\lean\Mathlib\Tactic\DeclarationNames.olean
F:\LaTeX\BVE research\lean-proof\.lake\packages\mathlib\.lake\build\lib\lean\Mathlib\Tactic\DefEqAbuse.olean
F:\LaTeX\BVE research\lean-proof\.lake\packages\mathlib\.lake\build\lib\lean\Mathlib\Tactic\DefEqTransformations.olean
F:\LaTeX\BVE research\lean-proof\.lake\packages\mathlib\.lake\build\lib\lean\Mathlib\Tactic\DepRewrite.olean
F:\LaTeX\BVE research\lean-proof\.lake\packages\mathlib\.lake\build\lib\lean\Mathlib\Tactic\DeprecateTo.olean
F:\LaTeX\BVE research\lean-proof\.lake\packages\mathlib\.lake\build\lib\lean\Mathlib\Tactic\DeriveFintype.olean
F:\LaTeX\BVE research\lean-proof\.lake\packages\mathlib\.lake\build\lib\lean\Mathlib\Tactic\Eqns.olean
F:\LaTeX\BVE research\lean-proof\.lake\packages\mathlib\.lake\build\lib\lean\Mathlib\Tactic\ErwQuestion.olean
F:\LaTeX\BVE research\lean-proof\.lake\packages\mathlib\.lake\build\lib\lean\Mathlib\Tactic\ExistsI.olean
F:\LaTeX\BVE research\lean-proof\.lake\packages\mathlib\.lake\build\lib\lean\Mathlib\Tactic\ExtendDoc.olean
F:\LaTeX\BVE research\lean-proof\.lake\packages\mathlib\.lake\build\lib\lean\Mathlib\Tactic\ExtractGoal.olean
F:\LaTeX\BVE research\lean-proof\.lake\packages\mathlib\.lake\build\lib\lean\Mathlib\Tactic\FBinop.olean
F:\LaTeX\BVE research\lean-proof\.lake\packages\mathlib\.lake\build\lib\lean\Mathlib\Tactic\FailIfNoProgress.olean
F:\LaTeX\BVE research\lean-proof\.lake\packages\mathlib\.lake\build\lib\lean\Mathlib\Tactic\FastInstance.olean
F:\LaTeX\BVE research\lean-proof\.lake\packages\mathlib\.lake\build\lib\lean\Mathlib\Tactic\Field.olean
F:\LaTeX\BVE research\lean-proof\.lake\packages\mathlib\.lake\build\lib\lean\Mathlib\Tactic\FieldSimp.olean
F:\LaTeX\BVE research\lean-proof\.lake\packages\mathlib\.lake\build\lib\lean\Mathlib\Tactic\FinCases.olean
F:\LaTeX\BVE research\lean-proof\.lake\packages\mathlib\.lake\build\lib\lean\Mathlib\Tactic\Find.olean
F:\LaTeX\BVE research\lean-proof\.lake\packages\mathlib\.lake\build\lib\lean\Mathlib\Tactic\Finiteness.olean
F:\LaTeX\BVE research\lean-proof\.lake\packages\mathlib\.lake\build\lib\lean\Mathlib\Tactic\FunProp.olean
F:\LaTeX\BVE research\lean-proof\.lake\packages\mathlib\.lake\build\lib\lean\Mathlib\Tactic\GCongr.olean
F:\LaTeX\BVE research\lean-proof\.lake\packages\mathlib\.lake\build\lib\lean\Mathlib\Tactic\GRewrite.olean
F:\LaTeX\BVE research\lean-proof\.lake\packages\mathlib\.lake\build\lib\lean\Mathlib\Tactic\Group.olean
F:\LaTeX\BVE research\lean-proof\.lake\packages\mathlib\.lake\build\lib\lean\Mathlib\Tactic\GuardGoalNums.olean
F:\LaTeX\BVE research\lean-proof\.lake\packages\mathlib\.lake\build\lib\lean\Mathlib\Tactic\GuardHypNums.olean
F:\LaTeX\BVE research\lean-proof\.lake\packages\mathlib\.lake\build\lib\lean\Mathlib\Tactic\HaveI.olean
F:\LaTeX\BVE research\lean-proof\.lake\packages\mathlib\.lake\build\lib\lean\Mathlib\Tactic\HigherOrder.olean
F:\LaTeX\BVE research\lean-proof\.lake\packages\mathlib\.lake\build\lib\lean\Mathlib\Tactic\Hint.olean
F:\LaTeX\BVE research\lean-proof\.lake\packages\mathlib\.lake\build\lib\lean\Mathlib\Tactic\InferParam.olean
F:\LaTeX\BVE research\lean-proof\.lake\packages\mathlib\.lake\build\lib\lean\Mathlib\Tactic\Inhabit.olean
F:\LaTeX\BVE research\lean-proof\.lake\packages\mathlib\.lake\build\lib\lean\Mathlib\Tactic\IntervalCases.olean
F:\LaTeX\BVE research\lean-proof\.lake\packages\mathlib\.lake\build\lib\lean\Mathlib\Tactic\IrreducibleDef.olean
F:\LaTeX\BVE research\lean-proof\.lake\packages\mathlib\.lake\build\lib\lean\Mathlib\Tactic\Lemma.olean
F:\LaTeX\BVE research\lean-proof\.lake\packages\mathlib\.lake\build\lib\lean\Mathlib\Tactic\Lift.olean
F:\LaTeX\BVE research\lean-proof\.lake\packages\mathlib\.lake\build\lib\lean\Mathlib\Tactic\Linarith.olean
F:\LaTeX\BVE research\lean-proof\.lake\packages\mathlib\.lake\build\lib\lean\Mathlib\Tactic\LinearCombination.olean
F:\LaTeX\BVE research\lean-proof\.lake\packages\mathlib\.lake\build\lib\lean\Mathlib\Tactic\Linter.olean
F:\LaTeX\BVE research\lean-proof\.lake\packages\mathlib\.lake\build\lib\lean\Mathlib\Tactic\MinImports.olean
F:\LaTeX\BVE research\lean-proof\.lake\packages\mathlib\.lake\build\lib\lean\Mathlib\Tactic\MkIffOfInductiveProp.olean
F:\LaTeX\BVE research\lean-proof\.lake\packages\mathlib\.lake\build\lib\lean\Mathlib\Tactic\Module.olean
F:\LaTeX\BVE research\lean-proof\.lake\packages\mathlib\.lake\build\lib\lean\Mathlib\Tactic\NoncommRing.olean
F:\LaTeX\BVE research\lean-proof\.lake\packages\mathlib\.lake\build\lib\lean\Mathlib\Tactic\Nontriviality.olean
F:\LaTeX\BVE research\lean-proof\.lake\packages\mathlib\.lake\build\lib\lean\Mathlib\Tactic\NormNum.olean
F:\LaTeX\BVE research\lean-proof\.lake\packages\mathlib\.lake\build\lib\lean\Mathlib\Tactic\NthRewrite.olean
F:\LaTeX\BVE research\lean-proof\.lake\packages\mathlib\.lake\build\lib\lean\Mathlib\Tactic\Observe.olean
F:\LaTeX\BVE research\lean-proof\.lake\packages\mathlib\.lake\build\lib\lean\Mathlib\Tactic\OfNat.olean
F:\LaTeX\BVE research\lean-proof\.lake\packages\mathlib\.lake\build\lib\lean\Mathlib\Tactic\Order.olean
F:\LaTeX\BVE research\lean-proof\.lake\packages\mathlib\.lake\build\lib\lean\Mathlib\Tactic\PPWithUniv.olean
F:\LaTeX\BVE research\lean-proof\.lake\packages\mathlib\.lake\build\lib\lean\Mathlib\Tactic\Peel.olean
F:\LaTeX\BVE research\lean-proof\.lake\packages\mathlib\.lake\build\lib\lean\Mathlib\Tactic\Positivity.olean
F:\LaTeX\BVE research\lean-proof\.lake\packages\mathlib\.lake\build\lib\lean\Mathlib\Tactic\ProxyType.olean
F:\LaTeX\BVE research\lean-proof\.lake\packages\mathlib\.lake\build\lib\lean\Mathlib\Tactic\Push.olean
F:\LaTeX\BVE research\lean-proof\.lake\packages\mathlib\.lake\build\lib\lean\Mathlib\Tactic\Qify.olean
F:\LaTeX\BVE research\lean-proof\.lake\packages\mathlib\.lake\build\lib\lean\Mathlib\Tactic\RSuffices.olean
F:\LaTeX\BVE research\lean-proof\.lake\packages\mathlib\.lake\build\lib\lean\Mathlib\Tactic\Recover.olean
F:\LaTeX\BVE research\lean-proof\.lake\packages\mathlib\.lake\build\lib\lean\Mathlib\Tactic\Rename.olean
F:\LaTeX\BVE research\lean-proof\.lake\packages\mathlib\.lake\build\lib\lean\Mathlib\Tactic\RenameBVar.olean
F:\LaTeX\BVE research\lean-proof\.lake\packages\mathlib\.lake\build\lib\lean\Mathlib\Tactic\Rify.olean
F:\LaTeX\BVE research\lean-proof\.lake\packages\mathlib\.lake\build\lib\lean\Mathlib\Tactic\Ring.olean
F:\LaTeX\BVE research\lean-proof\.lake\packages\mathlib\.lake\build\lib\lean\Mathlib\Tactic\Says.olean
F:\LaTeX\BVE research\lean-proof\.lake\packages\mathlib\.lake\build\lib\lean\Mathlib\Tactic\ScopedNS.olean
F:\LaTeX\BVE research\lean-proof\.lake\packages\mathlib\.lake\build\lib\lean\Mathlib\Tactic\Set.olean
F:\LaTeX\BVE research\lean-proof\.lake\packages\mathlib\.lake\build\lib\lean\Mathlib\Tactic\SetLike.olean
F:\LaTeX\BVE research\lean-proof\.lake\packages\mathlib\.lake\build\lib\lean\Mathlib\Tactic\SimpIntro.olean
F:\LaTeX\BVE research\lean-proof\.lake\packages\mathlib\.lake\build\lib\lean\Mathlib\Tactic\SimpRw.olean
F:\LaTeX\BVE research\lean-proof\.lake\packages\mathlib\.lake\build\lib\lean\Mathlib\Tactic\SplitIfs.olean
F:\LaTeX\BVE research\lean-proof\.lake\packages\mathlib\.lake\build\lib\lean\Mathlib\Tactic\Spread.olean
F:\LaTeX\BVE research\lean-proof\.lake\packages\mathlib\.lake\build\lib\lean\Mathlib\Tactic\Subsingleton.olean
F:\LaTeX\BVE research\lean-proof\.lake\packages\mathlib\.lake\build\lib\lean\Mathlib\Tactic\Substs.olean
F:\LaTeX\BVE research\lean-proof\.lake\packages\mathlib\.lake\build\lib\lean\Mathlib\Tactic\SuccessIfFailWithMsg.olean
F:\LaTeX\BVE research\lean-proof\.lake\packages\mathlib\.lake\build\lib\lean\Mathlib\Tactic\SudoSetOption.olean
F:\LaTeX\BVE research\lean-proof\.lake\packages\mathlib\.lake\build\lib\lean\Mathlib\Tactic\SuppressCompilation.olean
F:\LaTeX\BVE research\lean-proof\.lake\packages\mathlib\.lake\build\lib\lean\Mathlib\Tactic\SwapVar.olean
F:\LaTeX\BVE research\lean-proof\.lake\packages\mathlib\.lake\build\lib\lean\Mathlib\Tactic\TFAE.olean
F:\LaTeX\BVE research\lean-proof\.lake\packages\mathlib\.lake\build\lib\lean\Mathlib\Tactic\TacticAnalysis.olean
F:\LaTeX\BVE research\lean-proof\.lake\packages\mathlib\.lake\build\lib\lean\Mathlib\Tactic\Tauto.olean
F:\LaTeX\BVE research\lean-proof\.lake\packages\mathlib\.lake\build\lib\lean\Mathlib\Tactic\TautoSet.olean
F:\LaTeX\BVE research\lean-proof\.lake\packages\mathlib\.lake\build\lib\lean\Mathlib\Tactic\TermCongr.olean
F:\LaTeX\BVE research\lean-proof\.lake\packages\mathlib\.lake\build\lib\lean\Mathlib\Tactic\ToAdditive.olean
F:\LaTeX\BVE research\lean-proof\.lake\packages\mathlib\.lake\build\lib\lean\Mathlib\Tactic\ToDual.olean
F:\LaTeX\BVE research\lean-proof\.lake\packages\mathlib\.lake\build\lib\lean\Mathlib\Tactic\ToExpr.olean
F:\LaTeX\BVE research\lean-proof\.lake\packages\mathlib\.lake\build\lib\lean\Mathlib\Tactic\ToFun.olean
F:\LaTeX\BVE research\lean-proof\.lake\packages\mathlib\.lake\build\lib\lean\Mathlib\Tactic\ToLevel.olean
F:\LaTeX\BVE research\lean-proof\.lake\packages\mathlib\.lake\build\lib\lean\Mathlib\Tactic\Trace.olean
F:\LaTeX\BVE research\lean-proof\.lake\packages\mathlib\.lake\build\lib\lean\Mathlib\Tactic\TryThis.olean
F:\LaTeX\BVE research\lean-proof\.lake\packages\mathlib\.lake\build\lib\lean\Mathlib\Tactic\TypeStar.olean
F:\LaTeX\BVE research\lean-proof\.lake\packages\mathlib\.lake\build\lib\lean\Mathlib\Tactic\UnsetOption.olean
F:\LaTeX\BVE research\lean-proof\.lake\packages\mathlib\.lake\build\lib\lean\Mathlib\Tactic\Use.olean
F:\LaTeX\BVE research\lean-proof\.lake\packages\mathlib\.lake\build\lib\lean\Mathlib\Tactic\Variable.olean
F:\LaTeX\BVE research\lean-proof\.lake\packages\mathlib\.lake\build\lib\lean\Mathlib\Tactic\WLOG.olean
F:\LaTeX\BVE research\lean-proof\.lake\packages\mathlib\.lake\build\lib\lean\Mathlib\Tactic\Zify.olean
F:\LaTeX\BVE research\lean-proof\.lake\packages\mathlib\.lake\build\lib\lean\Mathlib\Topology\AlexandrovDiscrete.olean
F:\LaTeX\BVE research\lean-proof\.lake\packages\mathlib\.lake\build\lib\lean\Mathlib\Topology\Bases.olean
F:\LaTeX\BVE research\lean-proof\.lake\packages\mathlib\.lake\build\lib\lean\Mathlib\Topology\Basic.olean
F:\LaTeX\BVE research\lean-proof\.lake\packages\mathlib\.lake\build\lib\lean\Mathlib\Topology\Clopen.olean
F:\LaTeX\BVE research\lean-proof\.lake\packages\mathlib\.lake\build\lib\lean\Mathlib\Topology\Closure.olean
F:\LaTeX\BVE research\lean-proof\.lake\packages\mathlib\.lake\build\lib\lean\Mathlib\Topology\ClusterPt.olean
F:\LaTeX\BVE research\lean-proof\.lake\packages\mathlib\.lake\build\lib\lean\Mathlib\Topology\Coherent.olean
F:\LaTeX\BVE research\lean-proof\.lake\packages\mathlib\.lake\build\lib\lean\Mathlib\Topology\CompactOpen.olean
F:\LaTeX\BVE research\lean-proof\.lake\packages\mathlib\.lake\build\lib\lean\Mathlib\Topology\Constructions.olean
F:\LaTeX\BVE research\lean-proof\.lake\packages\mathlib\.lake\build\lib\lean\Mathlib\Topology\Continuous.olean
F:\LaTeX\BVE research\lean-proof\.lake\packages\mathlib\.lake\build\lib\lean\Mathlib\Topology\ContinuousOn.olean
F:\LaTeX\BVE research\lean-proof\.lake\packages\mathlib\.lake\build\lib\lean\Mathlib\Topology\DenseEmbedding.olean
F:\LaTeX\BVE research\lean-proof\.lake\packages\mathlib\.lake\build\lib\lean\Mathlib\Topology\DiscreteSubset.olean
F:\LaTeX\BVE research\lean-proof\.lake\packages\mathlib\.lake\build\lib\lean\Mathlib\Topology\Inseparable.olean
F:\LaTeX\BVE research\lean-proof\.lake\packages\mathlib\.lake\build\lib\lean\Mathlib\Topology\Irreducible.olean
F:\LaTeX\BVE research\lean-proof\.lake\packages\mathlib\.lake\build\lib\lean\Mathlib\Topology\LocallyFinite.olean
F:\LaTeX\BVE research\lean-proof\.lake\packages\mathlib\.lake\build\lib\lean\Mathlib\Topology\Neighborhoods.olean
F:\LaTeX\BVE research\lean-proof\.lake\packages\mathlib\.lake\build\lib\lean\Mathlib\Topology\NhdsKer.olean
F:\LaTeX\BVE research\lean-proof\.lake\packages\mathlib\.lake\build\lib\lean\Mathlib\Topology\NhdsSet.olean
F:\LaTeX\BVE research\lean-proof\.lake\packages\mathlib\.lake\build\lib\lean\Mathlib\Topology\NhdsWithin.olean
F:\LaTeX\BVE research\lean-proof\.lake\packages\mathlib\.lake\build\lib\lean\Mathlib\Topology\Order.olean
F:\LaTeX\BVE research\lean-proof\.lake\packages\mathlib\.lake\build\lib\lean\Mathlib\Topology\Path.olean
F:\LaTeX\BVE research\lean-proof\.lake\packages\mathlib\.lake\build\lib\lean\Mathlib\Topology\Piecewise.olean
F:\LaTeX\BVE research\lean-proof\.lake\packages\mathlib\.lake\build\lib\lean\Mathlib\Topology\Sequences.olean
F:\LaTeX\BVE research\lean-proof\.lake\packages\mathlib\.lake\build\lib\lean\Mathlib\Topology\Ultrafilter.olean
F:\LaTeX\BVE research\lean-proof\.lake\packages\mathlib\.lake\build\lib\lean\Mathlib\Topology\UnitInterval.olean
F:\LaTeX\BVE research\lean-proof\.lake\packages\mathlib\.lake\build\lib\lean\Mathlib\Topology\WithTopology.olean
F:\LaTeX\BVE research\lean-proof\.lake\packages\mathlib\.lake\build\lib\lean\Mathlib\Util\AddRelatedDecl.olean
F:\LaTeX\BVE research\lean-proof\.lake\packages\mathlib\.lake\build\lib\lean\Mathlib\Util\AtLocation.olean
F:\LaTeX\BVE research\lean-proof\.lake\packages\mathlib\.lake\build\lib\lean\Mathlib\Util\AtomM.olean
F:\LaTeX\BVE research\lean-proof\.lake\packages\mathlib\.lake\build\lib\lean\Mathlib\Util\CompileInductive.olean
F:\LaTeX\BVE research\lean-proof\.lake\packages\mathlib\.lake\build\lib\lean\Mathlib\Util\CountHeartbeats.olean
F:\LaTeX\BVE research\lean-proof\.lake\packages\mathlib\.lake\build\lib\lean\Mathlib\Util\DelabNonCanonical.olean
F:\LaTeX\BVE research\lean-proof\.lake\packages\mathlib\.lake\build\lib\lean\Mathlib\Util\Delaborators.olean
F:\LaTeX\BVE research\lean-proof\.lake\packages\mathlib\.lake\build\lib\lean\Mathlib\Util\DischargerAsTactic.olean
F:\LaTeX\BVE research\lean-proof\.lake\packages\mathlib\.lake\build\lib\lean\Mathlib\Util\ElabWithoutMVars.olean
F:\LaTeX\BVE research\lean-proof\.lake\packages\mathlib\.lake\build\lib\lean\Mathlib\Util\Notation3.olean
F:\LaTeX\BVE research\lean-proof\.lake\packages\mathlib\.lake\build\lib\lean\Mathlib\Util\PPOptions.olean
F:\LaTeX\BVE research\lean-proof\.lake\packages\mathlib\.lake\build\lib\lean\Mathlib\Util\ParseCommand.olean
F:\LaTeX\BVE research\lean-proof\.lake\packages\mathlib\.lake\build\lib\lean\Mathlib\Util\PrintSorries.olean
F:\LaTeX\BVE research\lean-proof\.lake\packages\mathlib\.lake\build\lib\lean\Mathlib\Util\Qq.olean
F:\LaTeX\BVE research\lean-proof\.lake\packages\mathlib\.lake\build\lib\lean\Mathlib\Util\Superscript.olean
F:\LaTeX\BVE research\lean-proof\.lake\packages\mathlib\.lake\build\lib\lean\Mathlib\Util\SynthesizeUsing.olean
F:\LaTeX\BVE research\lean-proof\.lake\packages\mathlib\.lake\build\lib\lean\Mathlib\Util\Tactic.olean
F:\LaTeX\BVE research\lean-proof\.lake\packages\mathlib\.lake\build\lib\lean\Mathlib\Util\TermReduce.olean
F:\LaTeX\BVE research\lean-proof\.lake\packages\mathlib\.lake\build\lib\lean\Mathlib\Util\TransImports.olean
F:\LaTeX\BVE research\lean-proof\.lake\packages\mathlib\.lake\build\lib\lean\Mathlib\Util\WhatsNew.olean
F:\LaTeX\BVE research\lean-proof\.lake\packages\mathlib\.lake\build\lib\lean\Mathlib\Util\WithWeakNamespace.olean
F:\LaTeX\BVE research\lean-proof\.lake\packages\proofwidgets\.lake\build\lib\lean\ProofWidgets\Component\Basic.olean
F:\LaTeX\BVE research\lean-proof\.lake\packages\proofwidgets\.lake\build\lib\lean\ProofWidgets\Component\FilterDetails.olean
F:\LaTeX\BVE research\lean-proof\.lake\packages\proofwidgets\.lake\build\lib\lean\ProofWidgets\Component\MakeEditLink.olean
F:\LaTeX\BVE research\lean-proof\.lake\packages\proofwidgets\.lake\build\lib\lean\ProofWidgets\Component\OfRpcMethod.olean
F:\LaTeX\BVE research\lean-proof\.lake\packages\proofwidgets\.lake\build\lib\lean\ProofWidgets\Data\Html.olean
F:\LaTeX\BVE research\lean-proof\.lake\packages\Qq\.lake\build\lib\lean\Qq\ForLean\Do.olean
F:\LaTeX\BVE research\lean-proof\.lake\packages\Qq\.lake\build\lib\lean\Qq\ForLean\ReduceEval.olean
F:\LaTeX\BVE research\lean-proof\.lake\packages\Qq\.lake\build\lib\lean\Qq\ForLean\ToExpr.olean
f:\DevCache\elan\toolchains\leanprover--lean4---v4.31.0\lib\lean\Std\Async\Basic.olean
f:\DevCache\elan\toolchains\leanprover--lean4---v4.31.0\lib\lean\Std\Async\ContextAsync.olean
f:\DevCache\elan\toolchains\leanprover--lean4---v4.31.0\lib\lean\Std\Async\DNS.olean
f:\DevCache\elan\toolchains\leanprover--lean4---v4.31.0\lib\lean\Std\Async\IO.olean
f:\DevCache\elan\toolchains\leanprover--lean4---v4.31.0\lib\lean\Std\Async\Process.olean
f:\DevCache\elan\toolchains\leanprover--lean4---v4.31.0\lib\lean\Std\Async\Select.olean
f:\DevCache\elan\toolchains\leanprover--lean4---v4.31.0\lib\lean\Std\Async\Signal.olean
f:\DevCache\elan\toolchains\leanprover--lean4---v4.31.0\lib\lean\Std\Async\System.olean
f:\DevCache\elan\toolchains\leanprover--lean4---v4.31.0\lib\lean\Std\Async\TCP.olean
f:\DevCache\elan\toolchains\leanprover--lean4---v4.31.0\lib\lean\Std\Async\Timer.olean
f:\DevCache\elan\toolchains\leanprover--lean4---v4.31.0\lib\lean\Std\Async\UDP.olean
f:\DevCache\elan\toolchains\leanprover--lean4---v4.31.0\lib\lean\Std\Data\ByteSlice.olean
f:\DevCache\elan\toolchains\leanprover--lean4---v4.31.0\lib\lean\Std\Data\DHashMap.olean
f:\DevCache\elan\toolchains\leanprover--lean4---v4.31.0\lib\lean\Std\Data\DTreeMap.olean
f:\DevCache\elan\toolchains\leanprover--lean4---v4.31.0\lib\lean\Std\Data\ExtDHashMap.olean
f:\DevCache\elan\toolchains\leanprover--lean4---v4.31.0\lib\lean\Std\Data\ExtDTreeMap.olean
f:\DevCache\elan\toolchains\leanprover--lean4---v4.31.0\lib\lean\Std\Data\ExtHashMap.olean
f:\DevCache\elan\toolchains\leanprover--lean4---v4.31.0\lib\lean\Std\Data\ExtHashSet.olean
f:\DevCache\elan\toolchains\leanprover--lean4---v4.31.0\lib\lean\Std\Data\ExtTreeMap.olean
f:\DevCache\elan\toolchains\leanprover--lean4---v4.31.0\lib\lean\Std\Data\ExtTreeSet.olean
f:\DevCache\elan\toolchains\leanprover--lean4---v4.31.0\lib\lean\Std\Data\HashMap.olean
f:\DevCache\elan\toolchains\leanprover--lean4---v4.31.0\lib\lean\Std\Data\HashSet.olean
f:\DevCache\elan\toolchains\leanprover--lean4---v4.31.0\lib\lean\Std\Data\Iterators.olean
f:\DevCache\elan\toolchains\leanprover--lean4---v4.31.0\lib\lean\Std\Data\String.olean
f:\DevCache\elan\toolchains\leanprover--lean4---v4.31.0\lib\lean\Std\Data\TreeMap.olean
f:\DevCache\elan\toolchains\leanprover--lean4---v4.31.0\lib\lean\Std\Data\TreeSet.olean
f:\DevCache\elan\toolchains\leanprover--lean4---v4.31.0\lib\lean\Std\Do\Internal.olean
f:\DevCache\elan\toolchains\leanprover--lean4---v4.31.0\lib\lean\Std\Do\PostCond.olean
f:\DevCache\elan\toolchains\leanprover--lean4---v4.31.0\lib\lean\Std\Do\PredTrans.olean
f:\DevCache\elan\toolchains\leanprover--lean4---v4.31.0\lib\lean\Std\Do\SPred.olean
f:\DevCache\elan\toolchains\leanprover--lean4---v4.31.0\lib\lean\Std\Do\Triple.olean
f:\DevCache\elan\toolchains\leanprover--lean4---v4.31.0\lib\lean\Std\Do\WP.olean
f:\DevCache\elan\toolchains\leanprover--lean4---v4.31.0\lib\lean\Std\Http\Data.olean
f:\DevCache\elan\toolchains\leanprover--lean4---v4.31.0\lib\lean\Std\Http\Internal.olean
f:\DevCache\elan\toolchains\leanprover--lean4---v4.31.0\lib\lean\Std\Http\Server.olean
f:\DevCache\elan\toolchains\leanprover--lean4---v4.31.0\lib\lean\Std\Http\Transport.olean
f:\DevCache\elan\toolchains\leanprover--lean4---v4.31.0\lib\lean\Std\Internal\Do.olean
f:\DevCache\elan\toolchains\leanprover--lean4---v4.31.0\lib\lean\Std\Internal\Parsec.olean
f:\DevCache\elan\toolchains\leanprover--lean4---v4.31.0\lib\lean\Std\Internal\UV.olean
f:\DevCache\elan\toolchains\leanprover--lean4---v4.31.0\lib\lean\Std\Net\Addr.olean
f:\DevCache\elan\toolchains\leanprover--lean4---v4.31.0\lib\lean\Std\Sat\AIG.olean
f:\DevCache\elan\toolchains\leanprover--lean4---v4.31.0\lib\lean\Std\Sat\CNF.olean
f:\DevCache\elan\toolchains\leanprover--lean4---v4.31.0\lib\lean\Std\Sync\Barrier.olean
f:\DevCache\elan\toolchains\leanprover--lean4---v4.31.0\lib\lean\Std\Sync\Basic.olean
f:\DevCache\elan\toolchains\leanprover--lean4---v4.31.0\lib\lean\Std\Sync\Broadcast.olean
f:\DevCache\elan\toolchains\leanprover--lean4---v4.31.0\lib\lean\Std\Sync\CancellationContext.olean
f:\DevCache\elan\toolchains\leanprover--lean4---v4.31.0\lib\lean\Std\Sync\CancellationToken.olean
f:\DevCache\elan\toolchains\leanprover--lean4---v4.31.0\lib\lean\Std\Sync\Channel.olean
f:\DevCache\elan\toolchains\leanprover--lean4---v4.31.0\lib\lean\Std\Sync\Mutex.olean
f:\DevCache\elan\toolchains\leanprover--lean4---v4.31.0\lib\lean\Std\Sync\Notify.olean
f:\DevCache\elan\toolchains\leanprover--lean4---v4.31.0\lib\lean\Std\Sync\RecursiveMutex.olean
f:\DevCache\elan\toolchains\leanprover--lean4---v4.31.0\lib\lean\Std\Sync\Semaphore.olean
f:\DevCache\elan\toolchains\leanprover--lean4---v4.31.0\lib\lean\Std\Sync\SharedMutex.olean
f:\DevCache\elan\toolchains\leanprover--lean4---v4.31.0\lib\lean\Std\Sync\StreamMap.olean
f:\DevCache\elan\toolchains\leanprover--lean4---v4.31.0\lib\lean\Std\Tactic\BVDecide.olean
f:\DevCache\elan\toolchains\leanprover--lean4---v4.31.0\lib\lean\Std\Tactic\Do.olean
f:\DevCache\elan\toolchains\leanprover--lean4---v4.31.0\lib\lean\Std\Time\Date.olean
f:\DevCache\elan\toolchains\leanprover--lean4---v4.31.0\lib\lean\Std\Time\DateTime.olean
f:\DevCache\elan\toolchains\leanprover--lean4---v4.31.0\lib\lean\Std\Time\Duration.olean
f:\DevCache\elan\toolchains\leanprover--lean4---v4.31.0\lib\lean\Std\Time\Format.olean
f:\DevCache\elan\toolchains\leanprover--lean4---v4.31.0\lib\lean\Std\Time\Internal.olean
f:\DevCache\elan\toolchains\leanprover--lean4---v4.31.0\lib\lean\Std\Time\Notation.olean
f:\DevCache\elan\toolchains\leanprover--lean4---v4.31.0\lib\lean\Std\Time\Time.olean
f:\DevCache\elan\toolchains\leanprover--lean4---v4.31.0\lib\lean\Std\Time\Zoned.olean
F:\LaTeX\BVE research\lean-proof\.lake\packages\aesop\.lake\build\lib\lean\Aesop\Forward\Match\Types.olean
F:\LaTeX\BVE research\lean-proof\.lake\packages\aesop\.lake\build\lib\lean\Aesop\Forward\State\ApplyGoalDiff.olean
F:\LaTeX\BVE research\lean-proof\.lake\packages\aesop\.lake\build\lib\lean\Aesop\Forward\State\Initial.olean
F:\LaTeX\BVE research\lean-proof\.lake\packages\aesop\.lake\build\lib\lean\Aesop\Forward\State\UpdateGoal.olean
F:\LaTeX\BVE research\lean-proof\.lake\packages\aesop\.lake\build\lib\lean\Aesop\Frontend\Extension\Init.olean
F:\LaTeX\BVE research\lean-proof\.lake\packages\aesop\.lake\build\lib\lean\Aesop\RuleTac\Forward\Basic.olean
F:\LaTeX\BVE research\lean-proof\.lake\packages\aesop\.lake\build\lib\lean\Aesop\Search\Expansion\Basic.olean
F:\LaTeX\BVE research\lean-proof\.lake\packages\aesop\.lake\build\lib\lean\Aesop\Search\Expansion\Norm.olean
F:\LaTeX\BVE research\lean-proof\.lake\packages\aesop\.lake\build\lib\lean\Aesop\Search\Expansion\Simp.olean
F:\LaTeX\BVE research\lean-proof\.lake\packages\aesop\.lake\build\lib\lean\Aesop\Search\Queue\Class.olean
F:\LaTeX\BVE research\lean-proof\.lake\packages\aesop\.lake\build\lib\lean\Aesop\Tree\Data\ForwardRuleMatches.olean
F:\LaTeX\BVE research\lean-proof\.lake\packages\aesop\.lake\build\lib\lean\Aesop\Util\Tactic\Ext.olean
F:\LaTeX\BVE research\lean-proof\.lake\packages\aesop\.lake\build\lib\lean\Aesop\Util\Tactic\Unfold.olean
F:\LaTeX\BVE research\lean-proof\.lake\packages\batteries\.lake\build\lib\lean\Batteries\Control\ForInStep\Basic.olean
F:\LaTeX\BVE research\lean-proof\.lake\packages\batteries\.lake\build\lib\lean\Batteries\Control\ForInStep\Lemmas.olean
F:\LaTeX\BVE research\lean-proof\.lake\packages\batteries\.lake\build\lib\lean\Batteries\Control\Nondet\Basic.olean
F:\LaTeX\BVE research\lean-proof\.lake\packages\batteries\.lake\build\lib\lean\Batteries\Data\Array\Basic.olean
F:\LaTeX\BVE research\lean-proof\.lake\packages\batteries\.lake\build\lib\lean\Batteries\Data\Array\Merge.olean
F:\LaTeX\BVE research\lean-proof\.lake\packages\batteries\.lake\build\lib\lean\Batteries\Data\BinomialHeap\Basic.olean
F:\LaTeX\BVE research\lean-proof\.lake\packages\batteries\.lake\build\lib\lean\Batteries\Data\Fin\Basic.olean
F:\LaTeX\BVE research\lean-proof\.lake\packages\batteries\.lake\build\lib\lean\Batteries\Data\Fin\Lemmas.olean
F:\LaTeX\BVE research\lean-proof\.lake\packages\batteries\.lake\build\lib\lean\Batteries\Data\List\Basic.olean
F:\LaTeX\BVE research\lean-proof\.lake\packages\batteries\.lake\build\lib\lean\Batteries\Data\List\Count.olean
F:\LaTeX\BVE research\lean-proof\.lake\packages\batteries\.lake\build\lib\lean\Batteries\Data\List\Lemmas.olean
F:\LaTeX\BVE research\lean-proof\.lake\packages\batteries\.lake\build\lib\lean\Batteries\Data\List\Pairwise.olean
F:\LaTeX\BVE research\lean-proof\.lake\packages\batteries\.lake\build\lib\lean\Batteries\Data\List\Perm.olean
F:\LaTeX\BVE research\lean-proof\.lake\packages\batteries\.lake\build\lib\lean\Batteries\Data\MLList\Basic.olean
F:\LaTeX\BVE research\lean-proof\.lake\packages\batteries\.lake\build\lib\lean\Batteries\Data\Nat\Basic.olean
F:\LaTeX\BVE research\lean-proof\.lake\packages\batteries\.lake\build\lib\lean\Batteries\Data\Nat\Lemmas.olean
F:\LaTeX\BVE research\lean-proof\.lake\packages\batteries\.lake\build\lib\lean\Batteries\Lean\Meta\Basic.olean
F:\LaTeX\BVE research\lean-proof\.lake\packages\batteries\.lake\build\lib\lean\Batteries\Lean\Meta\DiscrTree.olean
F:\LaTeX\BVE research\lean-proof\.lake\packages\batteries\.lake\build\lib\lean\Batteries\Lean\Meta\Expr.olean
F:\LaTeX\BVE research\lean-proof\.lake\packages\batteries\.lake\build\lib\lean\Batteries\Lean\Meta\Inaccessible.olean
F:\LaTeX\BVE research\lean-proof\.lake\packages\batteries\.lake\build\lib\lean\Batteries\Lean\Meta\InstantiateMVars.olean
F:\LaTeX\BVE research\lean-proof\.lake\packages\batteries\.lake\build\lib\lean\Batteries\Lean\Meta\SavedState.olean
F:\LaTeX\BVE research\lean-proof\.lake\packages\batteries\.lake\build\lib\lean\Batteries\Lean\Meta\UnusedNames.olean
F:\LaTeX\BVE research\lean-proof\.lake\packages\batteries\.lake\build\lib\lean\Batteries\Tactic\Lint\Basic.olean
F:\LaTeX\BVE research\lean-proof\.lake\packages\batteries\.lake\build\lib\lean\Batteries\Tactic\Lint\Frontend.olean
F:\LaTeX\BVE research\lean-proof\.lake\packages\batteries\.lake\build\lib\lean\Batteries\Tactic\Lint\Misc.olean
F:\LaTeX\BVE research\lean-proof\.lake\packages\batteries\.lake\build\lib\lean\Batteries\Tactic\Lint\Simp.olean
F:\LaTeX\BVE research\lean-proof\.lake\packages\batteries\.lake\build\lib\lean\Batteries\Tactic\Lint\TypeClass.olean
f:\DevCache\elan\toolchains\leanprover--lean4---v4.31.0\lib\lean\Init\Control\Lawful\Basic.olean
f:\DevCache\elan\toolchains\leanprover--lean4---v4.31.0\lib\lean\Init\Control\Lawful\Instances.olean
f:\DevCache\elan\toolchains\leanprover--lean4---v4.31.0\lib\lean\Init\Control\Lawful\Lemmas.olean
f:\DevCache\elan\toolchains\leanprover--lean4---v4.31.0\lib\lean\Init\Control\Lawful\MonadAttach.olean
f:\DevCache\elan\toolchains\leanprover--lean4---v4.31.0\lib\lean\Init\Control\Lawful\MonadLift.olean
f:\DevCache\elan\toolchains\leanprover--lean4---v4.31.0\lib\lean\Init\Data\Array\Attach.olean
f:\DevCache\elan\toolchains\leanprover--lean4---v4.31.0\lib\lean\Init\Data\Array\Basic.olean
f:\DevCache\elan\toolchains\leanprover--lean4---v4.31.0\lib\lean\Init\Data\Array\BasicAux.olean
f:\DevCache\elan\toolchains\leanprover--lean4---v4.31.0\lib\lean\Init\Data\Array\BinSearch.olean
f:\DevCache\elan\toolchains\leanprover--lean4---v4.31.0\lib\lean\Init\Data\Array\Bootstrap.olean
f:\DevCache\elan\toolchains\leanprover--lean4---v4.31.0\lib\lean\Init\Data\Array\Count.olean
f:\DevCache\elan\toolchains\leanprover--lean4---v4.31.0\lib\lean\Init\Data\Array\DecidableEq.olean
f:\DevCache\elan\toolchains\leanprover--lean4---v4.31.0\lib\lean\Init\Data\Array\Erase.olean
f:\DevCache\elan\toolchains\leanprover--lean4---v4.31.0\lib\lean\Init\Data\Array\Extract.olean
f:\DevCache\elan\toolchains\leanprover--lean4---v4.31.0\lib\lean\Init\Data\Array\FinRange.olean
f:\DevCache\elan\toolchains\leanprover--lean4---v4.31.0\lib\lean\Init\Data\Array\Find.olean
f:\DevCache\elan\toolchains\leanprover--lean4---v4.31.0\lib\lean\Init\Data\Array\GetLit.olean
f:\DevCache\elan\toolchains\leanprover--lean4---v4.31.0\lib\lean\Init\Data\Array\InsertIdx.olean
f:\DevCache\elan\toolchains\leanprover--lean4---v4.31.0\lib\lean\Init\Data\Array\InsertionSort.olean
f:\DevCache\elan\toolchains\leanprover--lean4---v4.31.0\lib\lean\Init\Data\Array\Int.olean
f:\DevCache\elan\toolchains\leanprover--lean4---v4.31.0\lib\lean\Init\Data\Array\Lemmas.olean
f:\DevCache\elan\toolchains\leanprover--lean4---v4.31.0\lib\lean\Init\Data\Array\Lex.olean
f:\DevCache\elan\toolchains\leanprover--lean4---v4.31.0\lib\lean\Init\Data\Array\MapIdx.olean
f:\DevCache\elan\toolchains\leanprover--lean4---v4.31.0\lib\lean\Init\Data\Array\Mem.olean
f:\DevCache\elan\toolchains\leanprover--lean4---v4.31.0\lib\lean\Init\Data\Array\MinMax.olean
f:\DevCache\elan\toolchains\leanprover--lean4---v4.31.0\lib\lean\Init\Data\Array\Monadic.olean
f:\DevCache\elan\toolchains\leanprover--lean4---v4.31.0\lib\lean\Init\Data\Array\Nat.olean
f:\DevCache\elan\toolchains\leanprover--lean4---v4.31.0\lib\lean\Init\Data\Array\OfFn.olean
f:\DevCache\elan\toolchains\leanprover--lean4---v4.31.0\lib\lean\Init\Data\Array\Perm.olean
f:\DevCache\elan\toolchains\leanprover--lean4---v4.31.0\lib\lean\Init\Data\Array\QSort.olean
f:\DevCache\elan\toolchains\leanprover--lean4---v4.31.0\lib\lean\Init\Data\Array\Range.olean
f:\DevCache\elan\toolchains\leanprover--lean4---v4.31.0\lib\lean\Init\Data\Array\Set.olean
f:\DevCache\elan\toolchains\leanprover--lean4---v4.31.0\lib\lean\Init\Data\Array\Sort.olean
f:\DevCache\elan\toolchains\leanprover--lean4---v4.31.0\lib\lean\Init\Data\Array\Subarray.olean
f:\DevCache\elan\toolchains\leanprover--lean4---v4.31.0\lib\lean\Init\Data\Array\TakeDrop.olean
f:\DevCache\elan\toolchains\leanprover--lean4---v4.31.0\lib\lean\Init\Data\Array\Zip.olean
f:\DevCache\elan\toolchains\leanprover--lean4---v4.31.0\lib\lean\Init\Data\BitVec\Basic.olean
f:\DevCache\elan\toolchains\leanprover--lean4---v4.31.0\lib\lean\Init\Data\BitVec\BasicAux.olean
f:\DevCache\elan\toolchains\leanprover--lean4---v4.31.0\lib\lean\Init\Data\BitVec\Bitblast.olean
f:\DevCache\elan\toolchains\leanprover--lean4---v4.31.0\lib\lean\Init\Data\BitVec\Bootstrap.olean
f:\DevCache\elan\toolchains\leanprover--lean4---v4.31.0\lib\lean\Init\Data\BitVec\Decidable.olean
f:\DevCache\elan\toolchains\leanprover--lean4---v4.31.0\lib\lean\Init\Data\BitVec\Folds.olean
f:\DevCache\elan\toolchains\leanprover--lean4---v4.31.0\lib\lean\Init\Data\BitVec\Lemmas.olean
f:\DevCache\elan\toolchains\leanprover--lean4---v4.31.0\lib\lean\Init\Data\ByteArray\Basic.olean
f:\DevCache\elan\toolchains\leanprover--lean4---v4.31.0\lib\lean\Init\Data\ByteArray\Bootstrap.olean
f:\DevCache\elan\toolchains\leanprover--lean4---v4.31.0\lib\lean\Init\Data\ByteArray\Extra.olean
f:\DevCache\elan\toolchains\leanprover--lean4---v4.31.0\lib\lean\Init\Data\ByteArray\Lemmas.olean
f:\DevCache\elan\toolchains\leanprover--lean4---v4.31.0\lib\lean\Init\Data\Char\Basic.olean
f:\DevCache\elan\toolchains\leanprover--lean4---v4.31.0\lib\lean\Init\Data\Char\Lemmas.olean
f:\DevCache\elan\toolchains\leanprover--lean4---v4.31.0\lib\lean\Init\Data\Char\Order.olean
f:\DevCache\elan\toolchains\leanprover--lean4---v4.31.0\lib\lean\Init\Data\Char\Ordinal.olean
f:\DevCache\elan\toolchains\leanprover--lean4---v4.31.0\lib\lean\Init\Data\Dyadic\Basic.olean
f:\DevCache\elan\toolchains\leanprover--lean4---v4.31.0\lib\lean\Init\Data\Dyadic\Instances.olean
f:\DevCache\elan\toolchains\leanprover--lean4---v4.31.0\lib\lean\Init\Data\Dyadic\Inv.olean
f:\DevCache\elan\toolchains\leanprover--lean4---v4.31.0\lib\lean\Init\Data\Dyadic\Round.olean
f:\DevCache\elan\toolchains\leanprover--lean4---v4.31.0\lib\lean\Init\Data\Fin\Basic.olean
f:\DevCache\elan\toolchains\leanprover--lean4---v4.31.0\lib\lean\Init\Data\Fin\Bitwise.olean
f:\DevCache\elan\toolchains\leanprover--lean4---v4.31.0\lib\lean\Init\Data\Fin\Fold.olean
f:\DevCache\elan\toolchains\leanprover--lean4---v4.31.0\lib\lean\Init\Data\Fin\Iterate.olean
f:\DevCache\elan\toolchains\leanprover--lean4---v4.31.0\lib\lean\Init\Data\Fin\Lemmas.olean
f:\DevCache\elan\toolchains\leanprover--lean4---v4.31.0\lib\lean\Init\Data\Fin\Log2.olean
f:\DevCache\elan\toolchains\leanprover--lean4---v4.31.0\lib\lean\Init\Data\Fin\OverflowAware.olean
f:\DevCache\elan\toolchains\leanprover--lean4---v4.31.0\lib\lean\Init\Data\FloatArray\Basic.olean
f:\DevCache\elan\toolchains\leanprover--lean4---v4.31.0\lib\lean\Init\Data\Format\Basic.olean
f:\DevCache\elan\toolchains\leanprover--lean4---v4.31.0\lib\lean\Init\Data\Format\Instances.olean
f:\DevCache\elan\toolchains\leanprover--lean4---v4.31.0\lib\lean\Init\Data\Format\Macro.olean
f:\DevCache\elan\toolchains\leanprover--lean4---v4.31.0\lib\lean\Init\Data\Format\Syntax.olean
f:\DevCache\elan\toolchains\leanprover--lean4---v4.31.0\lib\lean\Init\Data\Int\Basic.olean
f:\DevCache\elan\toolchains\leanprover--lean4---v4.31.0\lib\lean\Init\Data\Int\Bitwise.olean
f:\DevCache\elan\toolchains\leanprover--lean4---v4.31.0\lib\lean\Init\Data\Int\Compare.olean
f:\DevCache\elan\toolchains\leanprover--lean4---v4.31.0\lib\lean\Init\Data\Int\Cooper.olean
f:\DevCache\elan\toolchains\leanprover--lean4---v4.31.0\lib\lean\Init\Data\Int\DivMod.olean
f:\DevCache\elan\toolchains\leanprover--lean4---v4.31.0\lib\lean\Init\Data\Int\Gcd.olean
f:\DevCache\elan\toolchains\leanprover--lean4---v4.31.0\lib\lean\Init\Data\Int\Lemmas.olean
f:\DevCache\elan\toolchains\leanprover--lean4---v4.31.0\lib\lean\Init\Data\Int\LemmasAux.olean
f:\DevCache\elan\toolchains\leanprover--lean4---v4.31.0\lib\lean\Init\Data\Int\Linear.olean
f:\DevCache\elan\toolchains\leanprover--lean4---v4.31.0\lib\lean\Init\Data\Int\OfNat.olean
f:\DevCache\elan\toolchains\leanprover--lean4---v4.31.0\lib\lean\Init\Data\Int\Order.olean
f:\DevCache\elan\toolchains\leanprover--lean4---v4.31.0\lib\lean\Init\Data\Int\Pow.olean
f:\DevCache\elan\toolchains\leanprover--lean4---v4.31.0\lib\lean\Init\Data\Int\Repr.olean
f:\DevCache\elan\toolchains\leanprover--lean4---v4.31.0\lib\lean\Init\Data\Int\ToString.olean
f:\DevCache\elan\toolchains\leanprover--lean4---v4.31.0\lib\lean\Init\Data\Iterators\Basic.olean
f:\DevCache\elan\toolchains\leanprover--lean4---v4.31.0\lib\lean\Init\Data\Iterators\Combinators.olean
f:\DevCache\elan\toolchains\leanprover--lean4---v4.31.0\lib\lean\Init\Data\Iterators\Consumers.olean
f:\DevCache\elan\toolchains\leanprover--lean4---v4.31.0\lib\lean\Init\Data\Iterators\Internal.olean
f:\DevCache\elan\toolchains\leanprover--lean4---v4.31.0\lib\lean\Init\Data\Iterators\Lemmas.olean
f:\DevCache\elan\toolchains\leanprover--lean4---v4.31.0\lib\lean\Init\Data\Iterators\PostconditionMonad.olean
f:\DevCache\elan\toolchains\leanprover--lean4---v4.31.0\lib\lean\Init\Data\Iterators\Producers.olean
f:\DevCache\elan\toolchains\leanprover--lean4---v4.31.0\lib\lean\Init\Data\Iterators\ToIterator.olean
f:\DevCache\elan\toolchains\leanprover--lean4---v4.31.0\lib\lean\Init\Data\List\Attach.olean
f:\DevCache\elan\toolchains\leanprover--lean4---v4.31.0\lib\lean\Init\Data\List\Basic.olean
f:\DevCache\elan\toolchains\leanprover--lean4---v4.31.0\lib\lean\Init\Data\List\BasicAux.olean
f:\DevCache\elan\toolchains\leanprover--lean4---v4.31.0\lib\lean\Init\Data\List\Control.olean
f:\DevCache\elan\toolchains\leanprover--lean4---v4.31.0\lib\lean\Init\Data\List\ControlImpl.olean
f:\DevCache\elan\toolchains\leanprover--lean4---v4.31.0\lib\lean\Init\Data\List\Count.olean
f:\DevCache\elan\toolchains\leanprover--lean4---v4.31.0\lib\lean\Init\Data\List\Erase.olean
f:\DevCache\elan\toolchains\leanprover--lean4---v4.31.0\lib\lean\Init\Data\List\FinRange.olean
f:\DevCache\elan\toolchains\leanprover--lean4---v4.31.0\lib\lean\Init\Data\List\Find.olean
f:\DevCache\elan\toolchains\leanprover--lean4---v4.31.0\lib\lean\Init\Data\List\Impl.olean
f:\DevCache\elan\toolchains\leanprover--lean4---v4.31.0\lib\lean\Init\Data\List\Int.olean
f:\DevCache\elan\toolchains\leanprover--lean4---v4.31.0\lib\lean\Init\Data\List\Lemmas.olean
f:\DevCache\elan\toolchains\leanprover--lean4---v4.31.0\lib\lean\Init\Data\List\Lex.olean
f:\DevCache\elan\toolchains\leanprover--lean4---v4.31.0\lib\lean\Init\Data\List\MapIdx.olean
f:\DevCache\elan\toolchains\leanprover--lean4---v4.31.0\lib\lean\Init\Data\List\MinMax.olean
f:\DevCache\elan\toolchains\leanprover--lean4---v4.31.0\lib\lean\Init\Data\List\MinMaxIdx.olean
f:\DevCache\elan\toolchains\leanprover--lean4---v4.31.0\lib\lean\Init\Data\List\MinMaxOn.olean
f:\DevCache\elan\toolchains\leanprover--lean4---v4.31.0\lib\lean\Init\Data\List\Monadic.olean
f:\DevCache\elan\toolchains\leanprover--lean4---v4.31.0\lib\lean\Init\Data\List\Nat.olean
f:\DevCache\elan\toolchains\leanprover--lean4---v4.31.0\lib\lean\Init\Data\List\Notation.olean
f:\DevCache\elan\toolchains\leanprover--lean4---v4.31.0\lib\lean\Init\Data\List\OfFn.olean
f:\DevCache\elan\toolchains\leanprover--lean4---v4.31.0\lib\lean\Init\Data\List\Pairwise.olean
f:\DevCache\elan\toolchains\leanprover--lean4---v4.31.0\lib\lean\Init\Data\List\Perm.olean
f:\DevCache\elan\toolchains\leanprover--lean4---v4.31.0\lib\lean\Init\Data\List\Range.olean
f:\DevCache\elan\toolchains\leanprover--lean4---v4.31.0\lib\lean\Init\Data\List\Scan.olean
f:\DevCache\elan\toolchains\leanprover--lean4---v4.31.0\lib\lean\Init\Data\List\Sort.olean
f:\DevCache\elan\toolchains\leanprover--lean4---v4.31.0\lib\lean\Init\Data\List\SplitOn.olean
f:\DevCache\elan\toolchains\leanprover--lean4---v4.31.0\lib\lean\Init\Data\List\Sublist.olean
f:\DevCache\elan\toolchains\leanprover--lean4---v4.31.0\lib\lean\Init\Data\List\TakeDrop.olean
f:\DevCache\elan\toolchains\leanprover--lean4---v4.31.0\lib\lean\Init\Data\List\ToArray.olean
f:\DevCache\elan\toolchains\leanprover--lean4---v4.31.0\lib\lean\Init\Data\List\ToArrayImpl.olean
f:\DevCache\elan\toolchains\leanprover--lean4---v4.31.0\lib\lean\Init\Data\List\Zip.olean
f:\DevCache\elan\toolchains\leanprover--lean4---v4.31.0\lib\lean\Init\Data\Nat\Basic.olean
f:\DevCache\elan\toolchains\leanprover--lean4---v4.31.0\lib\lean\Init\Data\Nat\Bitwise.olean
f:\DevCache\elan\toolchains\leanprover--lean4---v4.31.0\lib\lean\Init\Data\Nat\Compare.olean
f:\DevCache\elan\toolchains\leanprover--lean4---v4.31.0\lib\lean\Init\Data\Nat\Control.olean
f:\DevCache\elan\toolchains\leanprover--lean4---v4.31.0\lib\lean\Init\Data\Nat\Coprime.olean
f:\DevCache\elan\toolchains\leanprover--lean4---v4.31.0\lib\lean\Init\Data\Nat\Div.olean
f:\DevCache\elan\toolchains\leanprover--lean4---v4.31.0\lib\lean\Init\Data\Nat\Dvd.olean
f:\DevCache\elan\toolchains\leanprover--lean4---v4.31.0\lib\lean\Init\Data\Nat\Fold.olean
f:\DevCache\elan\toolchains\leanprover--lean4---v4.31.0\lib\lean\Init\Data\Nat\Gcd.olean
f:\DevCache\elan\toolchains\leanprover--lean4---v4.31.0\lib\lean\Init\Data\Nat\Lcm.olean
f:\DevCache\elan\toolchains\leanprover--lean4---v4.31.0\lib\lean\Init\Data\Nat\Lemmas.olean
f:\DevCache\elan\toolchains\leanprover--lean4---v4.31.0\lib\lean\Init\Data\Nat\Linear.olean
f:\DevCache\elan\toolchains\leanprover--lean4---v4.31.0\lib\lean\Init\Data\Nat\Log2.olean
f:\DevCache\elan\toolchains\leanprover--lean4---v4.31.0\lib\lean\Init\Data\Nat\MinMax.olean
f:\DevCache\elan\toolchains\leanprover--lean4---v4.31.0\lib\lean\Init\Data\Nat\Mod.olean
f:\DevCache\elan\toolchains\leanprover--lean4---v4.31.0\lib\lean\Init\Data\Nat\Order.olean
f:\DevCache\elan\toolchains\leanprover--lean4---v4.31.0\lib\lean\Init\Data\Nat\Power2.olean
f:\DevCache\elan\toolchains\leanprover--lean4---v4.31.0\lib\lean\Init\Data\Nat\SOM.olean
f:\DevCache\elan\toolchains\leanprover--lean4---v4.31.0\lib\lean\Init\Data\Nat\Simproc.olean
f:\DevCache\elan\toolchains\leanprover--lean4---v4.31.0\lib\lean\Init\Data\Nat\ToString.olean
f:\DevCache\elan\toolchains\leanprover--lean4---v4.31.0\lib\lean\Init\Data\Option\Array.olean
f:\DevCache\elan\toolchains\leanprover--lean4---v4.31.0\lib\lean\Init\Data\Option\Attach.olean
f:\DevCache\elan\toolchains\leanprover--lean4---v4.31.0\lib\lean\Init\Data\Option\Basic.olean
f:\DevCache\elan\toolchains\leanprover--lean4---v4.31.0\lib\lean\Init\Data\Option\BasicAux.olean
f:\DevCache\elan\toolchains\leanprover--lean4---v4.31.0\lib\lean\Init\Data\Option\Coe.olean
f:\DevCache\elan\toolchains\leanprover--lean4---v4.31.0\lib\lean\Init\Data\Option\Function.olean
f:\DevCache\elan\toolchains\leanprover--lean4---v4.31.0\lib\lean\Init\Data\Option\Instances.olean
f:\DevCache\elan\toolchains\leanprover--lean4---v4.31.0\lib\lean\Init\Data\Option\Lemmas.olean
f:\DevCache\elan\toolchains\leanprover--lean4---v4.31.0\lib\lean\Init\Data\Option\List.olean
f:\DevCache\elan\toolchains\leanprover--lean4---v4.31.0\lib\lean\Init\Data\Option\Monadic.olean
f:\DevCache\elan\toolchains\leanprover--lean4---v4.31.0\lib\lean\Init\Data\Ord\Array.olean
f:\DevCache\elan\toolchains\leanprover--lean4---v4.31.0\lib\lean\Init\Data\Ord\Basic.olean
f:\DevCache\elan\toolchains\leanprover--lean4---v4.31.0\lib\lean\Init\Data\Ord\BitVec.olean
f:\DevCache\elan\toolchains\leanprover--lean4---v4.31.0\lib\lean\Init\Data\Ord\SInt.olean
f:\DevCache\elan\toolchains\leanprover--lean4---v4.31.0\lib\lean\Init\Data\Ord\String.olean
f:\DevCache\elan\toolchains\leanprover--lean4---v4.31.0\lib\lean\Init\Data\Ord\UInt.olean
f:\DevCache\elan\toolchains\leanprover--lean4---v4.31.0\lib\lean\Init\Data\Ord\Vector.olean
f:\DevCache\elan\toolchains\leanprover--lean4---v4.31.0\lib\lean\Init\Data\Order\Classes.olean
f:\DevCache\elan\toolchains\leanprover--lean4---v4.31.0\lib\lean\Init\Data\Order\ClassesExtra.olean
f:\DevCache\elan\toolchains\leanprover--lean4---v4.31.0\lib\lean\Init\Data\Order\Factories.olean
f:\DevCache\elan\toolchains\leanprover--lean4---v4.31.0\lib\lean\Init\Data\Order\FactoriesExtra.olean
f:\DevCache\elan\toolchains\leanprover--lean4---v4.31.0\lib\lean\Init\Data\Order\Lemmas.olean
f:\DevCache\elan\toolchains\leanprover--lean4---v4.31.0\lib\lean\Init\Data\Order\LemmasExtra.olean
f:\DevCache\elan\toolchains\leanprover--lean4---v4.31.0\lib\lean\Init\Data\Order\MinMaxOn.olean
f:\DevCache\elan\toolchains\leanprover--lean4---v4.31.0\lib\lean\Init\Data\Order\Opposite.olean
f:\DevCache\elan\toolchains\leanprover--lean4---v4.31.0\lib\lean\Init\Data\Order\Ord.olean
f:\DevCache\elan\toolchains\leanprover--lean4---v4.31.0\lib\lean\Init\Data\Order\PackageFactories.olean
f:\DevCache\elan\toolchains\leanprover--lean4---v4.31.0\lib\lean\Init\Data\Range\Basic.olean
f:\DevCache\elan\toolchains\leanprover--lean4---v4.31.0\lib\lean\Init\Data\Range\Lemmas.olean
f:\DevCache\elan\toolchains\leanprover--lean4---v4.31.0\lib\lean\Init\Data\Range\Polymorphic.olean
f:\DevCache\elan\toolchains\leanprover--lean4---v4.31.0\lib\lean\Init\Data\Rat\Basic.olean
f:\DevCache\elan\toolchains\leanprover--lean4---v4.31.0\lib\lean\Init\Data\Rat\Lemmas.olean
f:\DevCache\elan\toolchains\leanprover--lean4---v4.31.0\lib\lean\Init\Data\SInt\Basic.olean
f:\DevCache\elan\toolchains\leanprover--lean4---v4.31.0\lib\lean\Init\Data\SInt\Bitwise.olean
f:\DevCache\elan\toolchains\leanprover--lean4---v4.31.0\lib\lean\Init\Data\SInt\Float.olean
f:\DevCache\elan\toolchains\leanprover--lean4---v4.31.0\lib\lean\Init\Data\SInt\Float32.olean
f:\DevCache\elan\toolchains\leanprover--lean4---v4.31.0\lib\lean\Init\Data\SInt\Lemmas.olean
f:\DevCache\elan\toolchains\leanprover--lean4---v4.31.0\lib\lean\Init\Data\Slice\Array.olean
f:\DevCache\elan\toolchains\leanprover--lean4---v4.31.0\lib\lean\Init\Data\Slice\Basic.olean
f:\DevCache\elan\toolchains\leanprover--lean4---v4.31.0\lib\lean\Init\Data\Slice\InternalLemmas.olean
f:\DevCache\elan\toolchains\leanprover--lean4---v4.31.0\lib\lean\Init\Data\Slice\Lemmas.olean
f:\DevCache\elan\toolchains\leanprover--lean4---v4.31.0\lib\lean\Init\Data\Slice\List.olean
f:\DevCache\elan\toolchains\leanprover--lean4---v4.31.0\lib\lean\Init\Data\Slice\Notation.olean
f:\DevCache\elan\toolchains\leanprover--lean4---v4.31.0\lib\lean\Init\Data\Slice\Operations.olean
f:\DevCache\elan\toolchains\leanprover--lean4---v4.31.0\lib\lean\Init\Data\String\Basic.olean
f:\DevCache\elan\toolchains\leanprover--lean4---v4.31.0\lib\lean\Init\Data\String\Bootstrap.olean
f:\DevCache\elan\toolchains\leanprover--lean4---v4.31.0\lib\lean\Init\Data\String\Decode.olean
f:\DevCache\elan\toolchains\leanprover--lean4---v4.31.0\lib\lean\Init\Data\String\Defs.olean
f:\DevCache\elan\toolchains\leanprover--lean4---v4.31.0\lib\lean\Init\Data\String\Extra.olean
f:\DevCache\elan\toolchains\leanprover--lean4---v4.31.0\lib\lean\Init\Data\String\FindPos.olean
f:\DevCache\elan\toolchains\leanprover--lean4---v4.31.0\lib\lean\Init\Data\String\Hashable.olean
f:\DevCache\elan\toolchains\leanprover--lean4---v4.31.0\lib\lean\Init\Data\String\Iter.olean
f:\DevCache\elan\toolchains\leanprover--lean4---v4.31.0\lib\lean\Init\Data\String\Iterate.olean
f:\DevCache\elan\toolchains\leanprover--lean4---v4.31.0\lib\lean\Init\Data\String\Iterator.olean
f:\DevCache\elan\toolchains\leanprover--lean4---v4.31.0\lib\lean\Init\Data\String\Legacy.olean
f:\DevCache\elan\toolchains\leanprover--lean4---v4.31.0\lib\lean\Init\Data\String\Lemmas.olean
f:\DevCache\elan\toolchains\leanprover--lean4---v4.31.0\lib\lean\Init\Data\String\Length.olean
f:\DevCache\elan\toolchains\leanprover--lean4---v4.31.0\lib\lean\Init\Data\String\Modify.olean
f:\DevCache\elan\toolchains\leanprover--lean4---v4.31.0\lib\lean\Init\Data\String\OrderInstances.olean
f:\DevCache\elan\toolchains\leanprover--lean4---v4.31.0\lib\lean\Init\Data\String\Pattern.olean
f:\DevCache\elan\toolchains\leanprover--lean4---v4.31.0\lib\lean\Init\Data\String\PosRaw.olean
f:\DevCache\elan\toolchains\leanprover--lean4---v4.31.0\lib\lean\Init\Data\String\Search.olean
f:\DevCache\elan\toolchains\leanprover--lean4---v4.31.0\lib\lean\Init\Data\String\Slice.olean
f:\DevCache\elan\toolchains\leanprover--lean4---v4.31.0\lib\lean\Init\Data\String\Stream.olean
f:\DevCache\elan\toolchains\leanprover--lean4---v4.31.0\lib\lean\Init\Data\String\Subslice.olean
f:\DevCache\elan\toolchains\leanprover--lean4---v4.31.0\lib\lean\Init\Data\String\Substring.olean
f:\DevCache\elan\toolchains\leanprover--lean4---v4.31.0\lib\lean\Init\Data\String\TakeDrop.olean
f:\DevCache\elan\toolchains\leanprover--lean4---v4.31.0\lib\lean\Init\Data\String\Termination.olean
f:\DevCache\elan\toolchains\leanprover--lean4---v4.31.0\lib\lean\Init\Data\String\ToSlice.olean
f:\DevCache\elan\toolchains\leanprover--lean4---v4.31.0\lib\lean\Init\Data\Subtype\Basic.olean
f:\DevCache\elan\toolchains\leanprover--lean4---v4.31.0\lib\lean\Init\Data\Subtype\Order.olean
f:\DevCache\elan\toolchains\leanprover--lean4---v4.31.0\lib\lean\Init\Data\Subtype\OrderExtra.olean
f:\DevCache\elan\toolchains\leanprover--lean4---v4.31.0\lib\lean\Init\Data\Sum\Basic.olean
f:\DevCache\elan\toolchains\leanprover--lean4---v4.31.0\lib\lean\Init\Data\Sum\Lemmas.olean
f:\DevCache\elan\toolchains\leanprover--lean4---v4.31.0\lib\lean\Init\Data\ToString\Basic.olean
f:\DevCache\elan\toolchains\leanprover--lean4---v4.31.0\lib\lean\Init\Data\ToString\Extra.olean
f:\DevCache\elan\toolchains\leanprover--lean4---v4.31.0\lib\lean\Init\Data\ToString\Macro.olean
f:\DevCache\elan\toolchains\leanprover--lean4---v4.31.0\lib\lean\Init\Data\ToString\Name.olean
f:\DevCache\elan\toolchains\leanprover--lean4---v4.31.0\lib\lean\Init\Data\UInt\Basic.olean
f:\DevCache\elan\toolchains\leanprover--lean4---v4.31.0\lib\lean\Init\Data\UInt\BasicAux.olean
f:\DevCache\elan\toolchains\leanprover--lean4---v4.31.0\lib\lean\Init\Data\UInt\Bitwise.olean
f:\DevCache\elan\toolchains\leanprover--lean4---v4.31.0\lib\lean\Init\Data\UInt\Lemmas.olean
f:\DevCache\elan\toolchains\leanprover--lean4---v4.31.0\lib\lean\Init\Data\UInt\Log2.olean
f:\DevCache\elan\toolchains\leanprover--lean4---v4.31.0\lib\lean\Init\Data\Vector\Algebra.olean
f:\DevCache\elan\toolchains\leanprover--lean4---v4.31.0\lib\lean\Init\Data\Vector\Attach.olean
f:\DevCache\elan\toolchains\leanprover--lean4---v4.31.0\lib\lean\Init\Data\Vector\Basic.olean
f:\DevCache\elan\toolchains\leanprover--lean4---v4.31.0\lib\lean\Init\Data\Vector\Count.olean
f:\DevCache\elan\toolchains\leanprover--lean4---v4.31.0\lib\lean\Init\Data\Vector\DecidableEq.olean
f:\DevCache\elan\toolchains\leanprover--lean4---v4.31.0\lib\lean\Init\Data\Vector\Erase.olean
f:\DevCache\elan\toolchains\leanprover--lean4---v4.31.0\lib\lean\Init\Data\Vector\Extract.olean
f:\DevCache\elan\toolchains\leanprover--lean4---v4.31.0\lib\lean\Init\Data\Vector\FinRange.olean
f:\DevCache\elan\toolchains\leanprover--lean4---v4.31.0\lib\lean\Init\Data\Vector\Find.olean
f:\DevCache\elan\toolchains\leanprover--lean4---v4.31.0\lib\lean\Init\Data\Vector\InsertIdx.olean
f:\DevCache\elan\toolchains\leanprover--lean4---v4.31.0\lib\lean\Init\Data\Vector\Int.olean
f:\DevCache\elan\toolchains\leanprover--lean4---v4.31.0\lib\lean\Init\Data\Vector\Lemmas.olean
f:\DevCache\elan\toolchains\leanprover--lean4---v4.31.0\lib\lean\Init\Data\Vector\Lex.olean
f:\DevCache\elan\toolchains\leanprover--lean4---v4.31.0\lib\lean\Init\Data\Vector\MapIdx.olean
f:\DevCache\elan\toolchains\leanprover--lean4---v4.31.0\lib\lean\Init\Data\Vector\Monadic.olean
f:\DevCache\elan\toolchains\leanprover--lean4---v4.31.0\lib\lean\Init\Data\Vector\Nat.olean
f:\DevCache\elan\toolchains\leanprover--lean4---v4.31.0\lib\lean\Init\Data\Vector\OfFn.olean
f:\DevCache\elan\toolchains\leanprover--lean4---v4.31.0\lib\lean\Init\Data\Vector\Perm.olean
f:\DevCache\elan\toolchains\leanprover--lean4---v4.31.0\lib\lean\Init\Data\Vector\Range.olean
f:\DevCache\elan\toolchains\leanprover--lean4---v4.31.0\lib\lean\Init\Data\Vector\Stream.olean
f:\DevCache\elan\toolchains\leanprover--lean4---v4.31.0\lib\lean\Init\Data\Vector\Zip.olean
f:\DevCache\elan\toolchains\leanprover--lean4---v4.31.0\lib\lean\Init\Grind\Module\Basic.olean
f:\DevCache\elan\toolchains\leanprover--lean4---v4.31.0\lib\lean\Init\Grind\Module\Envelope.olean
f:\DevCache\elan\toolchains\leanprover--lean4---v4.31.0\lib\lean\Init\Grind\Module\NatModuleNorm.olean
f:\DevCache\elan\toolchains\leanprover--lean4---v4.31.0\lib\lean\Init\Grind\Module\OfNatModule.olean
f:\DevCache\elan\toolchains\leanprover--lean4---v4.31.0\lib\lean\Init\Grind\Ordered\Field.olean
f:\DevCache\elan\toolchains\leanprover--lean4---v4.31.0\lib\lean\Init\Grind\Ordered\Int.olean
f:\DevCache\elan\toolchains\leanprover--lean4---v4.31.0\lib\lean\Init\Grind\Ordered\Linarith.olean
f:\DevCache\elan\toolchains\leanprover--lean4---v4.31.0\lib\lean\Init\Grind\Ordered\Module.olean
f:\DevCache\elan\toolchains\leanprover--lean4---v4.31.0\lib\lean\Init\Grind\Ordered\Order.olean
f:\DevCache\elan\toolchains\leanprover--lean4---v4.31.0\lib\lean\Init\Grind\Ordered\Rat.olean
f:\DevCache\elan\toolchains\leanprover--lean4---v4.31.0\lib\lean\Init\Grind\Ordered\Ring.olean
f:\DevCache\elan\toolchains\leanprover--lean4---v4.31.0\lib\lean\Init\Grind\Ring\Basic.olean
f:\DevCache\elan\toolchains\leanprover--lean4---v4.31.0\lib\lean\Init\Grind\Ring\CommSemiringAdapter.olean
f:\DevCache\elan\toolchains\leanprover--lean4---v4.31.0\lib\lean\Init\Grind\Ring\CommSolver.olean
f:\DevCache\elan\toolchains\leanprover--lean4---v4.31.0\lib\lean\Init\Grind\Ring\Envelope.olean
f:\DevCache\elan\toolchains\leanprover--lean4---v4.31.0\lib\lean\Init\Grind\Ring\Field.olean
f:\DevCache\elan\toolchains\leanprover--lean4---v4.31.0\lib\lean\Init\Grind\Ring\OfScientific.olean
f:\DevCache\elan\toolchains\leanprover--lean4---v4.31.0\lib\lean\Init\Grind\Ring\ToInt.olean
f:\DevCache\elan\toolchains\leanprover--lean4---v4.31.0\lib\lean\Init\GrindInstances\Ring\BitVec.olean
f:\DevCache\elan\toolchains\leanprover--lean4---v4.31.0\lib\lean\Init\GrindInstances\Ring\Fin.olean
f:\DevCache\elan\toolchains\leanprover--lean4---v4.31.0\lib\lean\Init\GrindInstances\Ring\Int.olean
f:\DevCache\elan\toolchains\leanprover--lean4---v4.31.0\lib\lean\Init\GrindInstances\Ring\Nat.olean
f:\DevCache\elan\toolchains\leanprover--lean4---v4.31.0\lib\lean\Init\GrindInstances\Ring\Rat.olean
f:\DevCache\elan\toolchains\leanprover--lean4---v4.31.0\lib\lean\Init\GrindInstances\Ring\SInt.olean
f:\DevCache\elan\toolchains\leanprover--lean4---v4.31.0\lib\lean\Init\GrindInstances\Ring\UInt.olean
f:\DevCache\elan\toolchains\leanprover--lean4---v4.31.0\lib\lean\Init\Internal\Order\Basic.olean
f:\DevCache\elan\toolchains\leanprover--lean4---v4.31.0\lib\lean\Init\Internal\Order\Lemmas.olean
f:\DevCache\elan\toolchains\leanprover--lean4---v4.31.0\lib\lean\Init\Internal\Order\MonadTail.olean
f:\DevCache\elan\toolchains\leanprover--lean4---v4.31.0\lib\lean\Init\Internal\Order\Tactic.olean
f:\DevCache\elan\toolchains\leanprover--lean4---v4.31.0\lib\lean\Init\Internal\Order\While.olean
f:\DevCache\elan\toolchains\leanprover--lean4---v4.31.0\lib\lean\Init\Sym\DSimp\DSimprocDSL.olean
f:\DevCache\elan\toolchains\leanprover--lean4---v4.31.0\lib\lean\Init\Sym\Simp\SimprocDSL.olean
f:\DevCache\elan\toolchains\leanprover--lean4---v4.31.0\lib\lean\Lean\Compiler\IR\Basic.olean
f:\DevCache\elan\toolchains\leanprover--lean4---v4.31.0\lib\lean\Lean\Compiler\IR\Checker.olean
f:\DevCache\elan\toolchains\leanprover--lean4---v4.31.0\lib\lean\Lean\Compiler\IR\CompilerM.olean
f:\DevCache\elan\toolchains\leanprover--lean4---v4.31.0\lib\lean\Lean\Compiler\IR\EmitLLVM.olean
f:\DevCache\elan\toolchains\leanprover--lean4---v4.31.0\lib\lean\Lean\Compiler\IR\EmitUtil.olean
f:\DevCache\elan\toolchains\leanprover--lean4---v4.31.0\lib\lean\Lean\Compiler\IR\Format.olean
f:\DevCache\elan\toolchains\leanprover--lean4---v4.31.0\lib\lean\Lean\Compiler\IR\LLVMBindings.olean
f:\DevCache\elan\toolchains\leanprover--lean4---v4.31.0\lib\lean\Lean\Compiler\IR\Meta.olean
f:\DevCache\elan\toolchains\leanprover--lean4---v4.31.0\lib\lean\Lean\Compiler\IR\NormIds.olean
f:\DevCache\elan\toolchains\leanprover--lean4---v4.31.0\lib\lean\Lean\Compiler\IR\Sorry.olean
f:\DevCache\elan\toolchains\leanprover--lean4---v4.31.0\lib\lean\Lean\Compiler\IR\ToIR.olean
f:\DevCache\elan\toolchains\leanprover--lean4---v4.31.0\lib\lean\Lean\Compiler\IR\ToIRType.olean
f:\DevCache\elan\toolchains\leanprover--lean4---v4.31.0\lib\lean\Lean\Compiler\IR\UnboxResult.olean
f:\DevCache\elan\toolchains\leanprover--lean4---v4.31.0\lib\lean\Lean\Compiler\LCNF\AlphaEqv.olean
f:\DevCache\elan\toolchains\leanprover--lean4---v4.31.0\lib\lean\Lean\Compiler\LCNF\AuxDeclCache.olean
f:\DevCache\elan\toolchains\leanprover--lean4---v4.31.0\lib\lean\Lean\Compiler\LCNF\BaseTypes.olean
f:\DevCache\elan\toolchains\leanprover--lean4---v4.31.0\lib\lean\Lean\Compiler\LCNF\Basic.olean
f:\DevCache\elan\toolchains\leanprover--lean4---v4.31.0\lib\lean\Lean\Compiler\LCNF\Bind.olean
f:\DevCache\elan\toolchains\leanprover--lean4---v4.31.0\lib\lean\Lean\Compiler\LCNF\CSE.olean
f:\DevCache\elan\toolchains\leanprover--lean4---v4.31.0\lib\lean\Lean\Compiler\LCNF\Check.olean
f:\DevCache\elan\toolchains\leanprover--lean4---v4.31.0\lib\lean\Lean\Compiler\LCNF\Closure.olean
f:\DevCache\elan\toolchains\leanprover--lean4---v4.31.0\lib\lean\Lean\Compiler\LCNF\CoalesceRC.olean
f:\DevCache\elan\toolchains\leanprover--lean4---v4.31.0\lib\lean\Lean\Compiler\LCNF\CompatibleTypes.olean
f:\DevCache\elan\toolchains\leanprover--lean4---v4.31.0\lib\lean\Lean\Compiler\LCNF\CompilerM.olean
f:\DevCache\elan\toolchains\leanprover--lean4---v4.31.0\lib\lean\Lean\Compiler\LCNF\ConfigOptions.olean
f:\DevCache\elan\toolchains\leanprover--lean4---v4.31.0\lib\lean\Lean\Compiler\LCNF\DeclHash.olean
f:\DevCache\elan\toolchains\leanprover--lean4---v4.31.0\lib\lean\Lean\Compiler\LCNF\DependsOn.olean
f:\DevCache\elan\toolchains\leanprover--lean4---v4.31.0\lib\lean\Lean\Compiler\LCNF\ElimDead.olean
f:\DevCache\elan\toolchains\leanprover--lean4---v4.31.0\lib\lean\Lean\Compiler\LCNF\ElimDeadBranches.olean
f:\DevCache\elan\toolchains\leanprover--lean4---v4.31.0\lib\lean\Lean\Compiler\LCNF\EmitC.olean
f:\DevCache\elan\toolchains\leanprover--lean4---v4.31.0\lib\lean\Lean\Compiler\LCNF\EmitUtil.olean
f:\DevCache\elan\toolchains\leanprover--lean4---v4.31.0\lib\lean\Lean\Compiler\LCNF\ExpandResetReuse.olean
f:\DevCache\elan\toolchains\leanprover--lean4---v4.31.0\lib\lean\Lean\Compiler\LCNF\ExplicitBoxing.olean
f:\DevCache\elan\toolchains\leanprover--lean4---v4.31.0\lib\lean\Lean\Compiler\LCNF\ExplicitRC.olean
f:\DevCache\elan\toolchains\leanprover--lean4---v4.31.0\lib\lean\Lean\Compiler\LCNF\ExtractClosed.olean
f:\DevCache\elan\toolchains\leanprover--lean4---v4.31.0\lib\lean\Lean\Compiler\LCNF\FVarUtil.olean
f:\DevCache\elan\toolchains\leanprover--lean4---v4.31.0\lib\lean\Lean\Compiler\LCNF\FixedParams.olean
f:\DevCache\elan\toolchains\leanprover--lean4---v4.31.0\lib\lean\Lean\Compiler\LCNF\FloatLetIn.olean
f:\DevCache\elan\toolchains\leanprover--lean4---v4.31.0\lib\lean\Lean\Compiler\LCNF\InferBorrow.olean
f:\DevCache\elan\toolchains\leanprover--lean4---v4.31.0\lib\lean\Lean\Compiler\LCNF\InferType.olean
f:\DevCache\elan\toolchains\leanprover--lean4---v4.31.0\lib\lean\Lean\Compiler\LCNF\Internalize.olean
f:\DevCache\elan\toolchains\leanprover--lean4---v4.31.0\lib\lean\Lean\Compiler\LCNF\Irrelevant.olean
f:\DevCache\elan\toolchains\leanprover--lean4---v4.31.0\lib\lean\Lean\Compiler\LCNF\JoinPoints.olean
f:\DevCache\elan\toolchains\leanprover--lean4---v4.31.0\lib\lean\Lean\Compiler\LCNF\LCtx.olean
f:\DevCache\elan\toolchains\leanprover--lean4---v4.31.0\lib\lean\Lean\Compiler\LCNF\LambdaLifting.olean
f:\DevCache\elan\toolchains\leanprover--lean4---v4.31.0\lib\lean\Lean\Compiler\LCNF\Level.olean
f:\DevCache\elan\toolchains\leanprover--lean4---v4.31.0\lib\lean\Lean\Compiler\LCNF\LiveVars.olean
f:\DevCache\elan\toolchains\leanprover--lean4---v4.31.0\lib\lean\Lean\Compiler\LCNF\Main.olean
f:\DevCache\elan\toolchains\leanprover--lean4---v4.31.0\lib\lean\Lean\Compiler\LCNF\MonadScope.olean
f:\DevCache\elan\toolchains\leanprover--lean4---v4.31.0\lib\lean\Lean\Compiler\LCNF\MonoTypes.olean
f:\DevCache\elan\toolchains\leanprover--lean4---v4.31.0\lib\lean\Lean\Compiler\LCNF\OtherDecl.olean
f:\DevCache\elan\toolchains\leanprover--lean4---v4.31.0\lib\lean\Lean\Compiler\LCNF\PassManager.olean
f:\DevCache\elan\toolchains\leanprover--lean4---v4.31.0\lib\lean\Lean\Compiler\LCNF\Passes.olean
f:\DevCache\elan\toolchains\leanprover--lean4---v4.31.0\lib\lean\Lean\Compiler\LCNF\PhaseExt.olean
f:\DevCache\elan\toolchains\leanprover--lean4---v4.31.0\lib\lean\Lean\Compiler\LCNF\PrettyPrinter.olean
f:\DevCache\elan\toolchains\leanprover--lean4---v4.31.0\lib\lean\Lean\Compiler\LCNF\Probing.olean
f:\DevCache\elan\toolchains\leanprover--lean4---v4.31.0\lib\lean\Lean\Compiler\LCNF\PropagateBorrow.olean
f:\DevCache\elan\toolchains\leanprover--lean4---v4.31.0\lib\lean\Lean\Compiler\LCNF\PublicDeclsExt.olean
f:\DevCache\elan\toolchains\leanprover--lean4---v4.31.0\lib\lean\Lean\Compiler\LCNF\PullFunDecls.olean
f:\DevCache\elan\toolchains\leanprover--lean4---v4.31.0\lib\lean\Lean\Compiler\LCNF\PullLetDecls.olean
f:\DevCache\elan\toolchains\leanprover--lean4---v4.31.0\lib\lean\Lean\Compiler\LCNF\PushProj.olean
f:\DevCache\elan\toolchains\leanprover--lean4---v4.31.0\lib\lean\Lean\Compiler\LCNF\ReduceArity.olean
f:\DevCache\elan\toolchains\leanprover--lean4---v4.31.0\lib\lean\Lean\Compiler\LCNF\ReduceJpArity.olean
f:\DevCache\elan\toolchains\leanprover--lean4---v4.31.0\lib\lean\Lean\Compiler\LCNF\Renaming.olean
f:\DevCache\elan\toolchains\leanprover--lean4---v4.31.0\lib\lean\Lean\Compiler\LCNF\ResetReuse.olean
f:\DevCache\elan\toolchains\leanprover--lean4---v4.31.0\lib\lean\Lean\Compiler\LCNF\ScopeM.olean
f:\DevCache\elan\toolchains\leanprover--lean4---v4.31.0\lib\lean\Lean\Compiler\LCNF\Simp.olean
f:\DevCache\elan\toolchains\leanprover--lean4---v4.31.0\lib\lean\Lean\Compiler\LCNF\SimpCase.olean
f:\DevCache\elan\toolchains\leanprover--lean4---v4.31.0\lib\lean\Lean\Compiler\LCNF\SimpleGroundExpr.olean
f:\DevCache\elan\toolchains\leanprover--lean4---v4.31.0\lib\lean\Lean\Compiler\LCNF\SpecInfo.olean
f:\DevCache\elan\toolchains\leanprover--lean4---v4.31.0\lib\lean\Lean\Compiler\LCNF\Specialize.olean
f:\DevCache\elan\toolchains\leanprover--lean4---v4.31.0\lib\lean\Lean\Compiler\LCNF\SplitSCC.olean
f:\DevCache\elan\toolchains\leanprover--lean4---v4.31.0\lib\lean\Lean\Compiler\LCNF\StructProjCases.olean
f:\DevCache\elan\toolchains\leanprover--lean4---v4.31.0\lib\lean\Lean\Compiler\LCNF\ToDecl.olean
f:\DevCache\elan\toolchains\leanprover--lean4---v4.31.0\lib\lean\Lean\Compiler\LCNF\ToExpr.olean
f:\DevCache\elan\toolchains\leanprover--lean4---v4.31.0\lib\lean\Lean\Compiler\LCNF\ToImpure.olean
f:\DevCache\elan\toolchains\leanprover--lean4---v4.31.0\lib\lean\Lean\Compiler\LCNF\ToImpureType.olean
f:\DevCache\elan\toolchains\leanprover--lean4---v4.31.0\lib\lean\Lean\Compiler\LCNF\ToLCNF.olean
f:\DevCache\elan\toolchains\leanprover--lean4---v4.31.0\lib\lean\Lean\Compiler\LCNF\ToMono.olean
f:\DevCache\elan\toolchains\leanprover--lean4---v4.31.0\lib\lean\Lean\Compiler\LCNF\Toposort.olean
f:\DevCache\elan\toolchains\leanprover--lean4---v4.31.0\lib\lean\Lean\Compiler\LCNF\Types.olean
f:\DevCache\elan\toolchains\leanprover--lean4---v4.31.0\lib\lean\Lean\Compiler\LCNF\Util.olean
f:\DevCache\elan\toolchains\leanprover--lean4---v4.31.0\lib\lean\Lean\Compiler\LCNF\Visibility.olean
f:\DevCache\elan\toolchains\leanprover--lean4---v4.31.0\lib\lean\Lean\Data\Iterators\Producers.olean
f:\DevCache\elan\toolchains\leanprover--lean4---v4.31.0\lib\lean\Lean\Data\Json\Basic.olean
f:\DevCache\elan\toolchains\leanprover--lean4---v4.31.0\lib\lean\Lean\Data\Json\Elab.olean
f:\DevCache\elan\toolchains\leanprover--lean4---v4.31.0\lib\lean\Lean\Data\Json\FromToJson.olean
f:\DevCache\elan\toolchains\leanprover--lean4---v4.31.0\lib\lean\Lean\Data\Json\Parser.olean
f:\DevCache\elan\toolchains\leanprover--lean4---v4.31.0\lib\lean\Lean\Data\Json\Printer.olean
f:\DevCache\elan\toolchains\leanprover--lean4---v4.31.0\lib\lean\Lean\Data\Json\Stream.olean
f:\DevCache\elan\toolchains\leanprover--lean4---v4.31.0\lib\lean\Lean\Data\Lsp\Basic.olean
f:\DevCache\elan\toolchains\leanprover--lean4---v4.31.0\lib\lean\Lean\Data\Lsp\BasicAux.olean
f:\DevCache\elan\toolchains\leanprover--lean4---v4.31.0\lib\lean\Lean\Data\Lsp\CancelParams.olean
f:\DevCache\elan\toolchains\leanprover--lean4---v4.31.0\lib\lean\Lean\Data\Lsp\Capabilities.olean
f:\DevCache\elan\toolchains\leanprover--lean4---v4.31.0\lib\lean\Lean\Data\Lsp\Client.olean
f:\DevCache\elan\toolchains\leanprover--lean4---v4.31.0\lib\lean\Lean\Data\Lsp\CodeActions.olean
f:\DevCache\elan\toolchains\leanprover--lean4---v4.31.0\lib\lean\Lean\Data\Lsp\Communication.olean
f:\DevCache\elan\toolchains\leanprover--lean4---v4.31.0\lib\lean\Lean\Data\Lsp\Diagnostics.olean
f:\DevCache\elan\toolchains\leanprover--lean4---v4.31.0\lib\lean\Lean\Data\Lsp\Extra.olean
f:\DevCache\elan\toolchains\leanprover--lean4---v4.31.0\lib\lean\Lean\Data\Lsp\InitShutdown.olean
f:\DevCache\elan\toolchains\leanprover--lean4---v4.31.0\lib\lean\Lean\Data\Lsp\Internal.olean
f:\DevCache\elan\toolchains\leanprover--lean4---v4.31.0\lib\lean\Lean\Data\Lsp\Ipc.olean
f:\DevCache\elan\toolchains\leanprover--lean4---v4.31.0\lib\lean\Lean\Data\Lsp\LanguageFeatures.olean
f:\DevCache\elan\toolchains\leanprover--lean4---v4.31.0\lib\lean\Lean\Data\Lsp\TextSync.olean
f:\DevCache\elan\toolchains\leanprover--lean4---v4.31.0\lib\lean\Lean\Data\Lsp\Utf16.olean
f:\DevCache\elan\toolchains\leanprover--lean4---v4.31.0\lib\lean\Lean\Data\Lsp\Window.olean
f:\DevCache\elan\toolchains\leanprover--lean4---v4.31.0\lib\lean\Lean\Data\Lsp\Workspace.olean
f:\DevCache\elan\toolchains\leanprover--lean4---v4.31.0\lib\lean\Lean\Data\NameMap\AdditionalOperations.olean
f:\DevCache\elan\toolchains\leanprover--lean4---v4.31.0\lib\lean\Lean\Data\NameMap\Basic.olean
f:\DevCache\elan\toolchains\leanprover--lean4---v4.31.0\lib\lean\Lean\Elab\BuiltinDo\Basic.olean
f:\DevCache\elan\toolchains\leanprover--lean4---v4.31.0\lib\lean\Lean\Elab\BuiltinDo\For.olean
f:\DevCache\elan\toolchains\leanprover--lean4---v4.31.0\lib\lean\Lean\Elab\BuiltinDo\If.olean
f:\DevCache\elan\toolchains\leanprover--lean4---v4.31.0\lib\lean\Lean\Elab\BuiltinDo\Jump.olean
f:\DevCache\elan\toolchains\leanprover--lean4---v4.31.0\lib\lean\Lean\Elab\BuiltinDo\Let.olean
f:\DevCache\elan\toolchains\leanprover--lean4---v4.31.0\lib\lean\Lean\Elab\BuiltinDo\Match.olean
f:\DevCache\elan\toolchains\leanprover--lean4---v4.31.0\lib\lean\Lean\Elab\BuiltinDo\MatchExpr.olean
f:\DevCache\elan\toolchains\leanprover--lean4---v4.31.0\lib\lean\Lean\Elab\BuiltinDo\Misc.olean
f:\DevCache\elan\toolchains\leanprover--lean4---v4.31.0\lib\lean\Lean\Elab\BuiltinDo\Repeat.olean
f:\DevCache\elan\toolchains\leanprover--lean4---v4.31.0\lib\lean\Lean\Elab\BuiltinDo\TryCatch.olean
f:\DevCache\elan\toolchains\leanprover--lean4---v4.31.0\lib\lean\Lean\Elab\Command\Scope.olean
f:\DevCache\elan\toolchains\leanprover--lean4---v4.31.0\lib\lean\Lean\Elab\Command\WithWeakNamespace.olean
f:\DevCache\elan\toolchains\leanprover--lean4---v4.31.0\lib\lean\Lean\Elab\ConfigEval\Basic.olean
f:\DevCache\elan\toolchains\leanprover--lean4---v4.31.0\lib\lean\Lean\Elab\ConfigEval\Builtins.olean
f:\DevCache\elan\toolchains\leanprover--lean4---v4.31.0\lib\lean\Lean\Elab\ConfigEval\Commands.olean
f:\DevCache\elan\toolchains\leanprover--lean4---v4.31.0\lib\lean\Lean\Elab\ConfigEval\DeriveEvalConfigItem.olean
f:\DevCache\elan\toolchains\leanprover--lean4---v4.31.0\lib\lean\Lean\Elab\ConfigEval\DeriveEvalExpr.olean
f:\DevCache\elan\toolchains\leanprover--lean4---v4.31.0\lib\lean\Lean\Elab\ConfigEval\DeriveEvalTerm.olean
f:\DevCache\elan\toolchains\leanprover--lean4---v4.31.0\lib\lean\Lean\Elab\ConfigEval\Extra.olean
f:\DevCache\elan\toolchains\leanprover--lean4---v4.31.0\lib\lean\Lean\Elab\ConfigEval\Instances.olean
f:\DevCache\elan\toolchains\leanprover--lean4---v4.31.0\lib\lean\Lean\Elab\ConfigEval\MetaInstances.olean
f:\DevCache\elan\toolchains\leanprover--lean4---v4.31.0\lib\lean\Lean\Elab\ConfigEval\Types.olean
f:\DevCache\elan\toolchains\leanprover--lean4---v4.31.0\lib\lean\Lean\Elab\ConfigEval\Util.olean
f:\DevCache\elan\toolchains\leanprover--lean4---v4.31.0\lib\lean\Lean\Elab\Deriving\BEq.olean
f:\DevCache\elan\toolchains\leanprover--lean4---v4.31.0\lib\lean\Lean\Elab\Deriving\Basic.olean
f:\DevCache\elan\toolchains\leanprover--lean4---v4.31.0\lib\lean\Lean\Elab\Deriving\DecEq.olean
f:\DevCache\elan\toolchains\leanprover--lean4---v4.31.0\lib\lean\Lean\Elab\Deriving\FromToJson.olean
f:\DevCache\elan\toolchains\leanprover--lean4---v4.31.0\lib\lean\Lean\Elab\Deriving\Hashable.olean
f:\DevCache\elan\toolchains\leanprover--lean4---v4.31.0\lib\lean\Lean\Elab\Deriving\Inhabited.olean
f:\DevCache\elan\toolchains\leanprover--lean4---v4.31.0\lib\lean\Lean\Elab\Deriving\LawfulBEq.olean
f:\DevCache\elan\toolchains\leanprover--lean4---v4.31.0\lib\lean\Lean\Elab\Deriving\Nonempty.olean
f:\DevCache\elan\toolchains\leanprover--lean4---v4.31.0\lib\lean\Lean\Elab\Deriving\Ord.olean
f:\DevCache\elan\toolchains\leanprover--lean4---v4.31.0\lib\lean\Lean\Elab\Deriving\ReflBEq.olean
f:\DevCache\elan\toolchains\leanprover--lean4---v4.31.0\lib\lean\Lean\Elab\Deriving\Repr.olean
f:\DevCache\elan\toolchains\leanprover--lean4---v4.31.0\lib\lean\Lean\Elab\Deriving\SizeOf.olean
f:\DevCache\elan\toolchains\leanprover--lean4---v4.31.0\lib\lean\Lean\Elab\Deriving\ToExpr.olean
f:\DevCache\elan\toolchains\leanprover--lean4---v4.31.0\lib\lean\Lean\Elab\Deriving\TypeName.olean
f:\DevCache\elan\toolchains\leanprover--lean4---v4.31.0\lib\lean\Lean\Elab\Deriving\Util.olean
f:\DevCache\elan\toolchains\leanprover--lean4---v4.31.0\lib\lean\Lean\Elab\Do\Basic.olean
f:\DevCache\elan\toolchains\leanprover--lean4---v4.31.0\lib\lean\Lean\Elab\Do\Control.olean
f:\DevCache\elan\toolchains\leanprover--lean4---v4.31.0\lib\lean\Lean\Elab\Do\InferControlInfo.olean
f:\DevCache\elan\toolchains\leanprover--lean4---v4.31.0\lib\lean\Lean\Elab\Do\Legacy.olean
f:\DevCache\elan\toolchains\leanprover--lean4---v4.31.0\lib\lean\Lean\Elab\Do\PatternVar.olean
f:\DevCache\elan\toolchains\leanprover--lean4---v4.31.0\lib\lean\Lean\Elab\Do\Switch.olean
f:\DevCache\elan\toolchains\leanprover--lean4---v4.31.0\lib\lean\Lean\Elab\DocString\Builtin.olean
f:\DevCache\elan\toolchains\leanprover--lean4---v4.31.0\lib\lean\Lean\Elab\InfoTree\InlayHints.olean
f:\DevCache\elan\toolchains\leanprover--lean4---v4.31.0\lib\lean\Lean\Elab\InfoTree\Main.olean
f:\DevCache\elan\toolchains\leanprover--lean4---v4.31.0\lib\lean\Lean\Elab\InfoTree\Types.olean
f:\DevCache\elan\toolchains\leanprover--lean4---v4.31.0\lib\lean\Lean\Elab\PreDefinition\Basic.olean
f:\DevCache\elan\toolchains\leanprover--lean4---v4.31.0\lib\lean\Lean\Elab\PreDefinition\EqUnfold.olean
f:\DevCache\elan\toolchains\leanprover--lean4---v4.31.0\lib\lean\Lean\Elab\PreDefinition\Eqns.olean
f:\DevCache\elan\toolchains\leanprover--lean4---v4.31.0\lib\lean\Lean\Elab\PreDefinition\EqnsUtils.olean
f:\DevCache\elan\toolchains\leanprover--lean4---v4.31.0\lib\lean\Lean\Elab\PreDefinition\FixedParams.olean
f:\DevCache\elan\toolchains\leanprover--lean4---v4.31.0\lib\lean\Lean\Elab\PreDefinition\Main.olean
f:\DevCache\elan\toolchains\leanprover--lean4---v4.31.0\lib\lean\Lean\Elab\PreDefinition\MkInhabitant.olean
f:\DevCache\elan\toolchains\leanprover--lean4---v4.31.0\lib\lean\Lean\Elab\PreDefinition\Mutual.olean
f:\DevCache\elan\toolchains\leanprover--lean4---v4.31.0\lib\lean\Lean\Elab\PreDefinition\PartialFixpoint.olean
f:\DevCache\elan\toolchains\leanprover--lean4---v4.31.0\lib\lean\Lean\Elab\PreDefinition\Structural.olean
f:\DevCache\elan\toolchains\leanprover--lean4---v4.31.0\lib\lean\Lean\Elab\PreDefinition\TerminationHint.olean
f:\DevCache\elan\toolchains\leanprover--lean4---v4.31.0\lib\lean\Lean\Elab\PreDefinition\TerminationMeasure.olean
f:\DevCache\elan\toolchains\leanprover--lean4---v4.31.0\lib\lean\Lean\Elab\PreDefinition\WF.olean
f:\DevCache\elan\toolchains\leanprover--lean4---v4.31.0\lib\lean\Lean\Elab\Quotation\Precheck.olean
f:\DevCache\elan\toolchains\leanprover--lean4---v4.31.0\lib\lean\Lean\Elab\Quotation\Util.olean
f:\DevCache\elan\toolchains\leanprover--lean4---v4.31.0\lib\lean\Lean\Elab\Tactic\AsAuxLemma.olean
f:\DevCache\elan\toolchains\leanprover--lean4---v4.31.0\lib\lean\Lean\Elab\Tactic\BVDecide.olean
f:\DevCache\elan\toolchains\leanprover--lean4---v4.31.0\lib\lean\Lean\Elab\Tactic\Basic.olean
f:\DevCache\elan\toolchains\leanprover--lean4---v4.31.0\lib\lean\Lean\Elab\Tactic\BoolToPropSimps.olean
f:\DevCache\elan\toolchains\leanprover--lean4---v4.31.0\lib\lean\Lean\Elab\Tactic\BuiltinTactic.olean
f:\DevCache\elan\toolchains\leanprover--lean4---v4.31.0\lib\lean\Lean\Elab\Tactic\Calc.olean
f:\DevCache\elan\toolchains\leanprover--lean4---v4.31.0\lib\lean\Lean\Elab\Tactic\Cbv.olean
f:\DevCache\elan\toolchains\leanprover--lean4---v4.31.0\lib\lean\Lean\Elab\Tactic\CbvSimproc.olean
f:\DevCache\elan\toolchains\leanprover--lean4---v4.31.0\lib\lean\Lean\Elab\Tactic\Change.olean
f:\DevCache\elan\toolchains\leanprover--lean4---v4.31.0\lib\lean\Lean\Elab\Tactic\Classical.olean
f:\DevCache\elan\toolchains\leanprover--lean4---v4.31.0\lib\lean\Lean\Elab\Tactic\Config.olean
f:\DevCache\elan\toolchains\leanprover--lean4---v4.31.0\lib\lean\Lean\Elab\Tactic\Congr.olean
f:\DevCache\elan\toolchains\leanprover--lean4---v4.31.0\lib\lean\Lean\Elab\Tactic\Conv.olean
f:\DevCache\elan\toolchains\leanprover--lean4---v4.31.0\lib\lean\Lean\Elab\Tactic\Decide.olean
f:\DevCache\elan\toolchains\leanprover--lean4---v4.31.0\lib\lean\Lean\Elab\Tactic\Delta.olean
f:\DevCache\elan\toolchains\leanprover--lean4---v4.31.0\lib\lean\Lean\Elab\Tactic\DiscrTreeKey.olean
f:\DevCache\elan\toolchains\leanprover--lean4---v4.31.0\lib\lean\Lean\Elab\Tactic\Do.olean
f:\DevCache\elan\toolchains\leanprover--lean4---v4.31.0\lib\lean\Lean\Elab\Tactic\Doc.olean
f:\DevCache\elan\toolchains\leanprover--lean4---v4.31.0\lib\lean\Lean\Elab\Tactic\ElabTerm.olean
f:\DevCache\elan\toolchains\leanprover--lean4---v4.31.0\lib\lean\Lean\Elab\Tactic\ExposeNames.olean
f:\DevCache\elan\toolchains\leanprover--lean4---v4.31.0\lib\lean\Lean\Elab\Tactic\Ext.olean
f:\DevCache\elan\toolchains\leanprover--lean4---v4.31.0\lib\lean\Lean\Elab\Tactic\FalseOrByContra.olean
f:\DevCache\elan\toolchains\leanprover--lean4---v4.31.0\lib\lean\Lean\Elab\Tactic\Generalize.olean
f:\DevCache\elan\toolchains\leanprover--lean4---v4.31.0\lib\lean\Lean\Elab\Tactic\Grind.olean
f:\DevCache\elan\toolchains\leanprover--lean4---v4.31.0\lib\lean\Lean\Elab\Tactic\Guard.olean
f:\DevCache\elan\toolchains\leanprover--lean4---v4.31.0\lib\lean\Lean\Elab\Tactic\Impossible.olean
f:\DevCache\elan\toolchains\leanprover--lean4---v4.31.0\lib\lean\Lean\Elab\Tactic\Induction.olean
f:\DevCache\elan\toolchains\leanprover--lean4---v4.31.0\lib\lean\Lean\Elab\Tactic\Injection.olean
f:\DevCache\elan\toolchains\leanprover--lean4---v4.31.0\lib\lean\Lean\Elab\Tactic\Lets.olean
f:\DevCache\elan\toolchains\leanprover--lean4---v4.31.0\lib\lean\Lean\Elab\Tactic\LibrarySearch.olean
f:\DevCache\elan\toolchains\leanprover--lean4---v4.31.0\lib\lean\Lean\Elab\Tactic\Location.olean
f:\DevCache\elan\toolchains\leanprover--lean4---v4.31.0\lib\lean\Lean\Elab\Tactic\Match.olean
f:\DevCache\elan\toolchains\leanprover--lean4---v4.31.0\lib\lean\Lean\Elab\Tactic\Meta.olean
f:\DevCache\elan\toolchains\leanprover--lean4---v4.31.0\lib\lean\Lean\Elab\Tactic\Monotonicity.olean
f:\DevCache\elan\toolchains\leanprover--lean4---v4.31.0\lib\lean\Lean\Elab\Tactic\NormCast.olean
f:\DevCache\elan\toolchains\leanprover--lean4---v4.31.0\lib\lean\Lean\Elab\Tactic\Omega.olean
f:\DevCache\elan\toolchains\leanprover--lean4---v4.31.0\lib\lean\Lean\Elab\Tactic\RCases.olean
f:\DevCache\elan\toolchains\leanprover--lean4---v4.31.0\lib\lean\Lean\Elab\Tactic\RenameInaccessibles.olean
f:\DevCache\elan\toolchains\leanprover--lean4---v4.31.0\lib\lean\Lean\Elab\Tactic\Repeat.olean
f:\DevCache\elan\toolchains\leanprover--lean4---v4.31.0\lib\lean\Lean\Elab\Tactic\Rewrite.olean
f:\DevCache\elan\toolchains\leanprover--lean4---v4.31.0\lib\lean\Lean\Elab\Tactic\Rewrites.olean
f:\DevCache\elan\toolchains\leanprover--lean4---v4.31.0\lib\lean\Lean\Elab\Tactic\Rfl.olean
f:\DevCache\elan\toolchains\leanprover--lean4---v4.31.0\lib\lean\Lean\Elab\Tactic\Show.olean
f:\DevCache\elan\toolchains\leanprover--lean4---v4.31.0\lib\lean\Lean\Elab\Tactic\ShowTerm.olean
f:\DevCache\elan\toolchains\leanprover--lean4---v4.31.0\lib\lean\Lean\Elab\Tactic\Simp.olean
f:\DevCache\elan\toolchains\leanprover--lean4---v4.31.0\lib\lean\Lean\Elab\Tactic\SimpArith.olean
f:\DevCache\elan\toolchains\leanprover--lean4---v4.31.0\lib\lean\Lean\Elab\Tactic\SimpTrace.olean
f:\DevCache\elan\toolchains\leanprover--lean4---v4.31.0\lib\lean\Lean\Elab\Tactic\Simpa.olean
f:\DevCache\elan\toolchains\leanprover--lean4---v4.31.0\lib\lean\Lean\Elab\Tactic\Simproc.olean
f:\DevCache\elan\toolchains\leanprover--lean4---v4.31.0\lib\lean\Lean\Elab\Tactic\SolveByElim.olean
f:\DevCache\elan\toolchains\leanprover--lean4---v4.31.0\lib\lean\Lean\Elab\Tactic\Split.olean
f:\DevCache\elan\toolchains\leanprover--lean4---v4.31.0\lib\lean\Lean\Elab\Tactic\Symm.olean
f:\DevCache\elan\toolchains\leanprover--lean4---v4.31.0\lib\lean\Lean\Elab\Tactic\TreeTacAttr.olean
f:\DevCache\elan\toolchains\leanprover--lean4---v4.31.0\lib\lean\Lean\Elab\Tactic\Try.olean
f:\DevCache\elan\toolchains\leanprover--lean4---v4.31.0\lib\lean\Lean\Elab\Tactic\Unfold.olean
f:\DevCache\elan\toolchains\leanprover--lean4---v4.31.0\lib\lean\Lean\Elab\Term\TermElabM.olean
f:\DevCache\elan\toolchains\leanprover--lean4---v4.31.0\lib\lean\Lean\Language\Lean\Types.olean
f:\DevCache\elan\toolchains\leanprover--lean4---v4.31.0\lib\lean\Lean\Linter\EnvLinter\Basic.olean
f:\DevCache\elan\toolchains\leanprover--lean4---v4.31.0\lib\lean\Lean\Linter\EnvLinter\Frontend.olean
f:\DevCache\elan\toolchains\leanprover--lean4---v4.31.0\lib\lean\Lean\Linter\EnvLinter\Nolint.olean
f:\DevCache\elan\toolchains\leanprover--lean4---v4.31.0\lib\lean\Lean\Linter\Extra\DupNamespace.olean
f:\DevCache\elan\toolchains\leanprover--lean4---v4.31.0\lib\lean\Lean\Linter\Extra\UnnecessarySeqFocus.olean
f:\DevCache\elan\toolchains\leanprover--lean4---v4.31.0\lib\lean\Lean\Linter\Extra\UnreachableTactic.olean
f:\DevCache\elan\toolchains\leanprover--lean4---v4.31.0\lib\lean\Lean\Linter\Extra\UnusedDecidableInType.olean
f:\DevCache\elan\toolchains\leanprover--lean4---v4.31.0\lib\lean\Lean\Meta\ArgsPacker\Basic.olean
f:\DevCache\elan\toolchains\leanprover--lean4---v4.31.0\lib\lean\Lean\Meta\Constructions\BRecOn.olean
f:\DevCache\elan\toolchains\leanprover--lean4---v4.31.0\lib\lean\Lean\Meta\Constructions\CasesOn.olean
f:\DevCache\elan\toolchains\leanprover--lean4---v4.31.0\lib\lean\Lean\Meta\Constructions\CasesOnSameCtor.olean
f:\DevCache\elan\toolchains\leanprover--lean4---v4.31.0\lib\lean\Lean\Meta\Constructions\CtorElim.olean
f:\DevCache\elan\toolchains\leanprover--lean4---v4.31.0\lib\lean\Lean\Meta\Constructions\CtorIdx.olean
f:\DevCache\elan\toolchains\leanprover--lean4---v4.31.0\lib\lean\Lean\Meta\Constructions\NoConfusion.olean
f:\DevCache\elan\toolchains\leanprover--lean4---v4.31.0\lib\lean\Lean\Meta\Constructions\RecOn.olean
f:\DevCache\elan\toolchains\leanprover--lean4---v4.31.0\lib\lean\Lean\Meta\Constructions\SparseCasesOn.olean
f:\DevCache\elan\toolchains\leanprover--lean4---v4.31.0\lib\lean\Lean\Meta\Constructions\SparseCasesOnEq.olean
f:\DevCache\elan\toolchains\leanprover--lean4---v4.31.0\lib\lean\Lean\Meta\DiscrTree\Basic.olean
f:\DevCache\elan\toolchains\leanprover--lean4---v4.31.0\lib\lean\Lean\Meta\DiscrTree\Main.olean
f:\DevCache\elan\toolchains\leanprover--lean4---v4.31.0\lib\lean\Lean\Meta\DiscrTree\Types.olean
f:\DevCache\elan\toolchains\leanprover--lean4---v4.31.0\lib\lean\Lean\Meta\DiscrTree\Util.olean
f:\DevCache\elan\toolchains\leanprover--lean4---v4.31.0\lib\lean\Lean\Meta\Match\AltTelescopes.olean
f:\DevCache\elan\toolchains\leanprover--lean4---v4.31.0\lib\lean\Lean\Meta\Match\Basic.olean
f:\DevCache\elan\toolchains\leanprover--lean4---v4.31.0\lib\lean\Lean\Meta\Match\CaseArraySizes.olean
f:\DevCache\elan\toolchains\leanprover--lean4---v4.31.0\lib\lean\Lean\Meta\Match\CaseValues.olean
f:\DevCache\elan\toolchains\leanprover--lean4---v4.31.0\lib\lean\Lean\Meta\Match\MVarRenaming.olean
f:\DevCache\elan\toolchains\leanprover--lean4---v4.31.0\lib\lean\Lean\Meta\Match\Match.olean
f:\DevCache\elan\toolchains\leanprover--lean4---v4.31.0\lib\lean\Lean\Meta\Match\MatchEqs.olean
f:\DevCache\elan\toolchains\leanprover--lean4---v4.31.0\lib\lean\Lean\Meta\Match\MatchEqsExt.olean
f:\DevCache\elan\toolchains\leanprover--lean4---v4.31.0\lib\lean\Lean\Meta\Match\MatchPatternAttr.olean
f:\DevCache\elan\toolchains\leanprover--lean4---v4.31.0\lib\lean\Lean\Meta\Match\MatcherApp.olean
f:\DevCache\elan\toolchains\leanprover--lean4---v4.31.0\lib\lean\Lean\Meta\Match\MatcherInfo.olean
f:\DevCache\elan\toolchains\leanprover--lean4---v4.31.0\lib\lean\Lean\Meta\Match\NamedPatterns.olean
f:\DevCache\elan\toolchains\leanprover--lean4---v4.31.0\lib\lean\Lean\Meta\Match\Rewrite.olean
f:\DevCache\elan\toolchains\leanprover--lean4---v4.31.0\lib\lean\Lean\Meta\Match\SimpH.olean
f:\DevCache\elan\toolchains\leanprover--lean4---v4.31.0\lib\lean\Lean\Meta\Match\SolveOverlap.olean
f:\DevCache\elan\toolchains\leanprover--lean4---v4.31.0\lib\lean\Lean\Meta\Match\Value.olean
f:\DevCache\elan\toolchains\leanprover--lean4---v4.31.0\lib\lean\Lean\Meta\Sym\AbstractS.olean
f:\DevCache\elan\toolchains\leanprover--lean4---v4.31.0\lib\lean\Lean\Meta\Sym\AlphaShareBuilder.olean
f:\DevCache\elan\toolchains\leanprover--lean4---v4.31.0\lib\lean\Lean\Meta\Sym\AlphaShareCommon.olean
f:\DevCache\elan\toolchains\leanprover--lean4---v4.31.0\lib\lean\Lean\Meta\Sym\Apply.olean
f:\DevCache\elan\toolchains\leanprover--lean4---v4.31.0\lib\lean\Lean\Meta\Sym\Arith.olean
f:\DevCache\elan\toolchains\leanprover--lean4---v4.31.0\lib\lean\Lean\Meta\Sym\Canon.olean
f:\DevCache\elan\toolchains\leanprover--lean4---v4.31.0\lib\lean\Lean\Meta\Sym\DSimp.olean
f:\DevCache\elan\toolchains\leanprover--lean4---v4.31.0\lib\lean\Lean\Meta\Sym\Eta.olean
f:\DevCache\elan\toolchains\leanprover--lean4---v4.31.0\lib\lean\Lean\Meta\Sym\ExprPtr.olean
f:\DevCache\elan\toolchains\leanprover--lean4---v4.31.0\lib\lean\Lean\Meta\Sym\Grind.olean
f:\DevCache\elan\toolchains\leanprover--lean4---v4.31.0\lib\lean\Lean\Meta\Sym\InferType.olean
f:\DevCache\elan\toolchains\leanprover--lean4---v4.31.0\lib\lean\Lean\Meta\Sym\InstantiateMVarsS.olean
f:\DevCache\elan\toolchains\leanprover--lean4---v4.31.0\lib\lean\Lean\Meta\Sym\InstantiateS.olean
f:\DevCache\elan\toolchains\leanprover--lean4---v4.31.0\lib\lean\Lean\Meta\Sym\Intro.olean
f:\DevCache\elan\toolchains\leanprover--lean4---v4.31.0\lib\lean\Lean\Meta\Sym\IsClass.olean
f:\DevCache\elan\toolchains\leanprover--lean4---v4.31.0\lib\lean\Lean\Meta\Sym\LitValues.olean
f:\DevCache\elan\toolchains\leanprover--lean4---v4.31.0\lib\lean\Lean\Meta\Sym\LooseBVarsS.olean
f:\DevCache\elan\toolchains\leanprover--lean4---v4.31.0\lib\lean\Lean\Meta\Sym\MaxFVar.olean
f:\DevCache\elan\toolchains\leanprover--lean4---v4.31.0\lib\lean\Lean\Meta\Sym\Offset.olean
f:\DevCache\elan\toolchains\leanprover--lean4---v4.31.0\lib\lean\Lean\Meta\Sym\Pattern.olean
f:\DevCache\elan\toolchains\leanprover--lean4---v4.31.0\lib\lean\Lean\Meta\Sym\ProofInstInfo.olean
f:\DevCache\elan\toolchains\leanprover--lean4---v4.31.0\lib\lean\Lean\Meta\Sym\ReplaceS.olean
f:\DevCache\elan\toolchains\leanprover--lean4---v4.31.0\lib\lean\Lean\Meta\Sym\Simp.olean
f:\DevCache\elan\toolchains\leanprover--lean4---v4.31.0\lib\lean\Lean\Meta\Sym\SymM.olean
f:\DevCache\elan\toolchains\leanprover--lean4---v4.31.0\lib\lean\Lean\Meta\Sym\SynthInstance.olean
f:\DevCache\elan\toolchains\leanprover--lean4---v4.31.0\lib\lean\Lean\Meta\Sym\Util.olean
f:\DevCache\elan\toolchains\leanprover--lean4---v4.31.0\lib\lean\Lean\Meta\Tactic\AC.olean
f:\DevCache\elan\toolchains\leanprover--lean4---v4.31.0\lib\lean\Lean\Meta\Tactic\Acyclic.olean
f:\DevCache\elan\toolchains\leanprover--lean4---v4.31.0\lib\lean\Lean\Meta\Tactic\Apply.olean
f:\DevCache\elan\toolchains\leanprover--lean4---v4.31.0\lib\lean\Lean\Meta\Tactic\Assert.olean
f:\DevCache\elan\toolchains\leanprover--lean4---v4.31.0\lib\lean\Lean\Meta\Tactic\Assumption.olean
f:\DevCache\elan\toolchains\leanprover--lean4---v4.31.0\lib\lean\Lean\Meta\Tactic\AuxLemma.olean
f:\DevCache\elan\toolchains\leanprover--lean4---v4.31.0\lib\lean\Lean\Meta\Tactic\Backtrack.olean
f:\DevCache\elan\toolchains\leanprover--lean4---v4.31.0\lib\lean\Lean\Meta\Tactic\Cases.olean
f:\DevCache\elan\toolchains\leanprover--lean4---v4.31.0\lib\lean\Lean\Meta\Tactic\CasesOnStuckLHS.olean
f:\DevCache\elan\toolchains\leanprover--lean4---v4.31.0\lib\lean\Lean\Meta\Tactic\Cbv.olean
f:\DevCache\elan\toolchains\leanprover--lean4---v4.31.0\lib\lean\Lean\Meta\Tactic\Cleanup.olean
f:\DevCache\elan\toolchains\leanprover--lean4---v4.31.0\lib\lean\Lean\Meta\Tactic\Clear.olean
f:\DevCache\elan\toolchains\leanprover--lean4---v4.31.0\lib\lean\Lean\Meta\Tactic\Congr.olean
f:\DevCache\elan\toolchains\leanprover--lean4---v4.31.0\lib\lean\Lean\Meta\Tactic\Constructor.olean
f:\DevCache\elan\toolchains\leanprover--lean4---v4.31.0\lib\lean\Lean\Meta\Tactic\Contradiction.olean
f:\DevCache\elan\toolchains\leanprover--lean4---v4.31.0\lib\lean\Lean\Meta\Tactic\Delta.olean
f:\DevCache\elan\toolchains\leanprover--lean4---v4.31.0\lib\lean\Lean\Meta\Tactic\ElimInfo.olean
f:\DevCache\elan\toolchains\leanprover--lean4---v4.31.0\lib\lean\Lean\Meta\Tactic\ExposeNames.olean
f:\DevCache\elan\toolchains\leanprover--lean4---v4.31.0\lib\lean\Lean\Meta\Tactic\Ext.olean
f:\DevCache\elan\toolchains\leanprover--lean4---v4.31.0\lib\lean\Lean\Meta\Tactic\FVarSubst.olean
f:\DevCache\elan\toolchains\leanprover--lean4---v4.31.0\lib\lean\Lean\Meta\Tactic\FunInd.olean
f:\DevCache\elan\toolchains\leanprover--lean4---v4.31.0\lib\lean\Lean\Meta\Tactic\FunIndCollect.olean
f:\DevCache\elan\toolchains\leanprover--lean4---v4.31.0\lib\lean\Lean\Meta\Tactic\FunIndInfo.olean
f:\DevCache\elan\toolchains\leanprover--lean4---v4.31.0\lib\lean\Lean\Meta\Tactic\Generalize.olean
f:\DevCache\elan\toolchains\leanprover--lean4---v4.31.0\lib\lean\Lean\Meta\Tactic\Grind.olean
f:\DevCache\elan\toolchains\leanprover--lean4---v4.31.0\lib\lean\Lean\Meta\Tactic\IndependentOf.olean
f:\DevCache\elan\toolchains\leanprover--lean4---v4.31.0\lib\lean\Lean\Meta\Tactic\Induction.olean
f:\DevCache\elan\toolchains\leanprover--lean4---v4.31.0\lib\lean\Lean\Meta\Tactic\Injection.olean
f:\DevCache\elan\toolchains\leanprover--lean4---v4.31.0\lib\lean\Lean\Meta\Tactic\Intro.olean
f:\DevCache\elan\toolchains\leanprover--lean4---v4.31.0\lib\lean\Lean\Meta\Tactic\Lets.olean
f:\DevCache\elan\toolchains\leanprover--lean4---v4.31.0\lib\lean\Lean\Meta\Tactic\LibrarySearch.olean
f:\DevCache\elan\toolchains\leanprover--lean4---v4.31.0\lib\lean\Lean\Meta\Tactic\NormCast.olean
f:\DevCache\elan\toolchains\leanprover--lean4---v4.31.0\lib\lean\Lean\Meta\Tactic\Refl.olean
f:\DevCache\elan\toolchains\leanprover--lean4---v4.31.0\lib\lean\Lean\Meta\Tactic\Rename.olean
f:\DevCache\elan\toolchains\leanprover--lean4---v4.31.0\lib\lean\Lean\Meta\Tactic\Repeat.olean
f:\DevCache\elan\toolchains\leanprover--lean4---v4.31.0\lib\lean\Lean\Meta\Tactic\Replace.olean
f:\DevCache\elan\toolchains\leanprover--lean4---v4.31.0\lib\lean\Lean\Meta\Tactic\Revert.olean
f:\DevCache\elan\toolchains\leanprover--lean4---v4.31.0\lib\lean\Lean\Meta\Tactic\Rewrite.olean
f:\DevCache\elan\toolchains\leanprover--lean4---v4.31.0\lib\lean\Lean\Meta\Tactic\Rewrites.olean
f:\DevCache\elan\toolchains\leanprover--lean4---v4.31.0\lib\lean\Lean\Meta\Tactic\Rfl.olean
f:\DevCache\elan\toolchains\leanprover--lean4---v4.31.0\lib\lean\Lean\Meta\Tactic\Simp.olean
f:\DevCache\elan\toolchains\leanprover--lean4---v4.31.0\lib\lean\Lean\Meta\Tactic\SolveByElim.olean
f:\DevCache\elan\toolchains\leanprover--lean4---v4.31.0\lib\lean\Lean\Meta\Tactic\Split.olean
f:\DevCache\elan\toolchains\leanprover--lean4---v4.31.0\lib\lean\Lean\Meta\Tactic\SplitIf.olean
f:\DevCache\elan\toolchains\leanprover--lean4---v4.31.0\lib\lean\Lean\Meta\Tactic\Subst.olean
f:\DevCache\elan\toolchains\leanprover--lean4---v4.31.0\lib\lean\Lean\Meta\Tactic\Symm.olean
f:\DevCache\elan\toolchains\leanprover--lean4---v4.31.0\lib\lean\Lean\Meta\Tactic\Try.olean
f:\DevCache\elan\toolchains\leanprover--lean4---v4.31.0\lib\lean\Lean\Meta\Tactic\TryThis.olean
f:\DevCache\elan\toolchains\leanprover--lean4---v4.31.0\lib\lean\Lean\Meta\Tactic\Unfold.olean
f:\DevCache\elan\toolchains\leanprover--lean4---v4.31.0\lib\lean\Lean\Meta\Tactic\UnifyEq.olean
f:\DevCache\elan\toolchains\leanprover--lean4---v4.31.0\lib\lean\Lean\Meta\Tactic\Util.olean
f:\DevCache\elan\toolchains\leanprover--lean4---v4.31.0\lib\lean\Lean\Parser\Module\Syntax.olean
f:\DevCache\elan\toolchains\leanprover--lean4---v4.31.0\lib\lean\Lean\Parser\Tactic\Doc.olean
f:\DevCache\elan\toolchains\leanprover--lean4---v4.31.0\lib\lean\Lean\Parser\Term\Basic.olean
f:\DevCache\elan\toolchains\leanprover--lean4---v4.31.0\lib\lean\Lean\Parser\Term\Doc.olean
f:\DevCache\elan\toolchains\leanprover--lean4---v4.31.0\lib\lean\Lean\PrettyPrinter\Delaborator\Attributes.olean
f:\DevCache\elan\toolchains\leanprover--lean4---v4.31.0\lib\lean\Lean\PrettyPrinter\Delaborator\Basic.olean
f:\DevCache\elan\toolchains\leanprover--lean4---v4.31.0\lib\lean\Lean\PrettyPrinter\Delaborator\Builtins.olean
f:\DevCache\elan\toolchains\leanprover--lean4---v4.31.0\lib\lean\Lean\PrettyPrinter\Delaborator\DeclWithSig.olean
f:\DevCache\elan\toolchains\leanprover--lean4---v4.31.0\lib\lean\Lean\PrettyPrinter\Delaborator\FieldNotation.olean
f:\DevCache\elan\toolchains\leanprover--lean4---v4.31.0\lib\lean\Lean\PrettyPrinter\Delaborator\Metavariable.olean
f:\DevCache\elan\toolchains\leanprover--lean4---v4.31.0\lib\lean\Lean\PrettyPrinter\Delaborator\Options.olean
f:\DevCache\elan\toolchains\leanprover--lean4---v4.31.0\lib\lean\Lean\PrettyPrinter\Delaborator\SubExpr.olean
f:\DevCache\elan\toolchains\leanprover--lean4---v4.31.0\lib\lean\Lean\PrettyPrinter\Delaborator\TopDownAnalyze.olean
f:\DevCache\elan\toolchains\leanprover--lean4---v4.31.0\lib\lean\Lean\Server\CodeActions\Attr.olean
f:\DevCache\elan\toolchains\leanprover--lean4---v4.31.0\lib\lean\Lean\Server\CodeActions\Basic.olean
f:\DevCache\elan\toolchains\leanprover--lean4---v4.31.0\lib\lean\Lean\Server\CodeActions\Provider.olean
f:\DevCache\elan\toolchains\leanprover--lean4---v4.31.0\lib\lean\Lean\Server\CodeActions\UnknownIdentifier.olean
f:\DevCache\elan\toolchains\leanprover--lean4---v4.31.0\lib\lean\Lean\Server\Completion\CompletionCollectors.olean
f:\DevCache\elan\toolchains\leanprover--lean4---v4.31.0\lib\lean\Lean\Server\Completion\CompletionInfoSelection.olean
f:\DevCache\elan\toolchains\leanprover--lean4---v4.31.0\lib\lean\Lean\Server\Completion\CompletionItemCompression.olean
f:\DevCache\elan\toolchains\leanprover--lean4---v4.31.0\lib\lean\Lean\Server\Completion\CompletionResolution.olean
f:\DevCache\elan\toolchains\leanprover--lean4---v4.31.0\lib\lean\Lean\Server\Completion\CompletionUtils.olean
f:\DevCache\elan\toolchains\leanprover--lean4---v4.31.0\lib\lean\Lean\Server\Completion\EligibleHeaderDecls.olean
f:\DevCache\elan\toolchains\leanprover--lean4---v4.31.0\lib\lean\Lean\Server\Completion\ImportCompletion.olean
f:\DevCache\elan\toolchains\leanprover--lean4---v4.31.0\lib\lean\Lean\Server\Completion\SyntheticCompletion.olean
f:\DevCache\elan\toolchains\leanprover--lean4---v4.31.0\lib\lean\Lean\Server\FileWorker\ExampleHover.olean
f:\DevCache\elan\toolchains\leanprover--lean4---v4.31.0\lib\lean\Lean\Server\FileWorker\InlayHints.olean
f:\DevCache\elan\toolchains\leanprover--lean4---v4.31.0\lib\lean\Lean\Server\FileWorker\RequestHandling.olean
f:\DevCache\elan\toolchains\leanprover--lean4---v4.31.0\lib\lean\Lean\Server\FileWorker\SemanticHighlighting.olean
f:\DevCache\elan\toolchains\leanprover--lean4---v4.31.0\lib\lean\Lean\Server\FileWorker\SetupFile.olean
f:\DevCache\elan\toolchains\leanprover--lean4---v4.31.0\lib\lean\Lean\Server\FileWorker\SignatureHelp.olean
f:\DevCache\elan\toolchains\leanprover--lean4---v4.31.0\lib\lean\Lean\Server\FileWorker\Utils.olean
f:\DevCache\elan\toolchains\leanprover--lean4---v4.31.0\lib\lean\Lean\Server\FileWorker\WidgetRequests.olean
f:\DevCache\elan\toolchains\leanprover--lean4---v4.31.0\lib\lean\Lean\Server\Rpc\Basic.olean
f:\DevCache\elan\toolchains\leanprover--lean4---v4.31.0\lib\lean\Lean\Server\Rpc\Deriving.olean
f:\DevCache\elan\toolchains\leanprover--lean4---v4.31.0\lib\lean\Lean\Server\Rpc\RequestHandling.olean
f:\DevCache\elan\toolchains\leanprover--lean4---v4.31.0\lib\lean\Lean\Server\Test\Cancel.olean
f:\DevCache\elan\toolchains\leanprover--lean4---v4.31.0\lib\lean\Lean\Server\Test\Refs.olean
f:\DevCache\elan\toolchains\leanprover--lean4---v4.31.0\lib\lean\Lean\Server\Test\Runner.olean
F:\LaTeX\BVE research\lean-proof\.lake\packages\mathlib\.lake\build\lib\lean\Mathlib\Algebra\Algebra\Basic.olean
F:\LaTeX\BVE research\lean-proof\.lake\packages\mathlib\.lake\build\lib\lean\Mathlib\Algebra\Algebra\Bilinear.olean
F:\LaTeX\BVE research\lean-proof\.lake\packages\mathlib\.lake\build\lib\lean\Mathlib\Algebra\Algebra\Defs.olean
F:\LaTeX\BVE research\lean-proof\.lake\packages\mathlib\.lake\build\lib\lean\Mathlib\Algebra\Algebra\Equiv.olean
F:\LaTeX\BVE research\lean-proof\.lake\packages\mathlib\.lake\build\lib\lean\Mathlib\Algebra\Algebra\Hom.olean
F:\LaTeX\BVE research\lean-proof\.lake\packages\mathlib\.lake\build\lib\lean\Mathlib\Algebra\Algebra\IsSimpleRing.olean
F:\LaTeX\BVE research\lean-proof\.lake\packages\mathlib\.lake\build\lib\lean\Mathlib\Algebra\Algebra\NonUnitalHom.olean
F:\LaTeX\BVE research\lean-proof\.lake\packages\mathlib\.lake\build\lib\lean\Mathlib\Algebra\Algebra\NonUnitalSubalgebra.olean
F:\LaTeX\BVE research\lean-proof\.lake\packages\mathlib\.lake\build\lib\lean\Mathlib\Algebra\Algebra\Operations.olean
F:\LaTeX\BVE research\lean-proof\.lake\packages\mathlib\.lake\build\lib\lean\Mathlib\Algebra\Algebra\Opposite.olean
F:\LaTeX\BVE research\lean-proof\.lake\packages\mathlib\.lake\build\lib\lean\Mathlib\Algebra\Algebra\Pi.olean
F:\LaTeX\BVE research\lean-proof\.lake\packages\mathlib\.lake\build\lib\lean\Mathlib\Algebra\Algebra\Prod.olean
F:\LaTeX\BVE research\lean-proof\.lake\packages\mathlib\.lake\build\lib\lean\Mathlib\Algebra\Algebra\Rat.olean
F:\LaTeX\BVE research\lean-proof\.lake\packages\mathlib\.lake\build\lib\lean\Mathlib\Algebra\Algebra\RestrictScalars.olean
F:\LaTeX\BVE research\lean-proof\.lake\packages\mathlib\.lake\build\lib\lean\Mathlib\Algebra\Algebra\Tower.olean
F:\LaTeX\BVE research\lean-proof\.lake\packages\mathlib\.lake\build\lib\lean\Mathlib\Algebra\BigOperators\Balance.olean
F:\LaTeX\BVE research\lean-proof\.lake\packages\mathlib\.lake\build\lib\lean\Mathlib\Algebra\BigOperators\Expect.olean
F:\LaTeX\BVE research\lean-proof\.lake\packages\mathlib\.lake\build\lib\lean\Mathlib\Algebra\BigOperators\Field.olean
F:\LaTeX\BVE research\lean-proof\.lake\packages\mathlib\.lake\build\lib\lean\Mathlib\Algebra\BigOperators\Fin.olean
F:\LaTeX\BVE research\lean-proof\.lake\packages\mathlib\.lake\build\lib\lean\Mathlib\Algebra\BigOperators\Finprod.olean
F:\LaTeX\BVE research\lean-proof\.lake\packages\mathlib\.lake\build\lib\lean\Mathlib\Algebra\BigOperators\Intervals.olean
F:\LaTeX\BVE research\lean-proof\.lake\packages\mathlib\.lake\build\lib\lean\Mathlib\Algebra\BigOperators\Module.olean
F:\LaTeX\BVE research\lean-proof\.lake\packages\mathlib\.lake\build\lib\lean\Mathlib\Algebra\BigOperators\NatAntidiagonal.olean
F:\LaTeX\BVE research\lean-proof\.lake\packages\mathlib\.lake\build\lib\lean\Mathlib\Algebra\BigOperators\Option.olean
F:\LaTeX\BVE research\lean-proof\.lake\packages\mathlib\.lake\build\lib\lean\Mathlib\Algebra\BigOperators\Pi.olean
F:\LaTeX\BVE research\lean-proof\.lake\packages\mathlib\.lake\build\lib\lean\Mathlib\Algebra\BigOperators\RingEquiv.olean
F:\LaTeX\BVE research\lean-proof\.lake\packages\mathlib\.lake\build\lib\lean\Mathlib\Algebra\BigOperators\WithTop.olean
F:\LaTeX\BVE research\lean-proof\.lake\packages\mathlib\.lake\build\lib\lean\Mathlib\Algebra\CharP\Basic.olean
F:\LaTeX\BVE research\lean-proof\.lake\packages\mathlib\.lake\build\lib\lean\Mathlib\Algebra\CharP\Defs.olean
F:\LaTeX\BVE research\lean-proof\.lake\packages\mathlib\.lake\build\lib\lean\Mathlib\Algebra\CharP\Frobenius.olean
F:\LaTeX\BVE research\lean-proof\.lake\packages\mathlib\.lake\build\lib\lean\Mathlib\Algebra\CharP\Invertible.olean
F:\LaTeX\BVE research\lean-proof\.lake\packages\mathlib\.lake\build\lib\lean\Mathlib\Algebra\CharP\Lemmas.olean
F:\LaTeX\BVE research\lean-proof\.lake\packages\mathlib\.lake\build\lib\lean\Mathlib\Algebra\CharP\Reduced.olean
F:\LaTeX\BVE research\lean-proof\.lake\packages\mathlib\.lake\build\lib\lean\Mathlib\Algebra\CharP\Two.olean
F:\LaTeX\BVE research\lean-proof\.lake\packages\mathlib\.lake\build\lib\lean\Mathlib\Algebra\CharZero\Defs.olean
F:\LaTeX\BVE research\lean-proof\.lake\packages\mathlib\.lake\build\lib\lean\Mathlib\Algebra\CharZero\Quotient.olean
F:\LaTeX\BVE research\lean-proof\.lake\packages\mathlib\.lake\build\lib\lean\Mathlib\Algebra\DirectSum\Basic.olean
F:\LaTeX\BVE research\lean-proof\.lake\packages\mathlib\.lake\build\lib\lean\Mathlib\Algebra\DirectSum\Decomposition.olean
F:\LaTeX\BVE research\lean-proof\.lake\packages\mathlib\.lake\build\lib\lean\Mathlib\Algebra\DirectSum\Finsupp.olean
F:\LaTeX\BVE research\lean-proof\.lake\packages\mathlib\.lake\build\lib\lean\Mathlib\Algebra\DirectSum\Module.olean
F:\LaTeX\BVE research\lean-proof\.lake\packages\mathlib\.lake\build\lib\lean\Mathlib\Algebra\Divisibility\Basic.olean
F:\LaTeX\BVE research\lean-proof\.lake\packages\mathlib\.lake\build\lib\lean\Mathlib\Algebra\Divisibility\Hom.olean
F:\LaTeX\BVE research\lean-proof\.lake\packages\mathlib\.lake\build\lib\lean\Mathlib\Algebra\Divisibility\Units.olean
F:\LaTeX\BVE research\lean-proof\.lake\packages\mathlib\.lake\build\lib\lean\Mathlib\Algebra\EuclideanDomain\Basic.olean
F:\LaTeX\BVE research\lean-proof\.lake\packages\mathlib\.lake\build\lib\lean\Mathlib\Algebra\EuclideanDomain\Defs.olean
F:\LaTeX\BVE research\lean-proof\.lake\packages\mathlib\.lake\build\lib\lean\Mathlib\Algebra\EuclideanDomain\Field.olean
F:\LaTeX\BVE research\lean-proof\.lake\packages\mathlib\.lake\build\lib\lean\Mathlib\Algebra\EuclideanDomain\Int.olean
F:\LaTeX\BVE research\lean-proof\.lake\packages\mathlib\.lake\build\lib\lean\Mathlib\Algebra\Exact\Basic.olean
F:\LaTeX\BVE research\lean-proof\.lake\packages\mathlib\.lake\build\lib\lean\Mathlib\Algebra\Field\Basic.olean
F:\LaTeX\BVE research\lean-proof\.lake\packages\mathlib\.lake\build\lib\lean\Mathlib\Algebra\Field\Defs.olean
F:\LaTeX\BVE research\lean-proof\.lake\packages\mathlib\.lake\build\lib\lean\Mathlib\Algebra\Field\Equiv.olean
F:\LaTeX\BVE research\lean-proof\.lake\packages\mathlib\.lake\build\lib\lean\Mathlib\Algebra\Field\GeomSum.olean
F:\LaTeX\BVE research\lean-proof\.lake\packages\mathlib\.lake\build\lib\lean\Mathlib\Algebra\Field\IsField.olean
F:\LaTeX\BVE research\lean-proof\.lake\packages\mathlib\.lake\build\lib\lean\Mathlib\Algebra\Field\NegOnePow.olean
F:\LaTeX\BVE research\lean-proof\.lake\packages\mathlib\.lake\build\lib\lean\Mathlib\Algebra\Field\Opposite.olean
F:\LaTeX\BVE research\lean-proof\.lake\packages\mathlib\.lake\build\lib\lean\Mathlib\Algebra\Field\Periodic.olean
F:\LaTeX\BVE research\lean-proof\.lake\packages\mathlib\.lake\build\lib\lean\Mathlib\Algebra\Field\Rat.olean
F:\LaTeX\BVE research\lean-proof\.lake\packages\mathlib\.lake\build\lib\lean\Mathlib\Algebra\FiniteSupport\Basic.olean
F:\LaTeX\BVE research\lean-proof\.lake\packages\mathlib\.lake\build\lib\lean\Mathlib\Algebra\FiniteSupport\Defs.olean
F:\LaTeX\BVE research\lean-proof\.lake\packages\mathlib\.lake\build\lib\lean\Mathlib\Algebra\FreeAbelianGroup\Finsupp.olean
F:\LaTeX\BVE research\lean-proof\.lake\packages\mathlib\.lake\build\lib\lean\Mathlib\Algebra\FreeMonoid\Basic.olean
F:\LaTeX\BVE research\lean-proof\.lake\packages\mathlib\.lake\build\lib\lean\Mathlib\Algebra\FreeMonoid\UniqueProds.olean
F:\LaTeX\BVE research\lean-proof\.lake\packages\mathlib\.lake\build\lib\lean\Mathlib\Algebra\GCDMonoid\Basic.olean
F:\LaTeX\BVE research\lean-proof\.lake\packages\mathlib\.lake\build\lib\lean\Mathlib\Algebra\GCDMonoid\Finset.olean
F:\LaTeX\BVE research\lean-proof\.lake\packages\mathlib\.lake\build\lib\lean\Mathlib\Algebra\GCDMonoid\Multiset.olean
F:\LaTeX\BVE research\lean-proof\.lake\packages\mathlib\.lake\build\lib\lean\Mathlib\Algebra\GCDMonoid\Nat.olean
F:\LaTeX\BVE research\lean-proof\.lake\packages\mathlib\.lake\build\lib\lean\Mathlib\Algebra\Group\AddChar.olean
F:\LaTeX\BVE research\lean-proof\.lake\packages\mathlib\.lake\build\lib\lean\Mathlib\Algebra\Group\Basic.olean
F:\LaTeX\BVE research\lean-proof\.lake\packages\mathlib\.lake\build\lib\lean\Mathlib\Algebra\Group\Center.olean
F:\LaTeX\BVE research\lean-proof\.lake\packages\mathlib\.lake\build\lib\lean\Mathlib\Algebra\Group\Commutator.olean
F:\LaTeX\BVE research\lean-proof\.lake\packages\mathlib\.lake\build\lib\lean\Mathlib\Algebra\Group\Conj.olean
F:\LaTeX\BVE research\lean-proof\.lake\packages\mathlib\.lake\build\lib\lean\Mathlib\Algebra\Group\Defs.olean
F:\LaTeX\BVE research\lean-proof\.lake\packages\mathlib\.lake\build\lib\lean\Mathlib\Algebra\Group\Embedding.olean
F:\LaTeX\BVE research\lean-proof\.lake\packages\mathlib\.lake\build\lib\lean\Mathlib\Algebra\Group\End.olean
F:\LaTeX\BVE research\lean-proof\.lake\packages\mathlib\.lake\build\lib\lean\Mathlib\Algebra\Group\Even.olean
F:\LaTeX\BVE research\lean-proof\.lake\packages\mathlib\.lake\build\lib\lean\Mathlib\Algebra\Group\EvenFunction.olean
F:\LaTeX\BVE research\lean-proof\.lake\packages\mathlib\.lake\build\lib\lean\Mathlib\Algebra\Group\Finsupp.olean
F:\LaTeX\BVE research\lean-proof\.lake\packages\mathlib\.lake\build\lib\lean\Mathlib\Algebra\Group\Graph.olean
F:\LaTeX\BVE research\lean-proof\.lake\packages\mathlib\.lake\build\lib\lean\Mathlib\Algebra\Group\Idempotent.olean
F:\LaTeX\BVE research\lean-proof\.lake\packages\mathlib\.lake\build\lib\lean\Mathlib\Algebra\Group\Indicator.olean
F:\LaTeX\BVE research\lean-proof\.lake\packages\mathlib\.lake\build\lib\lean\Mathlib\Algebra\Group\InjSurj.olean
F:\LaTeX\BVE research\lean-proof\.lake\packages\mathlib\.lake\build\lib\lean\Mathlib\Algebra\Group\ModEq.olean
F:\LaTeX\BVE research\lean-proof\.lake\packages\mathlib\.lake\build\lib\lean\Mathlib\Algebra\Group\Opposite.olean
F:\LaTeX\BVE research\lean-proof\.lake\packages\mathlib\.lake\build\lib\lean\Mathlib\Algebra\Group\PUnit.olean
F:\LaTeX\BVE research\lean-proof\.lake\packages\mathlib\.lake\build\lib\lean\Mathlib\Algebra\Group\Prod.olean
F:\LaTeX\BVE research\lean-proof\.lake\packages\mathlib\.lake\build\lib\lean\Mathlib\Algebra\Group\Shrink.olean
F:\LaTeX\BVE research\lean-proof\.lake\packages\mathlib\.lake\build\lib\lean\Mathlib\Algebra\Group\Support.olean
F:\LaTeX\BVE research\lean-proof\.lake\packages\mathlib\.lake\build\lib\lean\Mathlib\Algebra\Group\Torsion.olean
F:\LaTeX\BVE research\lean-proof\.lake\packages\mathlib\.lake\build\lib\lean\Mathlib\Algebra\Group\TransferInstance.olean
F:\LaTeX\BVE research\lean-proof\.lake\packages\mathlib\.lake\build\lib\lean\Mathlib\Algebra\Group\ULift.olean
F:\LaTeX\BVE research\lean-proof\.lake\packages\mathlib\.lake\build\lib\lean\Mathlib\Algebra\GroupWithZero\Associated.olean
F:\LaTeX\BVE research\lean-proof\.lake\packages\mathlib\.lake\build\lib\lean\Mathlib\Algebra\GroupWithZero\Basic.olean
F:\LaTeX\BVE research\lean-proof\.lake\packages\mathlib\.lake\build\lib\lean\Mathlib\Algebra\GroupWithZero\Center.olean
F:\LaTeX\BVE research\lean-proof\.lake\packages\mathlib\.lake\build\lib\lean\Mathlib\Algebra\GroupWithZero\Commute.olean
F:\LaTeX\BVE research\lean-proof\.lake\packages\mathlib\.lake\build\lib\lean\Mathlib\Algebra\GroupWithZero\Defs.olean
F:\LaTeX\BVE research\lean-proof\.lake\packages\mathlib\.lake\build\lib\lean\Mathlib\Algebra\GroupWithZero\Divisibility.olean
F:\LaTeX\BVE research\lean-proof\.lake\packages\mathlib\.lake\build\lib\lean\Mathlib\Algebra\GroupWithZero\Equiv.olean
F:\LaTeX\BVE research\lean-proof\.lake\packages\mathlib\.lake\build\lib\lean\Mathlib\Algebra\GroupWithZero\Hom.olean
F:\LaTeX\BVE research\lean-proof\.lake\packages\mathlib\.lake\build\lib\lean\Mathlib\Algebra\GroupWithZero\Idempotent.olean
F:\LaTeX\BVE research\lean-proof\.lake\packages\mathlib\.lake\build\lib\lean\Mathlib\Algebra\GroupWithZero\Indicator.olean
F:\LaTeX\BVE research\lean-proof\.lake\packages\mathlib\.lake\build\lib\lean\Mathlib\Algebra\GroupWithZero\InjSurj.olean
F:\LaTeX\BVE research\lean-proof\.lake\packages\mathlib\.lake\build\lib\lean\Mathlib\Algebra\GroupWithZero\Invertible.olean
F:\LaTeX\BVE research\lean-proof\.lake\packages\mathlib\.lake\build\lib\lean\Mathlib\Algebra\GroupWithZero\Nat.olean
F:\LaTeX\BVE research\lean-proof\.lake\packages\mathlib\.lake\build\lib\lean\Mathlib\Algebra\GroupWithZero\NeZero.olean
F:\LaTeX\BVE research\lean-proof\.lake\packages\mathlib\.lake\build\lib\lean\Mathlib\Algebra\GroupWithZero\NonZeroDivisors.olean
F:\LaTeX\BVE research\lean-proof\.lake\packages\mathlib\.lake\build\lib\lean\Mathlib\Algebra\GroupWithZero\Opposite.olean
F:\LaTeX\BVE research\lean-proof\.lake\packages\mathlib\.lake\build\lib\lean\Mathlib\Algebra\GroupWithZero\Pi.olean
F:\LaTeX\BVE research\lean-proof\.lake\packages\mathlib\.lake\build\lib\lean\Mathlib\Algebra\GroupWithZero\Prod.olean
F:\LaTeX\BVE research\lean-proof\.lake\packages\mathlib\.lake\build\lib\lean\Mathlib\Algebra\GroupWithZero\Regular.olean
F:\LaTeX\BVE research\lean-proof\.lake\packages\mathlib\.lake\build\lib\lean\Mathlib\Algebra\GroupWithZero\Semiconj.olean
F:\LaTeX\BVE research\lean-proof\.lake\packages\mathlib\.lake\build\lib\lean\Mathlib\Algebra\GroupWithZero\Subgroup.olean
F:\LaTeX\BVE research\lean-proof\.lake\packages\mathlib\.lake\build\lib\lean\Mathlib\Algebra\GroupWithZero\ULift.olean
F:\LaTeX\BVE research\lean-proof\.lake\packages\mathlib\.lake\build\lib\lean\Mathlib\Algebra\GroupWithZero\WithZero.olean
F:\LaTeX\BVE research\lean-proof\.lake\packages\mathlib\.lake\build\lib\lean\Mathlib\Algebra\Module\Basic.olean
F:\LaTeX\BVE research\lean-proof\.lake\packages\mathlib\.lake\build\lib\lean\Mathlib\Algebra\Module\BigOperators.olean
F:\LaTeX\BVE research\lean-proof\.lake\packages\mathlib\.lake\build\lib\lean\Mathlib\Algebra\Module\Defs.olean
F:\LaTeX\BVE research\lean-proof\.lake\packages\mathlib\.lake\build\lib\lean\Mathlib\Algebra\Module\End.olean
F:\LaTeX\BVE research\lean-proof\.lake\packages\mathlib\.lake\build\lib\lean\Mathlib\Algebra\Module\Hom.olean
F:\LaTeX\BVE research\lean-proof\.lake\packages\mathlib\.lake\build\lib\lean\Mathlib\Algebra\Module\NatInt.olean
F:\LaTeX\BVE research\lean-proof\.lake\packages\mathlib\.lake\build\lib\lean\Mathlib\Algebra\Module\Opposite.olean
F:\LaTeX\BVE research\lean-proof\.lake\packages\mathlib\.lake\build\lib\lean\Mathlib\Algebra\Module\PUnit.olean
F:\LaTeX\BVE research\lean-proof\.lake\packages\mathlib\.lake\build\lib\lean\Mathlib\Algebra\Module\Pi.olean
F:\LaTeX\BVE research\lean-proof\.lake\packages\mathlib\.lake\build\lib\lean\Mathlib\Algebra\Module\Prod.olean
F:\LaTeX\BVE research\lean-proof\.lake\packages\mathlib\.lake\build\lib\lean\Mathlib\Algebra\Module\Projective.olean
F:\LaTeX\BVE research\lean-proof\.lake\packages\mathlib\.lake\build\lib\lean\Mathlib\Algebra\Module\Rat.olean
F:\LaTeX\BVE research\lean-proof\.lake\packages\mathlib\.lake\build\lib\lean\Mathlib\Algebra\Module\RingHom.olean
F:\LaTeX\BVE research\lean-proof\.lake\packages\mathlib\.lake\build\lib\lean\Mathlib\Algebra\Module\Shrink.olean
F:\LaTeX\BVE research\lean-proof\.lake\packages\mathlib\.lake\build\lib\lean\Mathlib\Algebra\Module\TransferInstance.olean
F:\LaTeX\BVE research\lean-proof\.lake\packages\mathlib\.lake\build\lib\lean\Mathlib\Algebra\Module\ULift.olean
F:\LaTeX\BVE research\lean-proof\.lake\packages\mathlib\.lake\build\lib\lean\Mathlib\Algebra\MonoidAlgebra\Basic.olean
F:\LaTeX\BVE research\lean-proof\.lake\packages\mathlib\.lake\build\lib\lean\Mathlib\Algebra\MonoidAlgebra\Defs.olean
F:\LaTeX\BVE research\lean-proof\.lake\packages\mathlib\.lake\build\lib\lean\Mathlib\Algebra\MonoidAlgebra\Degree.olean
F:\LaTeX\BVE research\lean-proof\.lake\packages\mathlib\.lake\build\lib\lean\Mathlib\Algebra\MonoidAlgebra\Division.olean
F:\LaTeX\BVE research\lean-proof\.lake\packages\mathlib\.lake\build\lib\lean\Mathlib\Algebra\MonoidAlgebra\Lift.olean
F:\LaTeX\BVE research\lean-proof\.lake\packages\mathlib\.lake\build\lib\lean\Mathlib\Algebra\MonoidAlgebra\MapDomain.olean
F:\LaTeX\BVE research\lean-proof\.lake\packages\mathlib\.lake\build\lib\lean\Mathlib\Algebra\MonoidAlgebra\Module.olean
F:\LaTeX\BVE research\lean-proof\.lake\packages\mathlib\.lake\build\lib\lean\Mathlib\Algebra\MonoidAlgebra\NoZeroDivisors.olean
F:\LaTeX\BVE research\lean-proof\.lake\packages\mathlib\.lake\build\lib\lean\Mathlib\Algebra\MonoidAlgebra\Opposite.olean
F:\LaTeX\BVE research\lean-proof\.lake\packages\mathlib\.lake\build\lib\lean\Mathlib\Algebra\MonoidAlgebra\Support.olean
F:\LaTeX\BVE research\lean-proof\.lake\packages\mathlib\.lake\build\lib\lean\Mathlib\Algebra\MvPolynomial\Basic.olean
F:\LaTeX\BVE research\lean-proof\.lake\packages\mathlib\.lake\build\lib\lean\Mathlib\Algebra\MvPolynomial\CommRing.olean
F:\LaTeX\BVE research\lean-proof\.lake\packages\mathlib\.lake\build\lib\lean\Mathlib\Algebra\MvPolynomial\Degrees.olean
F:\LaTeX\BVE research\lean-proof\.lake\packages\mathlib\.lake\build\lib\lean\Mathlib\Algebra\MvPolynomial\Equiv.olean
F:\LaTeX\BVE research\lean-proof\.lake\packages\mathlib\.lake\build\lib\lean\Mathlib\Algebra\MvPolynomial\Eval.olean
F:\LaTeX\BVE research\lean-proof\.lake\packages\mathlib\.lake\build\lib\lean\Mathlib\Algebra\MvPolynomial\Rename.olean
F:\LaTeX\BVE research\lean-proof\.lake\packages\mathlib\.lake\build\lib\lean\Mathlib\Algebra\MvPolynomial\Variables.olean
F:\LaTeX\BVE research\lean-proof\.lake\packages\mathlib\.lake\build\lib\lean\Mathlib\Algebra\NoZeroSMulDivisors\Basic.olean
F:\LaTeX\BVE research\lean-proof\.lake\packages\mathlib\.lake\build\lib\lean\Mathlib\Algebra\NoZeroSMulDivisors\Defs.olean
F:\LaTeX\BVE research\lean-proof\.lake\packages\mathlib\.lake\build\lib\lean\Mathlib\Algebra\Notation\Defs.olean
F:\LaTeX\BVE research\lean-proof\.lake\packages\mathlib\.lake\build\lib\lean\Mathlib\Algebra\Notation\FiniteSupport.olean
F:\LaTeX\BVE research\lean-proof\.lake\packages\mathlib\.lake\build\lib\lean\Mathlib\Algebra\Notation\Indicator.olean
F:\LaTeX\BVE research\lean-proof\.lake\packages\mathlib\.lake\build\lib\lean\Mathlib\Algebra\Notation\Lemmas.olean
F:\LaTeX\BVE research\lean-proof\.lake\packages\mathlib\.lake\build\lib\lean\Mathlib\Algebra\Notation\Prod.olean
F:\LaTeX\BVE research\lean-proof\.lake\packages\mathlib\.lake\build\lib\lean\Mathlib\Algebra\Notation\Support.olean
F:\LaTeX\BVE research\lean-proof\.lake\packages\mathlib\.lake\build\lib\lean\Mathlib\Algebra\Order\AddGroupWithTop.olean
F:\LaTeX\BVE research\lean-proof\.lake\packages\mathlib\.lake\build\lib\lean\Mathlib\Algebra\Order\AddTorsor.olean
F:\LaTeX\BVE research\lean-proof\.lake\packages\mathlib\.lake\build\lib\lean\Mathlib\Algebra\Order\Algebra.olean
F:\LaTeX\BVE research\lean-proof\.lake\packages\mathlib\.lake\build\lib\lean\Mathlib\Algebra\Order\Invertible.olean
F:\LaTeX\BVE research\lean-proof\.lake\packages\mathlib\.lake\build\lib\lean\Mathlib\Algebra\Order\IsBotOne.olean
F:\LaTeX\BVE research\lean-proof\.lake\packages\mathlib\.lake\build\lib\lean\Mathlib\Algebra\Order\Kleene.olean
F:\LaTeX\BVE research\lean-proof\.lake\packages\mathlib\.lake\build\lib\lean\Mathlib\Algebra\Order\Pi.olean
F:\LaTeX\BVE research\lean-proof\.lake\packages\mathlib\.lake\build\lib\lean\Mathlib\Algebra\Order\Round.olean
F:\LaTeX\BVE research\lean-proof\.lake\packages\mathlib\.lake\build\lib\lean\Mathlib\Algebra\Order\SuccPred.olean
F:\LaTeX\BVE research\lean-proof\.lake\packages\mathlib\.lake\build\lib\lean\Mathlib\Algebra\Order\ToIntervalMod.olean
F:\LaTeX\BVE research\lean-proof\.lake\packages\mathlib\.lake\build\lib\lean\Mathlib\Algebra\Order\ZeroLEOne.olean
F:\LaTeX\BVE research\lean-proof\.lake\packages\mathlib\.lake\build\lib\lean\Mathlib\Algebra\Polynomial\AlgebraMap.olean
F:\LaTeX\BVE research\lean-proof\.lake\packages\mathlib\.lake\build\lib\lean\Mathlib\Algebra\Polynomial\Basic.olean
F:\LaTeX\BVE research\lean-proof\.lake\packages\mathlib\.lake\build\lib\lean\Mathlib\Algebra\Polynomial\BigOperators.olean
F:\LaTeX\BVE research\lean-proof\.lake\packages\mathlib\.lake\build\lib\lean\Mathlib\Algebra\Polynomial\Coeff.olean
F:\LaTeX\BVE research\lean-proof\.lake\packages\mathlib\.lake\build\lib\lean\Mathlib\Algebra\Polynomial\Derivative.olean
F:\LaTeX\BVE research\lean-proof\.lake\packages\mathlib\.lake\build\lib\lean\Mathlib\Algebra\Polynomial\Div.olean
F:\LaTeX\BVE research\lean-proof\.lake\packages\mathlib\.lake\build\lib\lean\Mathlib\Algebra\Polynomial\EraseLead.olean
F:\LaTeX\BVE research\lean-proof\.lake\packages\mathlib\.lake\build\lib\lean\Mathlib\Algebra\Polynomial\Inductions.olean
F:\LaTeX\BVE research\lean-proof\.lake\packages\mathlib\.lake\build\lib\lean\Mathlib\Algebra\Polynomial\Monic.olean
F:\LaTeX\BVE research\lean-proof\.lake\packages\mathlib\.lake\build\lib\lean\Mathlib\Algebra\Polynomial\Monomial.olean
F:\LaTeX\BVE research\lean-proof\.lake\packages\mathlib\.lake\build\lib\lean\Mathlib\Algebra\Polynomial\Reverse.olean
F:\LaTeX\BVE research\lean-proof\.lake\packages\mathlib\.lake\build\lib\lean\Mathlib\Algebra\Polynomial\RingDivision.olean
F:\LaTeX\BVE research\lean-proof\.lake\packages\mathlib\.lake\build\lib\lean\Mathlib\Algebra\Polynomial\Roots.olean
F:\LaTeX\BVE research\lean-proof\.lake\packages\mathlib\.lake\build\lib\lean\Mathlib\Algebra\Prime\Defs.olean
F:\LaTeX\BVE research\lean-proof\.lake\packages\mathlib\.lake\build\lib\lean\Mathlib\Algebra\Prime\Lemmas.olean
F:\LaTeX\BVE research\lean-proof\.lake\packages\mathlib\.lake\build\lib\lean\Mathlib\Algebra\Regular\Basic.olean
F:\LaTeX\BVE research\lean-proof\.lake\packages\mathlib\.lake\build\lib\lean\Mathlib\Algebra\Regular\Defs.olean
F:\LaTeX\BVE research\lean-proof\.lake\packages\mathlib\.lake\build\lib\lean\Mathlib\Algebra\Regular\Opposite.olean
F:\LaTeX\BVE research\lean-proof\.lake\packages\mathlib\.lake\build\lib\lean\Mathlib\Algebra\Regular\Pow.olean
F:\LaTeX\BVE research\lean-proof\.lake\packages\mathlib\.lake\build\lib\lean\Mathlib\Algebra\Regular\SMul.olean
F:\LaTeX\BVE research\lean-proof\.lake\packages\mathlib\.lake\build\lib\lean\Mathlib\Algebra\Ring\AddAut.olean
F:\LaTeX\BVE research\lean-proof\.lake\packages\mathlib\.lake\build\lib\lean\Mathlib\Algebra\Ring\Associated.olean
F:\LaTeX\BVE research\lean-proof\.lake\packages\mathlib\.lake\build\lib\lean\Mathlib\Algebra\Ring\Aut.olean
F:\LaTeX\BVE research\lean-proof\.lake\packages\mathlib\.lake\build\lib\lean\Mathlib\Algebra\Ring\Basic.olean
F:\LaTeX\BVE research\lean-proof\.lake\packages\mathlib\.lake\build\lib\lean\Mathlib\Algebra\Ring\Center.olean
F:\LaTeX\BVE research\lean-proof\.lake\packages\mathlib\.lake\build\lib\lean\Mathlib\Algebra\Ring\Centralizer.olean
F:\LaTeX\BVE research\lean-proof\.lake\packages\mathlib\.lake\build\lib\lean\Mathlib\Algebra\Ring\CharZero.olean
F:\LaTeX\BVE research\lean-proof\.lake\packages\mathlib\.lake\build\lib\lean\Mathlib\Algebra\Ring\Commute.olean
F:\LaTeX\BVE research\lean-proof\.lake\packages\mathlib\.lake\build\lib\lean\Mathlib\Algebra\Ring\CompTypeclasses.olean
F:\LaTeX\BVE research\lean-proof\.lake\packages\mathlib\.lake\build\lib\lean\Mathlib\Algebra\Ring\Defs.olean
F:\LaTeX\BVE research\lean-proof\.lake\packages\mathlib\.lake\build\lib\lean\Mathlib\Algebra\Ring\Equiv.olean
F:\LaTeX\BVE research\lean-proof\.lake\packages\mathlib\.lake\build\lib\lean\Mathlib\Algebra\Ring\Fin.olean
F:\LaTeX\BVE research\lean-proof\.lake\packages\mathlib\.lake\build\lib\lean\Mathlib\Algebra\Ring\GeomSum.olean
F:\LaTeX\BVE research\lean-proof\.lake\packages\mathlib\.lake\build\lib\lean\Mathlib\Algebra\Ring\GrindInstances.olean
F:\LaTeX\BVE research\lean-proof\.lake\packages\mathlib\.lake\build\lib\lean\Mathlib\Algebra\Ring\Idempotent.olean
F:\LaTeX\BVE research\lean-proof\.lake\packages\mathlib\.lake\build\lib\lean\Mathlib\Algebra\Ring\InjSurj.olean
F:\LaTeX\BVE research\lean-proof\.lake\packages\mathlib\.lake\build\lib\lean\Mathlib\Algebra\Ring\Invertible.olean
F:\LaTeX\BVE research\lean-proof\.lake\packages\mathlib\.lake\build\lib\lean\Mathlib\Algebra\Ring\Nat.olean
F:\LaTeX\BVE research\lean-proof\.lake\packages\mathlib\.lake\build\lib\lean\Mathlib\Algebra\Ring\NegOnePow.olean
F:\LaTeX\BVE research\lean-proof\.lake\packages\mathlib\.lake\build\lib\lean\Mathlib\Algebra\Ring\NonZeroDivisors.olean
F:\LaTeX\BVE research\lean-proof\.lake\packages\mathlib\.lake\build\lib\lean\Mathlib\Algebra\Ring\Opposite.olean
F:\LaTeX\BVE research\lean-proof\.lake\packages\mathlib\.lake\build\lib\lean\Mathlib\Algebra\Ring\PUnit.olean
F:\LaTeX\BVE research\lean-proof\.lake\packages\mathlib\.lake\build\lib\lean\Mathlib\Algebra\Ring\Parity.olean
F:\LaTeX\BVE research\lean-proof\.lake\packages\mathlib\.lake\build\lib\lean\Mathlib\Algebra\Ring\Periodic.olean
F:\LaTeX\BVE research\lean-proof\.lake\packages\mathlib\.lake\build\lib\lean\Mathlib\Algebra\Ring\Pi.olean
F:\LaTeX\BVE research\lean-proof\.lake\packages\mathlib\.lake\build\lib\lean\Mathlib\Algebra\Ring\Prod.olean
F:\LaTeX\BVE research\lean-proof\.lake\packages\mathlib\.lake\build\lib\lean\Mathlib\Algebra\Ring\Rat.olean
F:\LaTeX\BVE research\lean-proof\.lake\packages\mathlib\.lake\build\lib\lean\Mathlib\Algebra\Ring\Regular.olean
F:\LaTeX\BVE research\lean-proof\.lake\packages\mathlib\.lake\build\lib\lean\Mathlib\Algebra\Ring\Semiconj.olean
F:\LaTeX\BVE research\lean-proof\.lake\packages\mathlib\.lake\build\lib\lean\Mathlib\Algebra\Ring\Torsion.olean
F:\LaTeX\BVE research\lean-proof\.lake\packages\mathlib\.lake\build\lib\lean\Mathlib\Algebra\Ring\ULift.olean
F:\LaTeX\BVE research\lean-proof\.lake\packages\mathlib\.lake\build\lib\lean\Mathlib\Algebra\Ring\Units.olean
F:\LaTeX\BVE research\lean-proof\.lake\packages\mathlib\.lake\build\lib\lean\Mathlib\Algebra\Star\Basic.olean
F:\LaTeX\BVE research\lean-proof\.lake\packages\mathlib\.lake\build\lib\lean\Mathlib\Algebra\Star\BigOperators.olean
F:\LaTeX\BVE research\lean-proof\.lake\packages\mathlib\.lake\build\lib\lean\Mathlib\Algebra\Star\Center.olean
F:\LaTeX\BVE research\lean-proof\.lake\packages\mathlib\.lake\build\lib\lean\Mathlib\Algebra\Star\Module.olean
F:\LaTeX\BVE research\lean-proof\.lake\packages\mathlib\.lake\build\lib\lean\Mathlib\Algebra\Star\MonoidHom.olean
F:\LaTeX\BVE research\lean-proof\.lake\packages\mathlib\.lake\build\lib\lean\Mathlib\Algebra\Star\NonUnitalSubalgebra.olean
F:\LaTeX\BVE research\lean-proof\.lake\packages\mathlib\.lake\build\lib\lean\Mathlib\Algebra\Star\Pi.olean
F:\LaTeX\BVE research\lean-proof\.lake\packages\mathlib\.lake\build\lib\lean\Mathlib\Algebra\Star\Pointwise.olean
F:\LaTeX\BVE research\lean-proof\.lake\packages\mathlib\.lake\build\lib\lean\Mathlib\Algebra\Star\Prod.olean
F:\LaTeX\BVE research\lean-proof\.lake\packages\mathlib\.lake\build\lib\lean\Mathlib\Algebra\Star\Rat.olean
F:\LaTeX\BVE research\lean-proof\.lake\packages\mathlib\.lake\build\lib\lean\Mathlib\Algebra\Star\SelfAdjoint.olean
F:\LaTeX\BVE research\lean-proof\.lake\packages\mathlib\.lake\build\lib\lean\Mathlib\Algebra\Star\StarAlgHom.olean
F:\LaTeX\BVE research\lean-proof\.lake\packages\mathlib\.lake\build\lib\lean\Mathlib\Algebra\Star\StarProjection.olean
F:\LaTeX\BVE research\lean-proof\.lake\packages\mathlib\.lake\build\lib\lean\Mathlib\Algebra\Star\StarRingHom.olean
F:\LaTeX\BVE research\lean-proof\.lake\packages\mathlib\.lake\build\lib\lean\Mathlib\Algebra\Star\Subalgebra.olean
F:\LaTeX\BVE research\lean-proof\.lake\packages\mathlib\.lake\build\lib\lean\Mathlib\Algebra\Star\TensorProduct.olean
F:\LaTeX\BVE research\lean-proof\.lake\packages\mathlib\.lake\build\lib\lean\Mathlib\Algebra\Star\Unitary.olean
F:\LaTeX\BVE research\lean-proof\.lake\packages\mathlib\.lake\build\lib\lean\Mathlib\Algebra\Torsor\Basic.olean
F:\LaTeX\BVE research\lean-proof\.lake\packages\mathlib\.lake\build\lib\lean\Mathlib\Algebra\Torsor\Defs.olean
F:\LaTeX\BVE research\lean-proof\.lake\packages\mathlib\.lake\build\lib\lean\Mathlib\Analysis\Asymptotics\AsymptoticEquivalent.olean
F:\LaTeX\BVE research\lean-proof\.lake\packages\mathlib\.lake\build\lib\lean\Mathlib\Analysis\Asymptotics\Defs.olean
F:\LaTeX\BVE research\lean-proof\.lake\packages\mathlib\.lake\build\lib\lean\Mathlib\Analysis\Asymptotics\Lemmas.olean
F:\LaTeX\BVE research\lean-proof\.lake\packages\mathlib\.lake\build\lib\lean\Mathlib\Analysis\Asymptotics\Theta.olean
F:\LaTeX\BVE research\lean-proof\.lake\packages\mathlib\.lake\build\lib\lean\Mathlib\Analysis\CStarAlgebra\Basic.olean
F:\LaTeX\BVE research\lean-proof\.lake\packages\mathlib\.lake\build\lib\lean\Mathlib\Analysis\Complex\Asymptotics.olean
F:\LaTeX\BVE research\lean-proof\.lake\packages\mathlib\.lake\build\lib\lean\Mathlib\Analysis\Complex\Basic.olean
F:\LaTeX\BVE research\lean-proof\.lake\packages\mathlib\.lake\build\lib\lean\Mathlib\Analysis\Complex\Exponential.olean
F:\LaTeX\BVE research\lean-proof\.lake\packages\mathlib\.lake\build\lib\lean\Mathlib\Analysis\Complex\Norm.olean
F:\LaTeX\BVE research\lean-proof\.lake\packages\mathlib\.lake\build\lib\lean\Mathlib\Analysis\Complex\Order.olean
F:\LaTeX\BVE research\lean-proof\.lake\packages\mathlib\.lake\build\lib\lean\Mathlib\Analysis\Complex\Trigonometric.olean
F:\LaTeX\BVE research\lean-proof\.lake\packages\mathlib\.lake\build\lib\lean\Mathlib\Analysis\Convex\Basic.olean
F:\LaTeX\BVE research\lean-proof\.lake\packages\mathlib\.lake\build\lib\lean\Mathlib\Analysis\Convex\Combination.olean
F:\LaTeX\BVE research\lean-proof\.lake\packages\mathlib\.lake\build\lib\lean\Mathlib\Analysis\Convex\Function.olean
F:\LaTeX\BVE research\lean-proof\.lake\packages\mathlib\.lake\build\lib\lean\Mathlib\Analysis\Convex\Hull.olean
F:\LaTeX\BVE research\lean-proof\.lake\packages\mathlib\.lake\build\lib\lean\Mathlib\Analysis\Convex\Jensen.olean
F:\LaTeX\BVE research\lean-proof\.lake\packages\mathlib\.lake\build\lib\lean\Mathlib\Analysis\Convex\PathConnected.olean
F:\LaTeX\BVE research\lean-proof\.lake\packages\mathlib\.lake\build\lib\lean\Mathlib\Analysis\Convex\Segment.olean
F:\LaTeX\BVE research\lean-proof\.lake\packages\mathlib\.lake\build\lib\lean\Mathlib\Analysis\Convex\Slope.olean
F:\LaTeX\BVE research\lean-proof\.lake\packages\mathlib\.lake\build\lib\lean\Mathlib\Analysis\Convex\Star.olean
F:\LaTeX\BVE research\lean-proof\.lake\packages\mathlib\.lake\build\lib\lean\Mathlib\Analysis\Convex\StdSimplex.olean
F:\LaTeX\BVE research\lean-proof\.lake\packages\mathlib\.lake\build\lib\lean\Mathlib\Analysis\Convex\Strict.olean
F:\LaTeX\BVE research\lean-proof\.lake\packages\mathlib\.lake\build\lib\lean\Mathlib\Analysis\Convex\Topology.olean
F:\LaTeX\BVE research\lean-proof\.lake\packages\mathlib\.lake\build\lib\lean\Mathlib\Analysis\InnerProductSpace\Basic.olean
F:\LaTeX\BVE research\lean-proof\.lake\packages\mathlib\.lake\build\lib\lean\Mathlib\Analysis\InnerProductSpace\Continuous.olean
F:\LaTeX\BVE research\lean-proof\.lake\packages\mathlib\.lake\build\lib\lean\Mathlib\Analysis\InnerProductSpace\Defs.olean
F:\LaTeX\BVE research\lean-proof\.lake\packages\mathlib\.lake\build\lib\lean\Mathlib\Analysis\InnerProductSpace\LinearMap.olean
F:\LaTeX\BVE research\lean-proof\.lake\packages\mathlib\.lake\build\lib\lean\Mathlib\Analysis\InnerProductSpace\Orthogonal.olean
F:\LaTeX\BVE research\lean-proof\.lake\packages\mathlib\.lake\build\lib\lean\Mathlib\Analysis\InnerProductSpace\Orthonormal.olean
F:\LaTeX\BVE research\lean-proof\.lake\packages\mathlib\.lake\build\lib\lean\Mathlib\Analysis\InnerProductSpace\PiL2.olean
F:\LaTeX\BVE research\lean-proof\.lake\packages\mathlib\.lake\build\lib\lean\Mathlib\Analysis\InnerProductSpace\Subspace.olean
F:\LaTeX\BVE research\lean-proof\.lake\packages\mathlib\.lake\build\lib\lean\Mathlib\Analysis\InnerProductSpace\Symmetric.olean
F:\LaTeX\BVE research\lean-proof\.lake\packages\mathlib\.lake\build\lib\lean\Mathlib\Analysis\LocallyConvex\BalancedCoreHull.olean
F:\LaTeX\BVE research\lean-proof\.lake\packages\mathlib\.lake\build\lib\lean\Mathlib\Analysis\LocallyConvex\Basic.olean
F:\LaTeX\BVE research\lean-proof\.lake\packages\mathlib\.lake\build\lib\lean\Mathlib\Analysis\LocallyConvex\Bounded.olean
F:\LaTeX\BVE research\lean-proof\.lake\packages\mathlib\.lake\build\lib\lean\Mathlib\Analysis\LocallyConvex\WithSeminorms.olean
F:\LaTeX\BVE research\lean-proof\.lake\packages\mathlib\.lake\build\lib\lean\Mathlib\Analysis\Normed\MulAction.olean
F:\LaTeX\BVE research\lean-proof\.lake\packages\mathlib\.lake\build\lib\lean\Mathlib\Analysis\RCLike\Basic.olean
F:\LaTeX\BVE research\lean-proof\.lake\packages\mathlib\.lake\build\lib\lean\Mathlib\Analysis\RCLike\Lemmas.olean
F:\LaTeX\BVE research\lean-proof\.lake\packages\mathlib\.lake\build\lib\lean\Mathlib\Analysis\Real\Sqrt.olean
F:\LaTeX\BVE research\lean-proof\.lake\packages\mathlib\.lake\build\lib\lean\Mathlib\Analysis\SpecialFunctions\Exp.olean
F:\LaTeX\BVE research\lean-proof\.lake\packages\mathlib\.lake\build\lib\lean\Mathlib\Analysis\SpecificLimits\Basic.olean
F:\LaTeX\BVE research\lean-proof\.lake\packages\mathlib\.lake\build\lib\lean\Mathlib\Analysis\SpecificLimits\Normed.olean
F:\LaTeX\BVE research\lean-proof\.lake\packages\mathlib\.lake\build\lib\lean\Mathlib\Combinatorics\Enumerative\Composition.olean
F:\LaTeX\BVE research\lean-proof\.lake\packages\mathlib\.lake\build\lib\lean\Mathlib\Control\Monad\Basic.olean
F:\LaTeX\BVE research\lean-proof\.lake\packages\mathlib\.lake\build\lib\lean\Mathlib\Control\Traversable\Basic.olean
F:\LaTeX\BVE research\lean-proof\.lake\packages\mathlib\.lake\build\lib\lean\Mathlib\Data\Bool\Basic.olean
F:\LaTeX\BVE research\lean-proof\.lake\packages\mathlib\.lake\build\lib\lean\Mathlib\Data\Bool\Set.olean
F:\LaTeX\BVE research\lean-proof\.lake\packages\mathlib\.lake\build\lib\lean\Mathlib\Data\Complex\Basic.olean
F:\LaTeX\BVE research\lean-proof\.lake\packages\mathlib\.lake\build\lib\lean\Mathlib\Data\Complex\BigOperators.olean
F:\LaTeX\BVE research\lean-proof\.lake\packages\mathlib\.lake\build\lib\lean\Mathlib\Data\Countable\Basic.olean
F:\LaTeX\BVE research\lean-proof\.lake\packages\mathlib\.lake\build\lib\lean\Mathlib\Data\Countable\Defs.olean
F:\LaTeX\BVE research\lean-proof\.lake\packages\mathlib\.lake\build\lib\lean\Mathlib\Data\Countable\Small.olean
F:\LaTeX\BVE research\lean-proof\.lake\packages\mathlib\.lake\build\lib\lean\Mathlib\Data\DFinsupp\BigOperators.olean
F:\LaTeX\BVE research\lean-proof\.lake\packages\mathlib\.lake\build\lib\lean\Mathlib\Data\DFinsupp\Defs.olean
F:\LaTeX\BVE research\lean-proof\.lake\packages\mathlib\.lake\build\lib\lean\Mathlib\Data\DFinsupp\Ext.olean
F:\LaTeX\BVE research\lean-proof\.lake\packages\mathlib\.lake\build\lib\lean\Mathlib\Data\DFinsupp\Lex.olean
F:\LaTeX\BVE research\lean-proof\.lake\packages\mathlib\.lake\build\lib\lean\Mathlib\Data\DFinsupp\Module.olean
F:\LaTeX\BVE research\lean-proof\.lake\packages\mathlib\.lake\build\lib\lean\Mathlib\Data\DFinsupp\NeLocus.olean
F:\LaTeX\BVE research\lean-proof\.lake\packages\mathlib\.lake\build\lib\lean\Mathlib\Data\DFinsupp\Order.olean
F:\LaTeX\BVE research\lean-proof\.lake\packages\mathlib\.lake\build\lib\lean\Mathlib\Data\DFinsupp\Sigma.olean
F:\LaTeX\BVE research\lean-proof\.lake\packages\mathlib\.lake\build\lib\lean\Mathlib\Data\DFinsupp\Submonoid.olean
F:\LaTeX\BVE research\lean-proof\.lake\packages\mathlib\.lake\build\lib\lean\Mathlib\Data\ENNReal\Action.olean
F:\LaTeX\BVE research\lean-proof\.lake\packages\mathlib\.lake\build\lib\lean\Mathlib\Data\ENNReal\Basic.olean
F:\LaTeX\BVE research\lean-proof\.lake\packages\mathlib\.lake\build\lib\lean\Mathlib\Data\ENNReal\BigOperators.olean
F:\LaTeX\BVE research\lean-proof\.lake\packages\mathlib\.lake\build\lib\lean\Mathlib\Data\ENNReal\Holder.olean
F:\LaTeX\BVE research\lean-proof\.lake\packages\mathlib\.lake\build\lib\lean\Mathlib\Data\ENNReal\Inv.olean
F:\LaTeX\BVE research\lean-proof\.lake\packages\mathlib\.lake\build\lib\lean\Mathlib\Data\ENNReal\Lemmas.olean
F:\LaTeX\BVE research\lean-proof\.lake\packages\mathlib\.lake\build\lib\lean\Mathlib\Data\ENNReal\Operations.olean
F:\LaTeX\BVE research\lean-proof\.lake\packages\mathlib\.lake\build\lib\lean\Mathlib\Data\ENNReal\Real.olean
F:\LaTeX\BVE research\lean-proof\.lake\packages\mathlib\.lake\build\lib\lean\Mathlib\Data\ENat\Basic.olean
F:\LaTeX\BVE research\lean-proof\.lake\packages\mathlib\.lake\build\lib\lean\Mathlib\Data\ENat\Defs.olean
F:\LaTeX\BVE research\lean-proof\.lake\packages\mathlib\.lake\build\lib\lean\Mathlib\Data\ENat\Pow.olean
F:\LaTeX\BVE research\lean-proof\.lake\packages\mathlib\.lake\build\lib\lean\Mathlib\Data\EReal\Basic.olean
F:\LaTeX\BVE research\lean-proof\.lake\packages\mathlib\.lake\build\lib\lean\Mathlib\Data\EReal\Inv.olean
F:\LaTeX\BVE research\lean-proof\.lake\packages\mathlib\.lake\build\lib\lean\Mathlib\Data\EReal\Operations.olean
F:\LaTeX\BVE research\lean-proof\.lake\packages\mathlib\.lake\build\lib\lean\Mathlib\Data\Fin\Basic.olean
F:\LaTeX\BVE research\lean-proof\.lake\packages\mathlib\.lake\build\lib\lean\Mathlib\Data\Fin\Embedding.olean
F:\LaTeX\BVE research\lean-proof\.lake\packages\mathlib\.lake\build\lib\lean\Mathlib\Data\Fin\Rev.olean
F:\LaTeX\BVE research\lean-proof\.lake\packages\mathlib\.lake\build\lib\lean\Mathlib\Data\Fin\SuccPred.olean
F:\LaTeX\BVE research\lean-proof\.lake\packages\mathlib\.lake\build\lib\lean\Mathlib\Data\Fin\VecNotation.olean
F:\LaTeX\BVE research\lean-proof\.lake\packages\mathlib\.lake\build\lib\lean\Mathlib\Data\Finite\Defs.olean
F:\LaTeX\BVE research\lean-proof\.lake\packages\mathlib\.lake\build\lib\lean\Mathlib\Data\Finite\Prod.olean
F:\LaTeX\BVE research\lean-proof\.lake\packages\mathlib\.lake\build\lib\lean\Mathlib\Data\Finite\Set.olean
F:\LaTeX\BVE research\lean-proof\.lake\packages\mathlib\.lake\build\lib\lean\Mathlib\Data\Finite\Sigma.olean
F:\LaTeX\BVE research\lean-proof\.lake\packages\mathlib\.lake\build\lib\lean\Mathlib\Data\Finite\Sum.olean
F:\LaTeX\BVE research\lean-proof\.lake\packages\mathlib\.lake\build\lib\lean\Mathlib\Data\Finset\Attach.olean
F:\LaTeX\BVE research\lean-proof\.lake\packages\mathlib\.lake\build\lib\lean\Mathlib\Data\Finset\Attr.olean
F:\LaTeX\BVE research\lean-proof\.lake\packages\mathlib\.lake\build\lib\lean\Mathlib\Data\Finset\Basic.olean
F:\LaTeX\BVE research\lean-proof\.lake\packages\mathlib\.lake\build\lib\lean\Mathlib\Data\Finset\BooleanAlgebra.olean
F:\LaTeX\BVE research\lean-proof\.lake\packages\mathlib\.lake\build\lib\lean\Mathlib\Data\Finset\Card.olean
F:\LaTeX\BVE research\lean-proof\.lake\packages\mathlib\.lake\build\lib\lean\Mathlib\Data\Finset\Dedup.olean
F:\LaTeX\BVE research\lean-proof\.lake\packages\mathlib\.lake\build\lib\lean\Mathlib\Data\Finset\Defs.olean
F:\LaTeX\BVE research\lean-proof\.lake\packages\mathlib\.lake\build\lib\lean\Mathlib\Data\Finset\Density.olean
F:\LaTeX\BVE research\lean-proof\.lake\packages\mathlib\.lake\build\lib\lean\Mathlib\Data\Finset\Disjoint.olean
F:\LaTeX\BVE research\lean-proof\.lake\packages\mathlib\.lake\build\lib\lean\Mathlib\Data\Finset\Empty.olean
F:\LaTeX\BVE research\lean-proof\.lake\packages\mathlib\.lake\build\lib\lean\Mathlib\Data\Finset\Erase.olean
F:\LaTeX\BVE research\lean-proof\.lake\packages\mathlib\.lake\build\lib\lean\Mathlib\Data\Finset\Filter.olean
F:\LaTeX\BVE research\lean-proof\.lake\packages\mathlib\.lake\build\lib\lean\Mathlib\Data\Finset\Fin.olean
F:\LaTeX\BVE research\lean-proof\.lake\packages\mathlib\.lake\build\lib\lean\Mathlib\Data\Finset\Fold.olean
F:\LaTeX\BVE research\lean-proof\.lake\packages\mathlib\.lake\build\lib\lean\Mathlib\Data\Finset\Image.olean
F:\LaTeX\BVE research\lean-proof\.lake\packages\mathlib\.lake\build\lib\lean\Mathlib\Data\Finset\Insert.olean
F:\LaTeX\BVE research\lean-proof\.lake\packages\mathlib\.lake\build\lib\lean\Mathlib\Data\Finset\Max.olean
F:\LaTeX\BVE research\lean-proof\.lake\packages\mathlib\.lake\build\lib\lean\Mathlib\Data\Finset\NAry.olean
F:\LaTeX\BVE research\lean-proof\.lake\packages\mathlib\.lake\build\lib\lean\Mathlib\Data\Finset\NatAntidiagonal.olean
F:\LaTeX\BVE research\lean-proof\.lake\packages\mathlib\.lake\build\lib\lean\Mathlib\Data\Finset\NoncommProd.olean
F:\LaTeX\BVE research\lean-proof\.lake\packages\mathlib\.lake\build\lib\lean\Mathlib\Data\Finset\Option.olean
F:\LaTeX\BVE research\lean-proof\.lake\packages\mathlib\.lake\build\lib\lean\Mathlib\Data\Finset\Order.olean
F:\LaTeX\BVE research\lean-proof\.lake\packages\mathlib\.lake\build\lib\lean\Mathlib\Data\Finset\Pi.olean
F:\LaTeX\BVE research\lean-proof\.lake\packages\mathlib\.lake\build\lib\lean\Mathlib\Data\Finset\Piecewise.olean
F:\LaTeX\BVE research\lean-proof\.lake\packages\mathlib\.lake\build\lib\lean\Mathlib\Data\Finset\Powerset.olean
F:\LaTeX\BVE research\lean-proof\.lake\packages\mathlib\.lake\build\lib\lean\Mathlib\Data\Finset\Preimage.olean
F:\LaTeX\BVE research\lean-proof\.lake\packages\mathlib\.lake\build\lib\lean\Mathlib\Data\Finset\Prod.olean
F:\LaTeX\BVE research\lean-proof\.lake\packages\mathlib\.lake\build\lib\lean\Mathlib\Data\Finset\Range.olean
F:\LaTeX\BVE research\lean-proof\.lake\packages\mathlib\.lake\build\lib\lean\Mathlib\Data\Finset\SDiff.olean
F:\LaTeX\BVE research\lean-proof\.lake\packages\mathlib\.lake\build\lib\lean\Mathlib\Data\Finset\Sigma.olean
F:\LaTeX\BVE research\lean-proof\.lake\packages\mathlib\.lake\build\lib\lean\Mathlib\Data\Finset\Sort.olean
F:\LaTeX\BVE research\lean-proof\.lake\packages\mathlib\.lake\build\lib\lean\Mathlib\Data\Finset\Sum.olean
F:\LaTeX\BVE research\lean-proof\.lake\packages\mathlib\.lake\build\lib\lean\Mathlib\Data\Finset\Sym.olean
F:\LaTeX\BVE research\lean-proof\.lake\packages\mathlib\.lake\build\lib\lean\Mathlib\Data\Finset\SymmDiff.olean
F:\LaTeX\BVE research\lean-proof\.lake\packages\mathlib\.lake\build\lib\lean\Mathlib\Data\Finset\Union.olean
F:\LaTeX\BVE research\lean-proof\.lake\packages\mathlib\.lake\build\lib\lean\Mathlib\Data\Finsupp\Antidiagonal.olean
F:\LaTeX\BVE research\lean-proof\.lake\packages\mathlib\.lake\build\lib\lean\Mathlib\Data\Finsupp\Basic.olean
F:\LaTeX\BVE research\lean-proof\.lake\packages\mathlib\.lake\build\lib\lean\Mathlib\Data\Finsupp\Defs.olean
F:\LaTeX\BVE research\lean-proof\.lake\packages\mathlib\.lake\build\lib\lean\Mathlib\Data\Finsupp\Ext.olean
F:\LaTeX\BVE research\lean-proof\.lake\packages\mathlib\.lake\build\lib\lean\Mathlib\Data\Finsupp\Fin.olean
F:\LaTeX\BVE research\lean-proof\.lake\packages\mathlib\.lake\build\lib\lean\Mathlib\Data\Finsupp\Fintype.olean
F:\LaTeX\BVE research\lean-proof\.lake\packages\mathlib\.lake\build\lib\lean\Mathlib\Data\Finsupp\Indicator.olean
F:\LaTeX\BVE research\lean-proof\.lake\packages\mathlib\.lake\build\lib\lean\Mathlib\Data\Finsupp\Lex.olean
F:\LaTeX\BVE research\lean-proof\.lake\packages\mathlib\.lake\build\lib\lean\Mathlib\Data\Finsupp\Multiset.olean
F:\LaTeX\BVE research\lean-proof\.lake\packages\mathlib\.lake\build\lib\lean\Mathlib\Data\Finsupp\Option.olean
F:\LaTeX\BVE research\lean-proof\.lake\packages\mathlib\.lake\build\lib\lean\Mathlib\Data\Finsupp\Order.olean
F:\LaTeX\BVE research\lean-proof\.lake\packages\mathlib\.lake\build\lib\lean\Mathlib\Data\Finsupp\SMul.olean
F:\LaTeX\BVE research\lean-proof\.lake\packages\mathlib\.lake\build\lib\lean\Mathlib\Data\Finsupp\SMulWithZero.olean
F:\LaTeX\BVE research\lean-proof\.lake\packages\mathlib\.lake\build\lib\lean\Mathlib\Data\Finsupp\Single.olean
F:\LaTeX\BVE research\lean-proof\.lake\packages\mathlib\.lake\build\lib\lean\Mathlib\Data\Finsupp\ToDFinsupp.olean
F:\LaTeX\BVE research\lean-proof\.lake\packages\mathlib\.lake\build\lib\lean\Mathlib\Data\Fintype\Basic.olean
F:\LaTeX\BVE research\lean-proof\.lake\packages\mathlib\.lake\build\lib\lean\Mathlib\Data\Fintype\BigOperators.olean
F:\LaTeX\BVE research\lean-proof\.lake\packages\mathlib\.lake\build\lib\lean\Mathlib\Data\Fintype\Card.olean
F:\LaTeX\BVE research\lean-proof\.lake\packages\mathlib\.lake\build\lib\lean\Mathlib\Data\Fintype\CardEmbedding.olean
F:\LaTeX\BVE research\lean-proof\.lake\packages\mathlib\.lake\build\lib\lean\Mathlib\Data\Fintype\Defs.olean
F:\LaTeX\BVE research\lean-proof\.lake\packages\mathlib\.lake\build\lib\lean\Mathlib\Data\Fintype\EquivFin.olean
F:\LaTeX\BVE research\lean-proof\.lake\packages\mathlib\.lake\build\lib\lean\Mathlib\Data\Fintype\Fin.olean
F:\LaTeX\BVE research\lean-proof\.lake\packages\mathlib\.lake\build\lib\lean\Mathlib\Data\Fintype\Inv.olean
F:\LaTeX\BVE research\lean-proof\.lake\packages\mathlib\.lake\build\lib\lean\Mathlib\Data\Fintype\Lattice.olean
F:\LaTeX\BVE research\lean-proof\.lake\packages\mathlib\.lake\build\lib\lean\Mathlib\Data\Fintype\List.olean
F:\LaTeX\BVE research\lean-proof\.lake\packages\mathlib\.lake\build\lib\lean\Mathlib\Data\Fintype\OfMap.olean
F:\LaTeX\BVE research\lean-proof\.lake\packages\mathlib\.lake\build\lib\lean\Mathlib\Data\Fintype\Option.olean
F:\LaTeX\BVE research\lean-proof\.lake\packages\mathlib\.lake\build\lib\lean\Mathlib\Data\Fintype\Order.olean
F:\LaTeX\BVE research\lean-proof\.lake\packages\mathlib\.lake\build\lib\lean\Mathlib\Data\Fintype\Parity.olean
F:\LaTeX\BVE research\lean-proof\.lake\packages\mathlib\.lake\build\lib\lean\Mathlib\Data\Fintype\Perm.olean
F:\LaTeX\BVE research\lean-proof\.lake\packages\mathlib\.lake\build\lib\lean\Mathlib\Data\Fintype\Pi.olean
F:\LaTeX\BVE research\lean-proof\.lake\packages\mathlib\.lake\build\lib\lean\Mathlib\Data\Fintype\Pigeonhole.olean
F:\LaTeX\BVE research\lean-proof\.lake\packages\mathlib\.lake\build\lib\lean\Mathlib\Data\Fintype\Powerset.olean
F:\LaTeX\BVE research\lean-proof\.lake\packages\mathlib\.lake\build\lib\lean\Mathlib\Data\Fintype\Prod.olean
F:\LaTeX\BVE research\lean-proof\.lake\packages\mathlib\.lake\build\lib\lean\Mathlib\Data\Fintype\Quotient.olean
F:\LaTeX\BVE research\lean-proof\.lake\packages\mathlib\.lake\build\lib\lean\Mathlib\Data\Fintype\Sets.olean
F:\LaTeX\BVE research\lean-proof\.lake\packages\mathlib\.lake\build\lib\lean\Mathlib\Data\Fintype\Sigma.olean
F:\LaTeX\BVE research\lean-proof\.lake\packages\mathlib\.lake\build\lib\lean\Mathlib\Data\Fintype\Sum.olean
F:\LaTeX\BVE research\lean-proof\.lake\packages\mathlib\.lake\build\lib\lean\Mathlib\Data\Fintype\Vector.olean
F:\LaTeX\BVE research\lean-proof\.lake\packages\mathlib\.lake\build\lib\lean\Mathlib\Data\FunLike\Basic.olean
F:\LaTeX\BVE research\lean-proof\.lake\packages\mathlib\.lake\build\lib\lean\Mathlib\Data\FunLike\Embedding.olean
F:\LaTeX\BVE research\lean-proof\.lake\packages\mathlib\.lake\build\lib\lean\Mathlib\Data\FunLike\Equiv.olean
F:\LaTeX\BVE research\lean-proof\.lake\packages\mathlib\.lake\build\lib\lean\Mathlib\Data\FunLike\Group.olean
F:\LaTeX\BVE research\lean-proof\.lake\packages\mathlib\.lake\build\lib\lean\Mathlib\Data\FunLike\IsApply.olean
F:\LaTeX\BVE research\lean-proof\.lake\packages\mathlib\.lake\build\lib\lean\Mathlib\Data\FunLike\Module.olean
F:\LaTeX\BVE research\lean-proof\.lake\packages\mathlib\.lake\build\lib\lean\Mathlib\Data\FunLike\Ring.olean
F:\LaTeX\BVE research\lean-proof\.lake\packages\mathlib\.lake\build\lib\lean\Mathlib\Data\Int\Basic.olean
F:\LaTeX\BVE research\lean-proof\.lake\packages\mathlib\.lake\build\lib\lean\Mathlib\Data\Int\CharZero.olean
F:\LaTeX\BVE research\lean-proof\.lake\packages\mathlib\.lake\build\lib\lean\Mathlib\Data\Int\ConditionallyCompleteOrder.olean
F:\LaTeX\BVE research\lean-proof\.lake\packages\mathlib\.lake\build\lib\lean\Mathlib\Data\Int\DivMod.olean
F:\LaTeX\BVE research\lean-proof\.lake\packages\mathlib\.lake\build\lib\lean\Mathlib\Data\Int\GCD.olean
F:\LaTeX\BVE research\lean-proof\.lake\packages\mathlib\.lake\build\lib\lean\Mathlib\Data\Int\Init.olean
F:\LaTeX\BVE research\lean-proof\.lake\packages\mathlib\.lake\build\lib\lean\Mathlib\Data\Int\Interval.olean
F:\LaTeX\BVE research\lean-proof\.lake\packages\mathlib\.lake\build\lib\lean\Mathlib\Data\Int\LeastGreatest.olean
F:\LaTeX\BVE research\lean-proof\.lake\packages\mathlib\.lake\build\lib\lean\Mathlib\Data\Int\ModEq.olean
F:\LaTeX\BVE research\lean-proof\.lake\packages\mathlib\.lake\build\lib\lean\Mathlib\Data\Int\Notation.olean
F:\LaTeX\BVE research\lean-proof\.lake\packages\mathlib\.lake\build\lib\lean\Mathlib\Data\Int\Sqrt.olean
F:\LaTeX\BVE research\lean-proof\.lake\packages\mathlib\.lake\build\lib\lean\Mathlib\Data\Int\SuccPred.olean
F:\LaTeX\BVE research\lean-proof\.lake\packages\mathlib\.lake\build\lib\lean\Mathlib\Data\List\Basic.olean
F:\LaTeX\BVE research\lean-proof\.lake\packages\mathlib\.lake\build\lib\lean\Mathlib\Data\List\Chain.olean
F:\LaTeX\BVE research\lean-proof\.lake\packages\mathlib\.lake\build\lib\lean\Mathlib\Data\List\Count.olean
F:\LaTeX\BVE research\lean-proof\.lake\packages\mathlib\.lake\build\lib\lean\Mathlib\Data\List\Cycle.olean
F:\LaTeX\BVE research\lean-proof\.lake\packages\mathlib\.lake\build\lib\lean\Mathlib\Data\List\Dedup.olean
F:\LaTeX\BVE research\lean-proof\.lake\packages\mathlib\.lake\build\lib\lean\Mathlib\Data\List\Defs.olean
F:\LaTeX\BVE research\lean-proof\.lake\packages\mathlib\.lake\build\lib\lean\Mathlib\Data\List\Duplicate.olean
F:\LaTeX\BVE research\lean-proof\.lake\packages\mathlib\.lake\build\lib\lean\Mathlib\Data\List\Enum.olean
F:\LaTeX\BVE research\lean-proof\.lake\packages\mathlib\.lake\build\lib\lean\Mathlib\Data\List\FinRange.olean
F:\LaTeX\BVE research\lean-proof\.lake\packages\mathlib\.lake\build\lib\lean\Mathlib\Data\List\Flatten.olean
F:\LaTeX\BVE research\lean-proof\.lake\packages\mathlib\.lake\build\lib\lean\Mathlib\Data\List\Forall2.olean
F:\LaTeX\BVE research\lean-proof\.lake\packages\mathlib\.lake\build\lib\lean\Mathlib\Data\List\Induction.olean
F:\LaTeX\BVE research\lean-proof\.lake\packages\mathlib\.lake\build\lib\lean\Mathlib\Data\List\Infix.olean
F:\LaTeX\BVE research\lean-proof\.lake\packages\mathlib\.lake\build\lib\lean\Mathlib\Data\List\InsertIdx.olean
F:\LaTeX\BVE research\lean-proof\.lake\packages\mathlib\.lake\build\lib\lean\Mathlib\Data\List\Iterate.olean
F:\LaTeX\BVE research\lean-proof\.lake\packages\mathlib\.lake\build\lib\lean\Mathlib\Data\List\Lattice.olean
F:\LaTeX\BVE research\lean-proof\.lake\packages\mathlib\.lake\build\lib\lean\Mathlib\Data\List\Lex.olean
F:\LaTeX\BVE research\lean-proof\.lake\packages\mathlib\.lake\build\lib\lean\Mathlib\Data\List\MinMax.olean
F:\LaTeX\BVE research\lean-proof\.lake\packages\mathlib\.lake\build\lib\lean\Mathlib\Data\List\Monad.olean
F:\LaTeX\BVE research\lean-proof\.lake\packages\mathlib\.lake\build\lib\lean\Mathlib\Data\List\NatAntidiagonal.olean
F:\LaTeX\BVE research\lean-proof\.lake\packages\mathlib\.lake\build\lib\lean\Mathlib\Data\List\Nodup.olean
F:\LaTeX\BVE research\lean-proof\.lake\packages\mathlib\.lake\build\lib\lean\Mathlib\Data\List\NodupEquivFin.olean
F:\LaTeX\BVE research\lean-proof\.lake\packages\mathlib\.lake\build\lib\lean\Mathlib\Data\List\OfFn.olean
F:\LaTeX\BVE research\lean-proof\.lake\packages\mathlib\.lake\build\lib\lean\Mathlib\Data\List\OffDiag.olean
F:\LaTeX\BVE research\lean-proof\.lake\packages\mathlib\.lake\build\lib\lean\Mathlib\Data\List\Pairwise.olean
F:\LaTeX\BVE research\lean-proof\.lake\packages\mathlib\.lake\build\lib\lean\Mathlib\Data\List\Permutation.olean
F:\LaTeX\BVE research\lean-proof\.lake\packages\mathlib\.lake\build\lib\lean\Mathlib\Data\List\Pi.olean
F:\LaTeX\BVE research\lean-proof\.lake\packages\mathlib\.lake\build\lib\lean\Mathlib\Data\List\Prime.olean
F:\LaTeX\BVE research\lean-proof\.lake\packages\mathlib\.lake\build\lib\lean\Mathlib\Data\List\ProdSigma.olean
F:\LaTeX\BVE research\lean-proof\.lake\packages\mathlib\.lake\build\lib\lean\Mathlib\Data\List\Range.olean
F:\LaTeX\BVE research\lean-proof\.lake\packages\mathlib\.lake\build\lib\lean\Mathlib\Data\List\Rotate.olean
F:\LaTeX\BVE research\lean-proof\.lake\packages\mathlib\.lake\build\lib\lean\Mathlib\Data\List\Sort.olean
F:\LaTeX\BVE research\lean-proof\.lake\packages\mathlib\.lake\build\lib\lean\Mathlib\Data\List\Sublists.olean
F:\LaTeX\BVE research\lean-proof\.lake\packages\mathlib\.lake\build\lib\lean\Mathlib\Data\List\Sym.olean
F:\LaTeX\BVE research\lean-proof\.lake\packages\mathlib\.lake\build\lib\lean\Mathlib\Data\List\TFAE.olean
F:\LaTeX\BVE research\lean-proof\.lake\packages\mathlib\.lake\build\lib\lean\Mathlib\Data\List\TakeDrop.olean
F:\LaTeX\BVE research\lean-proof\.lake\packages\mathlib\.lake\build\lib\lean\Mathlib\Data\List\Zip.olean
F:\LaTeX\BVE research\lean-proof\.lake\packages\mathlib\.lake\build\lib\lean\Mathlib\Data\Matrix\Basic.olean
F:\LaTeX\BVE research\lean-proof\.lake\packages\mathlib\.lake\build\lib\lean\Mathlib\Data\Matrix\Basis.olean
F:\LaTeX\BVE research\lean-proof\.lake\packages\mathlib\.lake\build\lib\lean\Mathlib\Data\Matrix\Block.olean
F:\LaTeX\BVE research\lean-proof\.lake\packages\mathlib\.lake\build\lib\lean\Mathlib\Data\Matrix\Composition.olean
F:\LaTeX\BVE research\lean-proof\.lake\packages\mathlib\.lake\build\lib\lean\Mathlib\Data\Matrix\Diagonal.olean
F:\LaTeX\BVE research\lean-proof\.lake\packages\mathlib\.lake\build\lib\lean\Mathlib\Data\Matrix\Mul.olean
F:\LaTeX\BVE research\lean-proof\.lake\packages\mathlib\.lake\build\lib\lean\Mathlib\Data\Matrix\Reflection.olean
F:\LaTeX\BVE research\lean-proof\.lake\packages\mathlib\.lake\build\lib\lean\Mathlib\Data\Multiset\AddSub.olean
F:\LaTeX\BVE research\lean-proof\.lake\packages\mathlib\.lake\build\lib\lean\Mathlib\Data\Multiset\Antidiagonal.olean
F:\LaTeX\BVE research\lean-proof\.lake\packages\mathlib\.lake\build\lib\lean\Mathlib\Data\Multiset\Basic.olean
F:\LaTeX\BVE research\lean-proof\.lake\packages\mathlib\.lake\build\lib\lean\Mathlib\Data\Multiset\Bind.olean
F:\LaTeX\BVE research\lean-proof\.lake\packages\mathlib\.lake\build\lib\lean\Mathlib\Data\Multiset\Count.olean
F:\LaTeX\BVE research\lean-proof\.lake\packages\mathlib\.lake\build\lib\lean\Mathlib\Data\Multiset\Dedup.olean
F:\LaTeX\BVE research\lean-proof\.lake\packages\mathlib\.lake\build\lib\lean\Mathlib\Data\Multiset\Defs.olean
F:\LaTeX\BVE research\lean-proof\.lake\packages\mathlib\.lake\build\lib\lean\Mathlib\Data\Multiset\Filter.olean
F:\LaTeX\BVE research\lean-proof\.lake\packages\mathlib\.lake\build\lib\lean\Mathlib\Data\Multiset\FinsetOps.olean
F:\LaTeX\BVE research\lean-proof\.lake\packages\mathlib\.lake\build\lib\lean\Mathlib\Data\Multiset\Fold.olean
F:\LaTeX\BVE research\lean-proof\.lake\packages\mathlib\.lake\build\lib\lean\Mathlib\Data\Multiset\Lattice.olean
F:\LaTeX\BVE research\lean-proof\.lake\packages\mathlib\.lake\build\lib\lean\Mathlib\Data\Multiset\MapFold.olean
F:\LaTeX\BVE research\lean-proof\.lake\packages\mathlib\.lake\build\lib\lean\Mathlib\Data\Multiset\NatAntidiagonal.olean
F:\LaTeX\BVE research\lean-proof\.lake\packages\mathlib\.lake\build\lib\lean\Mathlib\Data\Multiset\OrderedMonoid.olean
F:\LaTeX\BVE research\lean-proof\.lake\packages\mathlib\.lake\build\lib\lean\Mathlib\Data\Multiset\Pi.olean
F:\LaTeX\BVE research\lean-proof\.lake\packages\mathlib\.lake\build\lib\lean\Mathlib\Data\Multiset\Powerset.olean
F:\LaTeX\BVE research\lean-proof\.lake\packages\mathlib\.lake\build\lib\lean\Mathlib\Data\Multiset\Range.olean
F:\LaTeX\BVE research\lean-proof\.lake\packages\mathlib\.lake\build\lib\lean\Mathlib\Data\Multiset\Replicate.olean
F:\LaTeX\BVE research\lean-proof\.lake\packages\mathlib\.lake\build\lib\lean\Mathlib\Data\Multiset\Sections.olean
F:\LaTeX\BVE research\lean-proof\.lake\packages\mathlib\.lake\build\lib\lean\Mathlib\Data\Multiset\Sort.olean
F:\LaTeX\BVE research\lean-proof\.lake\packages\mathlib\.lake\build\lib\lean\Mathlib\Data\Multiset\Sum.olean
F:\LaTeX\BVE research\lean-proof\.lake\packages\mathlib\.lake\build\lib\lean\Mathlib\Data\Multiset\Sym.olean
F:\LaTeX\BVE research\lean-proof\.lake\packages\mathlib\.lake\build\lib\lean\Mathlib\Data\Multiset\UnionInter.olean
F:\LaTeX\BVE research\lean-proof\.lake\packages\mathlib\.lake\build\lib\lean\Mathlib\Data\Multiset\ZeroCons.olean
F:\LaTeX\BVE research\lean-proof\.lake\packages\mathlib\.lake\build\lib\lean\Mathlib\Data\NNRat\Defs.olean
F:\LaTeX\BVE research\lean-proof\.lake\packages\mathlib\.lake\build\lib\lean\Mathlib\Data\NNRat\Order.olean
F:\LaTeX\BVE research\lean-proof\.lake\packages\mathlib\.lake\build\lib\lean\Mathlib\Data\NNReal\Basic.olean
F:\LaTeX\BVE research\lean-proof\.lake\packages\mathlib\.lake\build\lib\lean\Mathlib\Data\NNReal\Defs.olean
F:\LaTeX\BVE research\lean-proof\.lake\packages\mathlib\.lake\build\lib\lean\Mathlib\Data\Nat\Basic.olean
F:\LaTeX\BVE research\lean-proof\.lake\packages\mathlib\.lake\build\lib\lean\Mathlib\Data\Nat\BinaryRec.olean
F:\LaTeX\BVE research\lean-proof\.lake\packages\mathlib\.lake\build\lib\lean\Mathlib\Data\Nat\Bits.olean
F:\LaTeX\BVE research\lean-proof\.lake\packages\mathlib\.lake\build\lib\lean\Mathlib\Data\Nat\Count.olean
F:\LaTeX\BVE research\lean-proof\.lake\packages\mathlib\.lake\build\lib\lean\Mathlib\Data\Nat\Factors.olean
F:\LaTeX\BVE research\lean-proof\.lake\packages\mathlib\.lake\build\lib\lean\Mathlib\Data\Nat\Find.olean
F:\LaTeX\BVE research\lean-proof\.lake\packages\mathlib\.lake\build\lib\lean\Mathlib\Data\Nat\Init.olean
F:\LaTeX\BVE research\lean-proof\.lake\packages\mathlib\.lake\build\lib\lean\Mathlib\Data\Nat\Log.olean
F:\LaTeX\BVE research\lean-proof\.lake\packages\mathlib\.lake\build\lib\lean\Mathlib\Data\Nat\MaxPowDiv.olean
F:\LaTeX\BVE research\lean-proof\.lake\packages\mathlib\.lake\build\lib\lean\Mathlib\Data\Nat\ModEq.olean
F:\LaTeX\BVE research\lean-proof\.lake\packages\mathlib\.lake\build\lib\lean\Mathlib\Data\Nat\Multiplicity.olean
F:\LaTeX\BVE research\lean-proof\.lake\packages\mathlib\.lake\build\lib\lean\Mathlib\Data\Nat\Notation.olean
F:\LaTeX\BVE research\lean-proof\.lake\packages\mathlib\.lake\build\lib\lean\Mathlib\Data\Nat\Pairing.olean
F:\LaTeX\BVE research\lean-proof\.lake\packages\mathlib\.lake\build\lib\lean\Mathlib\Data\Nat\Periodic.olean
F:\LaTeX\BVE research\lean-proof\.lake\packages\mathlib\.lake\build\lib\lean\Mathlib\Data\Nat\PrimeFin.olean
F:\LaTeX\BVE research\lean-proof\.lake\packages\mathlib\.lake\build\lib\lean\Mathlib\Data\Nat\Set.olean
F:\LaTeX\BVE research\lean-proof\.lake\packages\mathlib\.lake\build\lib\lean\Mathlib\Data\Nat\Sqrt.olean
F:\LaTeX\BVE research\lean-proof\.lake\packages\mathlib\.lake\build\lib\lean\Mathlib\Data\Nat\SuccPred.olean
F:\LaTeX\BVE research\lean-proof\.lake\packages\mathlib\.lake\build\lib\lean\Mathlib\Data\Nat\Totient.olean
F:\LaTeX\BVE research\lean-proof\.lake\packages\mathlib\.lake\build\lib\lean\Mathlib\Data\Nat\WithBot.olean
F:\LaTeX\BVE research\lean-proof\.lake\packages\mathlib\.lake\build\lib\lean\Mathlib\Data\Option\Basic.olean
F:\LaTeX\BVE research\lean-proof\.lake\packages\mathlib\.lake\build\lib\lean\Mathlib\Data\Option\Defs.olean
F:\LaTeX\BVE research\lean-proof\.lake\packages\mathlib\.lake\build\lib\lean\Mathlib\Data\Option\NAry.olean
F:\LaTeX\BVE research\lean-proof\.lake\packages\mathlib\.lake\build\lib\lean\Mathlib\Data\Ordering\Basic.olean
F:\LaTeX\BVE research\lean-proof\.lake\packages\mathlib\.lake\build\lib\lean\Mathlib\Data\PNat\Basic.olean
F:\LaTeX\BVE research\lean-proof\.lake\packages\mathlib\.lake\build\lib\lean\Mathlib\Data\PNat\Defs.olean
F:\LaTeX\BVE research\lean-proof\.lake\packages\mathlib\.lake\build\lib\lean\Mathlib\Data\PNat\Equiv.olean
F:\LaTeX\BVE research\lean-proof\.lake\packages\mathlib\.lake\build\lib\lean\Mathlib\Data\PNat\Notation.olean
F:\LaTeX\BVE research\lean-proof\.lake\packages\mathlib\.lake\build\lib\lean\Mathlib\Data\Prod\Basic.olean
F:\LaTeX\BVE research\lean-proof\.lake\packages\mathlib\.lake\build\lib\lean\Mathlib\Data\Prod\Lex.olean
F:\LaTeX\BVE research\lean-proof\.lake\packages\mathlib\.lake\build\lib\lean\Mathlib\Data\Prod\PProd.olean
F:\LaTeX\BVE research\lean-proof\.lake\packages\mathlib\.lake\build\lib\lean\Mathlib\Data\Rat\BigOperators.olean
F:\LaTeX\BVE research\lean-proof\.lake\packages\mathlib\.lake\build\lib\lean\Mathlib\Data\Rat\Defs.olean
F:\LaTeX\BVE research\lean-proof\.lake\packages\mathlib\.lake\build\lib\lean\Mathlib\Data\Rat\Encodable.olean
F:\LaTeX\BVE research\lean-proof\.lake\packages\mathlib\.lake\build\lib\lean\Mathlib\Data\Rat\Floor.olean
F:\LaTeX\BVE research\lean-proof\.lake\packages\mathlib\.lake\build\lib\lean\Mathlib\Data\Rat\Init.olean
F:\LaTeX\BVE research\lean-proof\.lake\packages\mathlib\.lake\build\lib\lean\Mathlib\Data\Rat\Lemmas.olean
F:\LaTeX\BVE research\lean-proof\.lake\packages\mathlib\.lake\build\lib\lean\Mathlib\Data\Real\Basic.olean
F:\LaTeX\BVE research\lean-proof\.lake\packages\mathlib\.lake\build\lib\lean\Mathlib\Data\Real\ConjExponents.olean
F:\LaTeX\BVE research\lean-proof\.lake\packages\mathlib\.lake\build\lib\lean\Mathlib\Data\Real\ENatENNReal.olean
F:\LaTeX\BVE research\lean-proof\.lake\packages\mathlib\.lake\build\lib\lean\Mathlib\Data\Real\Pointwise.olean
F:\LaTeX\BVE research\lean-proof\.lake\packages\mathlib\.lake\build\lib\lean\Mathlib\Data\Real\Star.olean
F:\LaTeX\BVE research\lean-proof\.lake\packages\mathlib\.lake\build\lib\lean\Mathlib\Data\Rel\Cover.olean
F:\LaTeX\BVE research\lean-proof\.lake\packages\mathlib\.lake\build\lib\lean\Mathlib\Data\Rel\Separated.olean
F:\LaTeX\BVE research\lean-proof\.lake\packages\mathlib\.lake\build\lib\lean\Mathlib\Data\Set\Accumulate.olean
F:\LaTeX\BVE research\lean-proof\.lake\packages\mathlib\.lake\build\lib\lean\Mathlib\Data\Set\Basic.olean
F:\LaTeX\BVE research\lean-proof\.lake\packages\mathlib\.lake\build\lib\lean\Mathlib\Data\Set\BoolIndicator.olean
F:\LaTeX\BVE research\lean-proof\.lake\packages\mathlib\.lake\build\lib\lean\Mathlib\Data\Set\BooleanAlgebra.olean
F:\LaTeX\BVE research\lean-proof\.lake\packages\mathlib\.lake\build\lib\lean\Mathlib\Data\Set\Card.olean
F:\LaTeX\BVE research\lean-proof\.lake\packages\mathlib\.lake\build\lib\lean\Mathlib\Data\Set\CoeSort.olean
F:\LaTeX\BVE research\lean-proof\.lake\packages\mathlib\.lake\build\lib\lean\Mathlib\Data\Set\Constructions.olean
F:\LaTeX\BVE research\lean-proof\.lake\packages\mathlib\.lake\build\lib\lean\Mathlib\Data\Set\Countable.olean
F:\LaTeX\BVE research\lean-proof\.lake\packages\mathlib\.lake\build\lib\lean\Mathlib\Data\Set\Defs.olean
F:\LaTeX\BVE research\lean-proof\.lake\packages\mathlib\.lake\build\lib\lean\Mathlib\Data\Set\Disjoint.olean
F:\LaTeX\BVE research\lean-proof\.lake\packages\mathlib\.lake\build\lib\lean\Mathlib\Data\Set\Function.olean
F:\LaTeX\BVE research\lean-proof\.lake\packages\mathlib\.lake\build\lib\lean\Mathlib\Data\Set\Functor.olean
F:\LaTeX\BVE research\lean-proof\.lake\packages\mathlib\.lake\build\lib\lean\Mathlib\Data\Set\Image.olean
F:\LaTeX\BVE research\lean-proof\.lake\packages\mathlib\.lake\build\lib\lean\Mathlib\Data\Set\Inclusion.olean
F:\LaTeX\BVE research\lean-proof\.lake\packages\mathlib\.lake\build\lib\lean\Mathlib\Data\Set\Insert.olean
F:\LaTeX\BVE research\lean-proof\.lake\packages\mathlib\.lake\build\lib\lean\Mathlib\Data\Set\Lattice.olean
F:\LaTeX\BVE research\lean-proof\.lake\packages\mathlib\.lake\build\lib\lean\Mathlib\Data\Set\List.olean
F:\LaTeX\BVE research\lean-proof\.lake\packages\mathlib\.lake\build\lib\lean\Mathlib\Data\Set\Monotone.olean
F:\LaTeX\BVE research\lean-proof\.lake\packages\mathlib\.lake\build\lib\lean\Mathlib\Data\Set\NAry.olean
F:\LaTeX\BVE research\lean-proof\.lake\packages\mathlib\.lake\build\lib\lean\Mathlib\Data\Set\Notation.olean
F:\LaTeX\BVE research\lean-proof\.lake\packages\mathlib\.lake\build\lib\lean\Mathlib\Data\Set\Operations.olean
F:\LaTeX\BVE research\lean-proof\.lake\packages\mathlib\.lake\build\lib\lean\Mathlib\Data\Set\Order.olean
F:\LaTeX\BVE research\lean-proof\.lake\packages\mathlib\.lake\build\lib\lean\Mathlib\Data\Set\Piecewise.olean
F:\LaTeX\BVE research\lean-proof\.lake\packages\mathlib\.lake\build\lib\lean\Mathlib\Data\Set\Prod.olean
F:\LaTeX\BVE research\lean-proof\.lake\packages\mathlib\.lake\build\lib\lean\Mathlib\Data\Set\Restrict.olean
F:\LaTeX\BVE research\lean-proof\.lake\packages\mathlib\.lake\build\lib\lean\Mathlib\Data\Set\Semiring.olean
F:\LaTeX\BVE research\lean-proof\.lake\packages\mathlib\.lake\build\lib\lean\Mathlib\Data\Set\Sigma.olean
F:\LaTeX\BVE research\lean-proof\.lake\packages\mathlib\.lake\build\lib\lean\Mathlib\Data\Set\Subset.olean
F:\LaTeX\BVE research\lean-proof\.lake\packages\mathlib\.lake\build\lib\lean\Mathlib\Data\Set\Subsingleton.olean
F:\LaTeX\BVE research\lean-proof\.lake\packages\mathlib\.lake\build\lib\lean\Mathlib\Data\Set\SymmDiff.olean
F:\LaTeX\BVE research\lean-proof\.lake\packages\mathlib\.lake\build\lib\lean\Mathlib\Data\Set\UnionLift.olean
F:\LaTeX\BVE research\lean-proof\.lake\packages\mathlib\.lake\build\lib\lean\Mathlib\Data\SetLike\Basic.olean
F:\LaTeX\BVE research\lean-proof\.lake\packages\mathlib\.lake\build\lib\lean\Mathlib\Data\Setoid\Basic.olean
F:\LaTeX\BVE research\lean-proof\.lake\packages\mathlib\.lake\build\lib\lean\Mathlib\Data\Sigma\Basic.olean
F:\LaTeX\BVE research\lean-proof\.lake\packages\mathlib\.lake\build\lib\lean\Mathlib\Data\Sigma\Lex.olean
F:\LaTeX\BVE research\lean-proof\.lake\packages\mathlib\.lake\build\lib\lean\Mathlib\Data\Sign\Basic.olean
F:\LaTeX\BVE research\lean-proof\.lake\packages\mathlib\.lake\build\lib\lean\Mathlib\Data\Sign\Defs.olean
F:\LaTeX\BVE research\lean-proof\.lake\packages\mathlib\.lake\build\lib\lean\Mathlib\Data\String\Defs.olean
F:\LaTeX\BVE research\lean-proof\.lake\packages\mathlib\.lake\build\lib\lean\Mathlib\Data\Sum\Basic.olean
F:\LaTeX\BVE research\lean-proof\.lake\packages\mathlib\.lake\build\lib\lean\Mathlib\Data\Sum\Order.olean
F:\LaTeX\BVE research\lean-proof\.lake\packages\mathlib\.lake\build\lib\lean\Mathlib\Data\Sym\Basic.olean
F:\LaTeX\BVE research\lean-proof\.lake\packages\mathlib\.lake\build\lib\lean\Mathlib\Data\Sym\Sym2.olean
F:\LaTeX\BVE research\lean-proof\.lake\packages\mathlib\.lake\build\lib\lean\Mathlib\Data\Tree\Basic.olean
F:\LaTeX\BVE research\lean-proof\.lake\packages\mathlib\.lake\build\lib\lean\Mathlib\Data\Vector\Basic.olean
F:\LaTeX\BVE research\lean-proof\.lake\packages\mathlib\.lake\build\lib\lean\Mathlib\Data\Vector\Defs.olean
F:\LaTeX\BVE research\lean-proof\.lake\packages\mathlib\.lake\build\lib\lean\Mathlib\Data\W\Basic.olean
F:\LaTeX\BVE research\lean-proof\.lake\packages\mathlib\.lake\build\lib\lean\Mathlib\Data\W\Cardinal.olean
F:\LaTeX\BVE research\lean-proof\.lake\packages\mathlib\.lake\build\lib\lean\Mathlib\Data\ZMod\Aut.olean
F:\LaTeX\BVE research\lean-proof\.lake\packages\mathlib\.lake\build\lib\lean\Mathlib\Data\ZMod\Basic.olean
F:\LaTeX\BVE research\lean-proof\.lake\packages\mathlib\.lake\build\lib\lean\Mathlib\Data\ZMod\Defs.olean
F:\LaTeX\BVE research\lean-proof\.lake\packages\mathlib\.lake\build\lib\lean\Mathlib\Data\ZMod\IntUnitsPower.olean
F:\LaTeX\BVE research\lean-proof\.lake\packages\mathlib\.lake\build\lib\lean\Mathlib\Data\ZMod\QuotientGroup.olean
F:\LaTeX\BVE research\lean-proof\.lake\packages\mathlib\.lake\build\lib\lean\Mathlib\Dynamics\FixedPoints\Basic.olean
F:\LaTeX\BVE research\lean-proof\.lake\packages\mathlib\.lake\build\lib\lean\Mathlib\Dynamics\FixedPoints\Defs.olean
F:\LaTeX\BVE research\lean-proof\.lake\packages\mathlib\.lake\build\lib\lean\Mathlib\Dynamics\PeriodicPts\Defs.olean
F:\LaTeX\BVE research\lean-proof\.lake\packages\mathlib\.lake\build\lib\lean\Mathlib\Dynamics\PeriodicPts\Lemmas.olean
F:\LaTeX\BVE research\lean-proof\.lake\packages\mathlib\.lake\build\lib\lean\Mathlib\GroupTheory\Abelianization\Defs.olean
F:\LaTeX\BVE research\lean-proof\.lake\packages\mathlib\.lake\build\lib\lean\Mathlib\GroupTheory\Commutator\Basic.olean
F:\LaTeX\BVE research\lean-proof\.lake\packages\mathlib\.lake\build\lib\lean\Mathlib\GroupTheory\Congruence\Basic.olean
F:\LaTeX\BVE research\lean-proof\.lake\packages\mathlib\.lake\build\lib\lean\Mathlib\GroupTheory\Congruence\Defs.olean
F:\LaTeX\BVE research\lean-proof\.lake\packages\mathlib\.lake\build\lib\lean\Mathlib\GroupTheory\Congruence\Hom.olean
F:\LaTeX\BVE research\lean-proof\.lake\packages\mathlib\.lake\build\lib\lean\Mathlib\GroupTheory\Congruence\Opposite.olean
F:\LaTeX\BVE research\lean-proof\.lake\packages\mathlib\.lake\build\lib\lean\Mathlib\GroupTheory\Coset\Basic.olean
F:\LaTeX\BVE research\lean-proof\.lake\packages\mathlib\.lake\build\lib\lean\Mathlib\GroupTheory\Coset\Card.olean
F:\LaTeX\BVE research\lean-proof\.lake\packages\mathlib\.lake\build\lib\lean\Mathlib\GroupTheory\Coset\Defs.olean
F:\LaTeX\BVE research\lean-proof\.lake\packages\mathlib\.lake\build\lib\lean\Mathlib\GroupTheory\FreeGroup\Basic.olean
F:\LaTeX\BVE research\lean-proof\.lake\packages\mathlib\.lake\build\lib\lean\Mathlib\GroupTheory\GroupAction\Basic.olean
F:\LaTeX\BVE research\lean-proof\.lake\packages\mathlib\.lake\build\lib\lean\Mathlib\GroupTheory\GroupAction\ConjAct.olean
F:\LaTeX\BVE research\lean-proof\.lake\packages\mathlib\.lake\build\lib\lean\Mathlib\GroupTheory\GroupAction\Defs.olean
F:\LaTeX\BVE research\lean-proof\.lake\packages\mathlib\.lake\build\lib\lean\Mathlib\GroupTheory\GroupAction\Hom.olean
F:\LaTeX\BVE research\lean-proof\.lake\packages\mathlib\.lake\build\lib\lean\Mathlib\GroupTheory\GroupAction\Pointwise.olean
F:\LaTeX\BVE research\lean-proof\.lake\packages\mathlib\.lake\build\lib\lean\Mathlib\GroupTheory\GroupAction\Quotient.olean
F:\LaTeX\BVE research\lean-proof\.lake\packages\mathlib\.lake\build\lib\lean\Mathlib\GroupTheory\GroupAction\Ring.olean
F:\LaTeX\BVE research\lean-proof\.lake\packages\mathlib\.lake\build\lib\lean\Mathlib\GroupTheory\GroupAction\SubMulAction.olean
F:\LaTeX\BVE research\lean-proof\.lake\packages\mathlib\.lake\build\lib\lean\Mathlib\GroupTheory\MonoidLocalization\Basic.olean
F:\LaTeX\BVE research\lean-proof\.lake\packages\mathlib\.lake\build\lib\lean\Mathlib\GroupTheory\MonoidLocalization\Maps.olean
F:\LaTeX\BVE research\lean-proof\.lake\packages\mathlib\.lake\build\lib\lean\Mathlib\GroupTheory\MonoidLocalization\MonoidWithZero.olean
F:\LaTeX\BVE research\lean-proof\.lake\packages\mathlib\.lake\build\lib\lean\Mathlib\GroupTheory\OreLocalization\Basic.olean
F:\LaTeX\BVE research\lean-proof\.lake\packages\mathlib\.lake\build\lib\lean\Mathlib\GroupTheory\OreLocalization\OreSet.olean
F:\LaTeX\BVE research\lean-proof\.lake\packages\mathlib\.lake\build\lib\lean\Mathlib\GroupTheory\Perm\Basic.olean
F:\LaTeX\BVE research\lean-proof\.lake\packages\mathlib\.lake\build\lib\lean\Mathlib\GroupTheory\Perm\Closure.olean
F:\LaTeX\BVE research\lean-proof\.lake\packages\mathlib\.lake\build\lib\lean\Mathlib\GroupTheory\Perm\Fin.olean
F:\LaTeX\BVE research\lean-proof\.lake\packages\mathlib\.lake\build\lib\lean\Mathlib\GroupTheory\Perm\Finite.olean
F:\LaTeX\BVE research\lean-proof\.lake\packages\mathlib\.lake\build\lib\lean\Mathlib\GroupTheory\Perm\List.olean
F:\LaTeX\BVE research\lean-proof\.lake\packages\mathlib\.lake\build\lib\lean\Mathlib\GroupTheory\Perm\Option.olean
F:\LaTeX\BVE research\lean-proof\.lake\packages\mathlib\.lake\build\lib\lean\Mathlib\GroupTheory\Perm\Sign.olean
F:\LaTeX\BVE research\lean-proof\.lake\packages\mathlib\.lake\build\lib\lean\Mathlib\GroupTheory\Perm\Support.olean
F:\LaTeX\BVE research\lean-proof\.lake\packages\mathlib\.lake\build\lib\lean\Mathlib\GroupTheory\QuotientGroup\Basic.olean
F:\LaTeX\BVE research\lean-proof\.lake\packages\mathlib\.lake\build\lib\lean\Mathlib\GroupTheory\QuotientGroup\Defs.olean
F:\LaTeX\BVE research\lean-proof\.lake\packages\mathlib\.lake\build\lib\lean\Mathlib\GroupTheory\QuotientGroup\Finite.olean
F:\LaTeX\BVE research\lean-proof\.lake\packages\mathlib\.lake\build\lib\lean\Mathlib\GroupTheory\QuotientGroup\ModEq.olean
F:\LaTeX\BVE research\lean-proof\.lake\packages\mathlib\.lake\build\lib\lean\Mathlib\GroupTheory\SpecificGroups\Cyclic.olean
F:\LaTeX\BVE research\lean-proof\.lake\packages\mathlib\.lake\build\lib\lean\Mathlib\GroupTheory\Subgroup\Center.olean
F:\LaTeX\BVE research\lean-proof\.lake\packages\mathlib\.lake\build\lib\lean\Mathlib\GroupTheory\Subgroup\Centralizer.olean
F:\LaTeX\BVE research\lean-proof\.lake\packages\mathlib\.lake\build\lib\lean\Mathlib\GroupTheory\Subgroup\Simple.olean
F:\LaTeX\BVE research\lean-proof\.lake\packages\mathlib\.lake\build\lib\lean\Mathlib\GroupTheory\Submonoid\Center.olean
F:\LaTeX\BVE research\lean-proof\.lake\packages\mathlib\.lake\build\lib\lean\Mathlib\GroupTheory\Submonoid\Centralizer.olean
F:\LaTeX\BVE research\lean-proof\.lake\packages\mathlib\.lake\build\lib\lean\Mathlib\GroupTheory\Subsemigroup\Center.olean
F:\LaTeX\BVE research\lean-proof\.lake\packages\mathlib\.lake\build\lib\lean\Mathlib\GroupTheory\Subsemigroup\Centralizer.olean
F:\LaTeX\BVE research\lean-proof\.lake\packages\mathlib\.lake\build\lib\lean\Mathlib\Lean\Elab\InfoTree.olean
F:\LaTeX\BVE research\lean-proof\.lake\packages\mathlib\.lake\build\lib\lean\Mathlib\Lean\Elab\Term.olean
F:\LaTeX\BVE research\lean-proof\.lake\packages\mathlib\.lake\build\lib\lean\Mathlib\Lean\Expr\Basic.olean
F:\LaTeX\BVE research\lean-proof\.lake\packages\mathlib\.lake\build\lib\lean\Mathlib\Lean\Expr\ExtraRecognizers.olean
F:\LaTeX\BVE research\lean-proof\.lake\packages\mathlib\.lake\build\lib\lean\Mathlib\Lean\Expr\Rat.olean
F:\LaTeX\BVE research\lean-proof\.lake\packages\mathlib\.lake\build\lib\lean\Mathlib\Lean\MessageData\Trace.olean
F:\LaTeX\BVE research\lean-proof\.lake\packages\mathlib\.lake\build\lib\lean\Mathlib\Lean\Meta\Basic.olean
F:\LaTeX\BVE research\lean-proof\.lake\packages\mathlib\.lake\build\lib\lean\Mathlib\Lean\Meta\CongrTheorems.olean
F:\LaTeX\BVE research\lean-proof\.lake\packages\mathlib\.lake\build\lib\lean\Mathlib\Lean\Meta\KAbstractPositions.olean
F:\LaTeX\BVE research\lean-proof\.lake\packages\mathlib\.lake\build\lib\lean\Mathlib\Lean\Meta\RefinedDiscrTree.olean
F:\LaTeX\BVE research\lean-proof\.lake\packages\mathlib\.lake\build\lib\lean\Mathlib\Lean\Meta\Simp.olean
F:\LaTeX\BVE research\lean-proof\.lake\packages\mathlib\.lake\build\lib\lean\Mathlib\Lean\PrettyPrinter\Delaborator.olean
F:\LaTeX\BVE research\lean-proof\.lake\packages\mathlib\.lake\build\lib\lean\Mathlib\LinearAlgebra\AffineSpace\AffineEquiv.olean
F:\LaTeX\BVE research\lean-proof\.lake\packages\mathlib\.lake\build\lib\lean\Mathlib\LinearAlgebra\AffineSpace\AffineMap.olean
F:\LaTeX\BVE research\lean-proof\.lake\packages\mathlib\.lake\build\lib\lean\Mathlib\LinearAlgebra\AffineSpace\Basis.olean
F:\LaTeX\BVE research\lean-proof\.lake\packages\mathlib\.lake\build\lib\lean\Mathlib\LinearAlgebra\AffineSpace\Centroid.olean
F:\LaTeX\BVE research\lean-proof\.lake\packages\mathlib\.lake\build\lib\lean\Mathlib\LinearAlgebra\AffineSpace\Combination.olean
F:\LaTeX\BVE research\lean-proof\.lake\packages\mathlib\.lake\build\lib\lean\Mathlib\LinearAlgebra\AffineSpace\Defs.olean
F:\LaTeX\BVE research\lean-proof\.lake\packages\mathlib\.lake\build\lib\lean\Mathlib\LinearAlgebra\AffineSpace\Independent.olean
F:\LaTeX\BVE research\lean-proof\.lake\packages\mathlib\.lake\build\lib\lean\Mathlib\LinearAlgebra\AffineSpace\Midpoint.olean
F:\LaTeX\BVE research\lean-proof\.lake\packages\mathlib\.lake\build\lib\lean\Mathlib\LinearAlgebra\AffineSpace\Pointwise.olean
F:\LaTeX\BVE research\lean-proof\.lake\packages\mathlib\.lake\build\lib\lean\Mathlib\LinearAlgebra\AffineSpace\Restrict.olean
F:\LaTeX\BVE research\lean-proof\.lake\packages\mathlib\.lake\build\lib\lean\Mathlib\LinearAlgebra\Alternating\Basic.olean
F:\LaTeX\BVE research\lean-proof\.lake\packages\mathlib\.lake\build\lib\lean\Mathlib\LinearAlgebra\Basis\Basic.olean
F:\LaTeX\BVE research\lean-proof\.lake\packages\mathlib\.lake\build\lib\lean\Mathlib\LinearAlgebra\Basis\Cardinality.olean
F:\LaTeX\BVE research\lean-proof\.lake\packages\mathlib\.lake\build\lib\lean\Mathlib\LinearAlgebra\Basis\Defs.olean
F:\LaTeX\BVE research\lean-proof\.lake\packages\mathlib\.lake\build\lib\lean\Mathlib\LinearAlgebra\Basis\Fin.olean
F:\LaTeX\BVE research\lean-proof\.lake\packages\mathlib\.lake\build\lib\lean\Mathlib\LinearAlgebra\Basis\Prod.olean
F:\LaTeX\BVE research\lean-proof\.lake\packages\mathlib\.lake\build\lib\lean\Mathlib\LinearAlgebra\Basis\SMul.olean
F:\LaTeX\BVE research\lean-proof\.lake\packages\mathlib\.lake\build\lib\lean\Mathlib\LinearAlgebra\Basis\Submodule.olean
F:\LaTeX\BVE research\lean-proof\.lake\packages\mathlib\.lake\build\lib\lean\Mathlib\LinearAlgebra\Basis\VectorSpace.olean
F:\LaTeX\BVE research\lean-proof\.lake\packages\mathlib\.lake\build\lib\lean\Mathlib\LinearAlgebra\Complex\Module.olean
F:\LaTeX\BVE research\lean-proof\.lake\packages\mathlib\.lake\build\lib\lean\Mathlib\LinearAlgebra\Dimension\Basic.olean
F:\LaTeX\BVE research\lean-proof\.lake\packages\mathlib\.lake\build\lib\lean\Mathlib\LinearAlgebra\Dimension\Constructions.olean
F:\LaTeX\BVE research\lean-proof\.lake\packages\mathlib\.lake\build\lib\lean\Mathlib\LinearAlgebra\Dimension\DivisionRing.olean
F:\LaTeX\BVE research\lean-proof\.lake\packages\mathlib\.lake\build\lib\lean\Mathlib\LinearAlgebra\Dimension\ErdosKaplansky.olean
F:\LaTeX\BVE research\lean-proof\.lake\packages\mathlib\.lake\build\lib\lean\Mathlib\LinearAlgebra\Dimension\Finite.olean
F:\LaTeX\BVE research\lean-proof\.lake\packages\mathlib\.lake\build\lib\lean\Mathlib\LinearAlgebra\Dimension\Finrank.olean
F:\LaTeX\BVE research\lean-proof\.lake\packages\mathlib\.lake\build\lib\lean\Mathlib\LinearAlgebra\Dimension\Free.olean
F:\LaTeX\BVE research\lean-proof\.lake\packages\mathlib\.lake\build\lib\lean\Mathlib\LinearAlgebra\Dimension\FreeAndStrongRankCondition.olean
F:\LaTeX\BVE research\lean-proof\.lake\packages\mathlib\.lake\build\lib\lean\Mathlib\LinearAlgebra\Dimension\LinearMap.olean
F:\LaTeX\BVE research\lean-proof\.lake\packages\mathlib\.lake\build\lib\lean\Mathlib\LinearAlgebra\Dimension\RankNullity.olean
F:\LaTeX\BVE research\lean-proof\.lake\packages\mathlib\.lake\build\lib\lean\Mathlib\LinearAlgebra\Dimension\StrongRankCondition.olean
F:\LaTeX\BVE research\lean-proof\.lake\packages\mathlib\.lake\build\lib\lean\Mathlib\LinearAlgebra\Dimension\Subsingleton.olean
F:\LaTeX\BVE research\lean-proof\.lake\packages\mathlib\.lake\build\lib\lean\Mathlib\LinearAlgebra\DirectSum\Finsupp.olean
F:\LaTeX\BVE research\lean-proof\.lake\packages\mathlib\.lake\build\lib\lean\Mathlib\LinearAlgebra\DirectSum\TensorProduct.olean
F:\LaTeX\BVE research\lean-proof\.lake\packages\mathlib\.lake\build\lib\lean\Mathlib\LinearAlgebra\Dual\Basis.olean
F:\LaTeX\BVE research\lean-proof\.lake\packages\mathlib\.lake\build\lib\lean\Mathlib\LinearAlgebra\Dual\Defs.olean
F:\LaTeX\BVE research\lean-proof\.lake\packages\mathlib\.lake\build\lib\lean\Mathlib\LinearAlgebra\Dual\Lemmas.olean
F:\LaTeX\BVE research\lean-proof\.lake\packages\mathlib\.lake\build\lib\lean\Mathlib\LinearAlgebra\FiniteDimensional\Basic.olean
F:\LaTeX\BVE research\lean-proof\.lake\packages\mathlib\.lake\build\lib\lean\Mathlib\LinearAlgebra\FiniteDimensional\Defs.olean
F:\LaTeX\BVE research\lean-proof\.lake\packages\mathlib\.lake\build\lib\lean\Mathlib\LinearAlgebra\FiniteDimensional\Lemmas.olean
F:\LaTeX\BVE research\lean-proof\.lake\packages\mathlib\.lake\build\lib\lean\Mathlib\LinearAlgebra\Finsupp\Defs.olean
F:\LaTeX\BVE research\lean-proof\.lake\packages\mathlib\.lake\build\lib\lean\Mathlib\LinearAlgebra\Finsupp\LSum.olean
F:\LaTeX\BVE research\lean-proof\.lake\packages\mathlib\.lake\build\lib\lean\Mathlib\LinearAlgebra\Finsupp\LinearCombination.olean
F:\LaTeX\BVE research\lean-proof\.lake\packages\mathlib\.lake\build\lib\lean\Mathlib\LinearAlgebra\Finsupp\Pi.olean
F:\LaTeX\BVE research\lean-proof\.lake\packages\mathlib\.lake\build\lib\lean\Mathlib\LinearAlgebra\Finsupp\Span.olean
F:\LaTeX\BVE research\lean-proof\.lake\packages\mathlib\.lake\build\lib\lean\Mathlib\LinearAlgebra\Finsupp\SumProd.olean
F:\LaTeX\BVE research\lean-proof\.lake\packages\mathlib\.lake\build\lib\lean\Mathlib\LinearAlgebra\Finsupp\Supported.olean
F:\LaTeX\BVE research\lean-proof\.lake\packages\mathlib\.lake\build\lib\lean\Mathlib\LinearAlgebra\Finsupp\VectorSpace.olean
F:\LaTeX\BVE research\lean-proof\.lake\packages\mathlib\.lake\build\lib\lean\Mathlib\LinearAlgebra\FreeModule\Basic.olean
F:\LaTeX\BVE research\lean-proof\.lake\packages\mathlib\.lake\build\lib\lean\Mathlib\LinearAlgebra\FreeModule\StrongRankCondition.olean
F:\LaTeX\BVE research\lean-proof\.lake\packages\mathlib\.lake\build\lib\lean\Mathlib\LinearAlgebra\GeneralLinearGroup\AlgEquiv.olean
F:\LaTeX\BVE research\lean-proof\.lake\packages\mathlib\.lake\build\lib\lean\Mathlib\LinearAlgebra\GeneralLinearGroup\Basic.olean
F:\LaTeX\BVE research\lean-proof\.lake\packages\mathlib\.lake\build\lib\lean\Mathlib\LinearAlgebra\LinearIndependent\Basic.olean
F:\LaTeX\BVE research\lean-proof\.lake\packages\mathlib\.lake\build\lib\lean\Mathlib\LinearAlgebra\LinearIndependent\Defs.olean
F:\LaTeX\BVE research\lean-proof\.lake\packages\mathlib\.lake\build\lib\lean\Mathlib\LinearAlgebra\LinearIndependent\Lemmas.olean
F:\LaTeX\BVE research\lean-proof\.lake\packages\mathlib\.lake\build\lib\lean\Mathlib\LinearAlgebra\Matrix\Action.olean
F:\LaTeX\BVE research\lean-proof\.lake\packages\mathlib\.lake\build\lib\lean\Mathlib\LinearAlgebra\Matrix\Adjugate.olean
F:\LaTeX\BVE research\lean-proof\.lake\packages\mathlib\.lake\build\lib\lean\Mathlib\LinearAlgebra\Matrix\Basis.olean
F:\LaTeX\BVE research\lean-proof\.lake\packages\mathlib\.lake\build\lib\lean\Mathlib\LinearAlgebra\Matrix\Block.olean
F:\LaTeX\BVE research\lean-proof\.lake\packages\mathlib\.lake\build\lib\lean\Mathlib\LinearAlgebra\Matrix\ConjTranspose.olean
F:\LaTeX\BVE research\lean-proof\.lake\packages\mathlib\.lake\build\lib\lean\Mathlib\LinearAlgebra\Matrix\Defs.olean
F:\LaTeX\BVE research\lean-proof\.lake\packages\mathlib\.lake\build\lib\lean\Mathlib\LinearAlgebra\Matrix\Dual.olean
F:\LaTeX\BVE research\lean-proof\.lake\packages\mathlib\.lake\build\lib\lean\Mathlib\LinearAlgebra\Matrix\InvariantBasisNumber.olean
F:\LaTeX\BVE research\lean-proof\.lake\packages\mathlib\.lake\build\lib\lean\Mathlib\LinearAlgebra\Matrix\Invertible.olean
F:\LaTeX\BVE research\lean-proof\.lake\packages\mathlib\.lake\build\lib\lean\Mathlib\LinearAlgebra\Matrix\Kronecker.olean
F:\LaTeX\BVE research\lean-proof\.lake\packages\mathlib\.lake\build\lib\lean\Mathlib\LinearAlgebra\Matrix\MvPolynomial.olean
F:\LaTeX\BVE research\lean-proof\.lake\packages\mathlib\.lake\build\lib\lean\Mathlib\LinearAlgebra\Matrix\Nondegenerate.olean
F:\LaTeX\BVE research\lean-proof\.lake\packages\mathlib\.lake\build\lib\lean\Mathlib\LinearAlgebra\Matrix\NonsingularInverse.olean
F:\LaTeX\BVE research\lean-proof\.lake\packages\mathlib\.lake\build\lib\lean\Mathlib\LinearAlgebra\Matrix\Notation.olean
F:\LaTeX\BVE research\lean-proof\.lake\packages\mathlib\.lake\build\lib\lean\Mathlib\LinearAlgebra\Matrix\Polynomial.olean
F:\LaTeX\BVE research\lean-proof\.lake\packages\mathlib\.lake\build\lib\lean\Mathlib\LinearAlgebra\Matrix\Reindex.olean
F:\LaTeX\BVE research\lean-proof\.lake\packages\mathlib\.lake\build\lib\lean\Mathlib\LinearAlgebra\Matrix\RowCol.olean
F:\LaTeX\BVE research\lean-proof\.lake\packages\mathlib\.lake\build\lib\lean\Mathlib\LinearAlgebra\Matrix\SemiringInverse.olean
F:\LaTeX\BVE research\lean-proof\.lake\packages\mathlib\.lake\build\lib\lean\Mathlib\LinearAlgebra\Matrix\SpecialLinearGroup.olean
F:\LaTeX\BVE research\lean-proof\.lake\packages\mathlib\.lake\build\lib\lean\Mathlib\LinearAlgebra\Matrix\StdBasis.olean
F:\LaTeX\BVE research\lean-proof\.lake\packages\mathlib\.lake\build\lib\lean\Mathlib\LinearAlgebra\Matrix\Symmetric.olean
F:\LaTeX\BVE research\lean-proof\.lake\packages\mathlib\.lake\build\lib\lean\Mathlib\LinearAlgebra\Matrix\ToLin.olean
F:\LaTeX\BVE research\lean-proof\.lake\packages\mathlib\.lake\build\lib\lean\Mathlib\LinearAlgebra\Matrix\ToLinearEquiv.olean
F:\LaTeX\BVE research\lean-proof\.lake\packages\mathlib\.lake\build\lib\lean\Mathlib\LinearAlgebra\Matrix\Trace.olean
F:\LaTeX\BVE research\lean-proof\.lake\packages\mathlib\.lake\build\lib\lean\Mathlib\LinearAlgebra\Matrix\Transvection.olean
F:\LaTeX\BVE research\lean-proof\.lake\packages\mathlib\.lake\build\lib\lean\Mathlib\LinearAlgebra\Multilinear\Basic.olean
F:\LaTeX\BVE research\lean-proof\.lake\packages\mathlib\.lake\build\lib\lean\Mathlib\LinearAlgebra\Multilinear\Basis.olean
F:\LaTeX\BVE research\lean-proof\.lake\packages\mathlib\.lake\build\lib\lean\Mathlib\LinearAlgebra\Multilinear\DFinsupp.olean
F:\LaTeX\BVE research\lean-proof\.lake\packages\mathlib\.lake\build\lib\lean\Mathlib\LinearAlgebra\Multilinear\Finsupp.olean
F:\LaTeX\BVE research\lean-proof\.lake\packages\mathlib\.lake\build\lib\lean\Mathlib\LinearAlgebra\Quotient\Basic.olean
F:\LaTeX\BVE research\lean-proof\.lake\packages\mathlib\.lake\build\lib\lean\Mathlib\LinearAlgebra\Quotient\Card.olean
F:\LaTeX\BVE research\lean-proof\.lake\packages\mathlib\.lake\build\lib\lean\Mathlib\LinearAlgebra\Quotient\Defs.olean
F:\LaTeX\BVE research\lean-proof\.lake\packages\mathlib\.lake\build\lib\lean\Mathlib\LinearAlgebra\SesquilinearForm\Basic.olean
F:\LaTeX\BVE research\lean-proof\.lake\packages\mathlib\.lake\build\lib\lean\Mathlib\LinearAlgebra\Span\Basic.olean
F:\LaTeX\BVE research\lean-proof\.lake\packages\mathlib\.lake\build\lib\lean\Mathlib\LinearAlgebra\Span\Defs.olean
F:\LaTeX\BVE research\lean-proof\.lake\packages\mathlib\.lake\build\lib\lean\Mathlib\LinearAlgebra\TensorProduct\Associator.olean
F:\LaTeX\BVE research\lean-proof\.lake\packages\mathlib\.lake\build\lib\lean\Mathlib\LinearAlgebra\TensorProduct\Basic.olean
F:\LaTeX\BVE research\lean-proof\.lake\packages\mathlib\.lake\build\lib\lean\Mathlib\LinearAlgebra\TensorProduct\Basis.olean
F:\LaTeX\BVE research\lean-proof\.lake\packages\mathlib\.lake\build\lib\lean\Mathlib\LinearAlgebra\TensorProduct\Defs.olean
F:\LaTeX\BVE research\lean-proof\.lake\packages\mathlib\.lake\build\lib\lean\Mathlib\LinearAlgebra\TensorProduct\Map.olean
F:\LaTeX\BVE research\lean-proof\.lake\packages\mathlib\.lake\build\lib\lean\Mathlib\LinearAlgebra\TensorProduct\Tower.olean
F:\LaTeX\BVE research\lean-proof\.lake\packages\mathlib\.lake\build\lib\lean\Mathlib\Logic\Embedding\Basic.olean
F:\LaTeX\BVE research\lean-proof\.lake\packages\mathlib\.lake\build\lib\lean\Mathlib\Logic\Embedding\Set.olean
F:\LaTeX\BVE research\lean-proof\.lake\packages\mathlib\.lake\build\lib\lean\Mathlib\Logic\Encodable\Basic.olean
F:\LaTeX\BVE research\lean-proof\.lake\packages\mathlib\.lake\build\lib\lean\Mathlib\Logic\Encodable\Lattice.olean
F:\LaTeX\BVE research\lean-proof\.lake\packages\mathlib\.lake\build\lib\lean\Mathlib\Logic\Encodable\Pi.olean
F:\LaTeX\BVE research\lean-proof\.lake\packages\mathlib\.lake\build\lib\lean\Mathlib\Logic\Equiv\Basic.olean
F:\LaTeX\BVE research\lean-proof\.lake\packages\mathlib\.lake\build\lib\lean\Mathlib\Logic\Equiv\Defs.olean
F:\LaTeX\BVE research\lean-proof\.lake\packages\mathlib\.lake\build\lib\lean\Mathlib\Logic\Equiv\Embedding.olean
F:\LaTeX\BVE research\lean-proof\.lake\packages\mathlib\.lake\build\lib\lean\Mathlib\Logic\Equiv\Finset.olean
F:\LaTeX\BVE research\lean-proof\.lake\packages\mathlib\.lake\build\lib\lean\Mathlib\Logic\Equiv\Fintype.olean
F:\LaTeX\BVE research\lean-proof\.lake\packages\mathlib\.lake\build\lib\lean\Mathlib\Logic\Equiv\Functor.olean
F:\LaTeX\BVE research\lean-proof\.lake\packages\mathlib\.lake\build\lib\lean\Mathlib\Logic\Equiv\List.olean
F:\LaTeX\BVE research\lean-proof\.lake\packages\mathlib\.lake\build\lib\lean\Mathlib\Logic\Equiv\Multiset.olean
F:\LaTeX\BVE research\lean-proof\.lake\packages\mathlib\.lake\build\lib\lean\Mathlib\Logic\Equiv\Nat.olean
F:\LaTeX\BVE research\lean-proof\.lake\packages\mathlib\.lake\build\lib\lean\Mathlib\Logic\Equiv\Option.olean
F:\LaTeX\BVE research\lean-proof\.lake\packages\mathlib\.lake\build\lib\lean\Mathlib\Logic\Equiv\PartialEquiv.olean
F:\LaTeX\BVE research\lean-proof\.lake\packages\mathlib\.lake\build\lib\lean\Mathlib\Logic\Equiv\Prod.olean
F:\LaTeX\BVE research\lean-proof\.lake\packages\mathlib\.lake\build\lib\lean\Mathlib\Logic\Equiv\Set.olean
F:\LaTeX\BVE research\lean-proof\.lake\packages\mathlib\.lake\build\lib\lean\Mathlib\Logic\Equiv\Sum.olean
F:\LaTeX\BVE research\lean-proof\.lake\packages\mathlib\.lake\build\lib\lean\Mathlib\Logic\Function\Basic.olean
F:\LaTeX\BVE research\lean-proof\.lake\packages\mathlib\.lake\build\lib\lean\Mathlib\Logic\Function\CompTypeclasses.olean
F:\LaTeX\BVE research\lean-proof\.lake\packages\mathlib\.lake\build\lib\lean\Mathlib\Logic\Function\Conjugate.olean
F:\LaTeX\BVE research\lean-proof\.lake\packages\mathlib\.lake\build\lib\lean\Mathlib\Logic\Function\Defs.olean
F:\LaTeX\BVE research\lean-proof\.lake\packages\mathlib\.lake\build\lib\lean\Mathlib\Logic\Function\DependsOn.olean
F:\LaTeX\BVE research\lean-proof\.lake\packages\mathlib\.lake\build\lib\lean\Mathlib\Logic\Function\Iterate.olean
F:\LaTeX\BVE research\lean-proof\.lake\packages\mathlib\.lake\build\lib\lean\Mathlib\Logic\Function\ULift.olean
F:\LaTeX\BVE research\lean-proof\.lake\packages\mathlib\.lake\build\lib\lean\Mathlib\Logic\IsEmpty\Basic.olean
F:\LaTeX\BVE research\lean-proof\.lake\packages\mathlib\.lake\build\lib\lean\Mathlib\Logic\IsEmpty\Defs.olean
F:\LaTeX\BVE research\lean-proof\.lake\packages\mathlib\.lake\build\lib\lean\Mathlib\Logic\Nontrivial\Basic.olean
F:\LaTeX\BVE research\lean-proof\.lake\packages\mathlib\.lake\build\lib\lean\Mathlib\Logic\Nontrivial\Defs.olean
F:\LaTeX\BVE research\lean-proof\.lake\packages\mathlib\.lake\build\lib\lean\Mathlib\Logic\Small\Basic.olean
F:\LaTeX\BVE research\lean-proof\.lake\packages\mathlib\.lake\build\lib\lean\Mathlib\Logic\Small\Defs.olean
F:\LaTeX\BVE research\lean-proof\.lake\packages\mathlib\.lake\build\lib\lean\Mathlib\Logic\Small\List.olean
F:\LaTeX\BVE research\lean-proof\.lake\packages\mathlib\.lake\build\lib\lean\Mathlib\Logic\Small\Set.olean
F:\LaTeX\BVE research\lean-proof\.lake\packages\mathlib\.lake\build\lib\lean\Mathlib\Order\Atoms\Finite.olean
F:\LaTeX\BVE research\lean-proof\.lake\packages\mathlib\.lake\build\lib\lean\Mathlib\Order\BooleanAlgebra\Basic.olean
F:\LaTeX\BVE research\lean-proof\.lake\packages\mathlib\.lake\build\lib\lean\Mathlib\Order\BooleanAlgebra\Defs.olean
F:\LaTeX\BVE research\lean-proof\.lake\packages\mathlib\.lake\build\lib\lean\Mathlib\Order\BooleanAlgebra\Set.olean
F:\LaTeX\BVE research\lean-proof\.lake\packages\mathlib\.lake\build\lib\lean\Mathlib\Order\BoundedOrder\Basic.olean
F:\LaTeX\BVE research\lean-proof\.lake\packages\mathlib\.lake\build\lib\lean\Mathlib\Order\BoundedOrder\Lattice.olean
F:\LaTeX\BVE research\lean-proof\.lake\packages\mathlib\.lake\build\lib\lean\Mathlib\Order\BoundedOrder\Monotone.olean
F:\LaTeX\BVE research\lean-proof\.lake\packages\mathlib\.lake\build\lib\lean\Mathlib\Order\Bounds\Basic.olean
F:\LaTeX\BVE research\lean-proof\.lake\packages\mathlib\.lake\build\lib\lean\Mathlib\Order\Bounds\Defs.olean
F:\LaTeX\BVE research\lean-proof\.lake\packages\mathlib\.lake\build\lib\lean\Mathlib\Order\Bounds\Image.olean
F:\LaTeX\BVE research\lean-proof\.lake\packages\mathlib\.lake\build\lib\lean\Mathlib\Order\Bounds\OrderIso.olean
F:\LaTeX\BVE research\lean-proof\.lake\packages\mathlib\.lake\build\lib\lean\Mathlib\Order\CompactlyGenerated\Basic.olean
F:\LaTeX\BVE research\lean-proof\.lake\packages\mathlib\.lake\build\lib\lean\Mathlib\Order\CompactlyGenerated\Intervals.olean
F:\LaTeX\BVE research\lean-proof\.lake\packages\mathlib\.lake\build\lib\lean\Mathlib\Order\CompleteLattice\Basic.olean
F:\LaTeX\BVE research\lean-proof\.lake\packages\mathlib\.lake\build\lib\lean\Mathlib\Order\CompleteLattice\Chain.olean
F:\LaTeX\BVE research\lean-proof\.lake\packages\mathlib\.lake\build\lib\lean\Mathlib\Order\CompleteLattice\Defs.olean
F:\LaTeX\BVE research\lean-proof\.lake\packages\mathlib\.lake\build\lib\lean\Mathlib\Order\CompleteLattice\Finset.olean
F:\LaTeX\BVE research\lean-proof\.lake\packages\mathlib\.lake\build\lib\lean\Mathlib\Order\CompleteLattice\Lemmas.olean
F:\LaTeX\BVE research\lean-proof\.lake\packages\mathlib\.lake\build\lib\lean\Mathlib\Order\ConditionallyCompleteLattice\Basic.olean
F:\LaTeX\BVE research\lean-proof\.lake\packages\mathlib\.lake\build\lib\lean\Mathlib\Order\ConditionallyCompleteLattice\Defs.olean
F:\LaTeX\BVE research\lean-proof\.lake\packages\mathlib\.lake\build\lib\lean\Mathlib\Order\ConditionallyCompleteLattice\Finset.olean
F:\LaTeX\BVE research\lean-proof\.lake\packages\mathlib\.lake\build\lib\lean\Mathlib\Order\ConditionallyCompleteLattice\Group.olean
F:\LaTeX\BVE research\lean-proof\.lake\packages\mathlib\.lake\build\lib\lean\Mathlib\Order\ConditionallyCompleteLattice\Indexed.olean
F:\LaTeX\BVE research\lean-proof\.lake\packages\mathlib\.lake\build\lib\lean\Mathlib\Order\ConditionallyCompletePartialOrder\Basic.olean
F:\LaTeX\BVE research\lean-proof\.lake\packages\mathlib\.lake\build\lib\lean\Mathlib\Order\ConditionallyCompletePartialOrder\Defs.olean
F:\LaTeX\BVE research\lean-proof\.lake\packages\mathlib\.lake\build\lib\lean\Mathlib\Order\ConditionallyCompletePartialOrder\Indexed.olean
F:\LaTeX\BVE research\lean-proof\.lake\packages\mathlib\.lake\build\lib\lean\Mathlib\Order\Defs\LinearOrder.olean
F:\LaTeX\BVE research\lean-proof\.lake\packages\mathlib\.lake\build\lib\lean\Mathlib\Order\Defs\PartialOrder.olean
F:\LaTeX\BVE research\lean-proof\.lake\packages\mathlib\.lake\build\lib\lean\Mathlib\Order\Defs\Unbundled.olean
F:\LaTeX\BVE research\lean-proof\.lake\packages\mathlib\.lake\build\lib\lean\Mathlib\Order\Filter\Basic.olean
F:\LaTeX\BVE research\lean-proof\.lake\packages\mathlib\.lake\build\lib\lean\Mathlib\Order\Filter\Cofinite.olean
F:\LaTeX\BVE research\lean-proof\.lake\packages\mathlib\.lake\build\lib\lean\Mathlib\Order\Filter\CountableInter.olean
F:\LaTeX\BVE research\lean-proof\.lake\packages\mathlib\.lake\build\lib\lean\Mathlib\Order\Filter\CountablyGenerated.olean
F:\LaTeX\BVE research\lean-proof\.lake\packages\mathlib\.lake\build\lib\lean\Mathlib\Order\Filter\Curry.olean
F:\LaTeX\BVE research\lean-proof\.lake\packages\mathlib\.lake\build\lib\lean\Mathlib\Order\Filter\Defs.olean
F:\LaTeX\BVE research\lean-proof\.lake\packages\mathlib\.lake\build\lib\lean\Mathlib\Order\Filter\Extr.olean
F:\LaTeX\BVE research\lean-proof\.lake\packages\mathlib\.lake\build\lib\lean\Mathlib\Order\Filter\Finite.olean
F:\LaTeX\BVE research\lean-proof\.lake\packages\mathlib\.lake\build\lib\lean\Mathlib\Order\Filter\Interval.olean
F:\LaTeX\BVE research\lean-proof\.lake\packages\mathlib\.lake\build\lib\lean\Mathlib\Order\Filter\IsBounded.olean
F:\LaTeX\BVE research\lean-proof\.lake\packages\mathlib\.lake\build\lib\lean\Mathlib\Order\Filter\Ker.olean
F:\LaTeX\BVE research\lean-proof\.lake\packages\mathlib\.lake\build\lib\lean\Mathlib\Order\Filter\Lift.olean
F:\LaTeX\BVE research\lean-proof\.lake\packages\mathlib\.lake\build\lib\lean\Mathlib\Order\Filter\Map.olean
F:\LaTeX\BVE research\lean-proof\.lake\packages\mathlib\.lake\build\lib\lean\Mathlib\Order\Filter\NAry.olean
F:\LaTeX\BVE research\lean-proof\.lake\packages\mathlib\.lake\build\lib\lean\Mathlib\Order\Filter\Pi.olean
F:\LaTeX\BVE research\lean-proof\.lake\packages\mathlib\.lake\build\lib\lean\Mathlib\Order\Filter\Pointwise.olean
F:\LaTeX\BVE research\lean-proof\.lake\packages\mathlib\.lake\build\lib\lean\Mathlib\Order\Filter\Prod.olean
F:\LaTeX\BVE research\lean-proof\.lake\packages\mathlib\.lake\build\lib\lean\Mathlib\Order\Filter\SmallSets.olean
F:\LaTeX\BVE research\lean-proof\.lake\packages\mathlib\.lake\build\lib\lean\Mathlib\Order\Filter\Tendsto.olean
F:\LaTeX\BVE research\lean-proof\.lake\packages\mathlib\.lake\build\lib\lean\Mathlib\Order\Fin\Basic.olean
F:\LaTeX\BVE research\lean-proof\.lake\packages\mathlib\.lake\build\lib\lean\Mathlib\Order\Fin\Tuple.olean
F:\LaTeX\BVE research\lean-proof\.lake\packages\mathlib\.lake\build\lib\lean\Mathlib\Order\GaloisConnection\Basic.olean
F:\LaTeX\BVE research\lean-proof\.lake\packages\mathlib\.lake\build\lib\lean\Mathlib\Order\GaloisConnection\Defs.olean
F:\LaTeX\BVE research\lean-proof\.lake\packages\mathlib\.lake\build\lib\lean\Mathlib\Order\Heyting\Basic.olean
F:\LaTeX\BVE research\lean-proof\.lake\packages\mathlib\.lake\build\lib\lean\Mathlib\Order\Heyting\Boundary.olean
F:\LaTeX\BVE research\lean-proof\.lake\packages\mathlib\.lake\build\lib\lean\Mathlib\Order\Hom\Basic.olean
F:\LaTeX\BVE research\lean-proof\.lake\packages\mathlib\.lake\build\lib\lean\Mathlib\Order\Hom\Bounded.olean
F:\LaTeX\BVE research\lean-proof\.lake\packages\mathlib\.lake\build\lib\lean\Mathlib\Order\Hom\BoundedLattice.olean
F:\LaTeX\BVE research\lean-proof\.lake\packages\mathlib\.lake\build\lib\lean\Mathlib\Order\Hom\CompleteLattice.olean
F:\LaTeX\BVE research\lean-proof\.lake\packages\mathlib\.lake\build\lib\lean\Mathlib\Order\Hom\Lattice.olean
F:\LaTeX\BVE research\lean-proof\.lake\packages\mathlib\.lake\build\lib\lean\Mathlib\Order\Hom\Lex.olean
F:\LaTeX\BVE research\lean-proof\.lake\packages\mathlib\.lake\build\lib\lean\Mathlib\Order\Hom\Order.olean
F:\LaTeX\BVE research\lean-proof\.lake\packages\mathlib\.lake\build\lib\lean\Mathlib\Order\Hom\Set.olean
F:\LaTeX\BVE research\lean-proof\.lake\packages\mathlib\.lake\build\lib\lean\Mathlib\Order\Hom\WithTopBot.olean
F:\LaTeX\BVE research\lean-proof\.lake\packages\mathlib\.lake\build\lib\lean\Mathlib\Order\Interval\Multiset.olean
F:\LaTeX\BVE research\lean-proof\.lake\packages\mathlib\.lake\build\lib\lean\Mathlib\Order\Lattice\Nat.olean
F:\LaTeX\BVE research\lean-proof\.lake\packages\mathlib\.lake\build\lib\lean\Mathlib\Order\Monotone\Basic.olean
F:\LaTeX\BVE research\lean-proof\.lake\packages\mathlib\.lake\build\lib\lean\Mathlib\Order\Monotone\Defs.olean
F:\LaTeX\BVE research\lean-proof\.lake\packages\mathlib\.lake\build\lib\lean\Mathlib\Order\Preorder\Chain.olean
F:\LaTeX\BVE research\lean-proof\.lake\packages\mathlib\.lake\build\lib\lean\Mathlib\Order\Preorder\Finite.olean
F:\LaTeX\BVE research\lean-proof\.lake\packages\mathlib\.lake\build\lib\lean\Mathlib\Order\Preorder\Finsupp.olean
F:\LaTeX\BVE research\lean-proof\.lake\packages\mathlib\.lake\build\lib\lean\Mathlib\Order\RelIso\Basic.olean
F:\LaTeX\BVE research\lean-proof\.lake\packages\mathlib\.lake\build\lib\lean\Mathlib\Order\RelIso\Set.olean
F:\LaTeX\BVE research\lean-proof\.lake\packages\mathlib\.lake\build\lib\lean\Mathlib\Order\SuccPred\Archimedean.olean
F:\LaTeX\BVE research\lean-proof\.lake\packages\mathlib\.lake\build\lib\lean\Mathlib\Order\SuccPred\Basic.olean
F:\LaTeX\BVE research\lean-proof\.lake\packages\mathlib\.lake\build\lib\lean\Mathlib\Order\SuccPred\CompleteLinearOrder.olean
F:\LaTeX\BVE research\lean-proof\.lake\packages\mathlib\.lake\build\lib\lean\Mathlib\Order\SuccPred\InitialSeg.olean
F:\LaTeX\BVE research\lean-proof\.lake\packages\mathlib\.lake\build\lib\lean\Mathlib\Order\SuccPred\Limit.olean
F:\LaTeX\BVE research\lean-proof\.lake\packages\mathlib\.lake\build\lib\lean\Mathlib\Order\SuccPred\LinearLocallyFinite.olean
F:\LaTeX\BVE research\lean-proof\.lake\packages\mathlib\.lake\build\lib\lean\Mathlib\Order\SuccPred\Relation.olean
F:\LaTeX\BVE research\lean-proof\.lake\packages\mathlib\.lake\build\lib\lean\Mathlib\Order\SuccPred\WithBot.olean
F:\LaTeX\BVE research\lean-proof\.lake\packages\mathlib\.lake\build\lib\lean\Mathlib\Order\UpperLower\Basic.olean
F:\LaTeX\BVE research\lean-proof\.lake\packages\mathlib\.lake\build\lib\lean\Mathlib\Order\UpperLower\Closure.olean
F:\LaTeX\BVE research\lean-proof\.lake\packages\mathlib\.lake\build\lib\lean\Mathlib\Order\UpperLower\CompleteLattice.olean
F:\LaTeX\BVE research\lean-proof\.lake\packages\mathlib\.lake\build\lib\lean\Mathlib\Order\UpperLower\Fibration.olean
F:\LaTeX\BVE research\lean-proof\.lake\packages\mathlib\.lake\build\lib\lean\Mathlib\Order\UpperLower\Principal.olean
F:\LaTeX\BVE research\lean-proof\.lake\packages\mathlib\.lake\build\lib\lean\Mathlib\RingTheory\Adjoin\Basic.olean
F:\LaTeX\BVE research\lean-proof\.lake\packages\mathlib\.lake\build\lib\lean\Mathlib\RingTheory\Adjoin\FG.olean
F:\LaTeX\BVE research\lean-proof\.lake\packages\mathlib\.lake\build\lib\lean\Mathlib\RingTheory\Adjoin\Tower.olean
F:\LaTeX\BVE research\lean-proof\.lake\packages\mathlib\.lake\build\lib\lean\Mathlib\RingTheory\Congruence\Basic.olean
F:\LaTeX\BVE research\lean-proof\.lake\packages\mathlib\.lake\build\lib\lean\Mathlib\RingTheory\Congruence\Defs.olean
F:\LaTeX\BVE research\lean-proof\.lake\packages\mathlib\.lake\build\lib\lean\Mathlib\RingTheory\Congruence\Opposite.olean
F:\LaTeX\BVE research\lean-proof\.lake\packages\mathlib\.lake\build\lib\lean\Mathlib\RingTheory\Coprime\Basic.olean
F:\LaTeX\BVE research\lean-proof\.lake\packages\mathlib\.lake\build\lib\lean\Mathlib\RingTheory\Coprime\Lemmas.olean
F:\LaTeX\BVE research\lean-proof\.lake\packages\mathlib\.lake\build\lib\lean\Mathlib\RingTheory\Finiteness\Basic.olean
F:\LaTeX\BVE research\lean-proof\.lake\packages\mathlib\.lake\build\lib\lean\Mathlib\RingTheory\Finiteness\Cardinality.olean
F:\LaTeX\BVE research\lean-proof\.lake\packages\mathlib\.lake\build\lib\lean\Mathlib\RingTheory\Finiteness\Defs.olean
F:\LaTeX\BVE research\lean-proof\.lake\packages\mathlib\.lake\build\lib\lean\Mathlib\RingTheory\Finiteness\Finsupp.olean
F:\LaTeX\BVE research\lean-proof\.lake\packages\mathlib\.lake\build\lib\lean\Mathlib\RingTheory\Finiteness\Lattice.olean
F:\LaTeX\BVE research\lean-proof\.lake\packages\mathlib\.lake\build\lib\lean\Mathlib\RingTheory\Finiteness\Projective.olean
F:\LaTeX\BVE research\lean-proof\.lake\packages\mathlib\.lake\build\lib\lean\Mathlib\RingTheory\Ideal\Basic.olean
F:\LaTeX\BVE research\lean-proof\.lake\packages\mathlib\.lake\build\lib\lean\Mathlib\RingTheory\Ideal\Colon.olean
F:\LaTeX\BVE research\lean-proof\.lake\packages\mathlib\.lake\build\lib\lean\Mathlib\RingTheory\Ideal\Defs.olean
F:\LaTeX\BVE research\lean-proof\.lake\packages\mathlib\.lake\build\lib\lean\Mathlib\RingTheory\Ideal\Lattice.olean
F:\LaTeX\BVE research\lean-proof\.lake\packages\mathlib\.lake\build\lib\lean\Mathlib\RingTheory\Ideal\Maps.olean
F:\LaTeX\BVE research\lean-proof\.lake\packages\mathlib\.lake\build\lib\lean\Mathlib\RingTheory\Ideal\Maximal.olean
F:\LaTeX\BVE research\lean-proof\.lake\packages\mathlib\.lake\build\lib\lean\Mathlib\RingTheory\Ideal\Nonunits.olean
F:\LaTeX\BVE research\lean-proof\.lake\packages\mathlib\.lake\build\lib\lean\Mathlib\RingTheory\Ideal\Operations.olean
F:\LaTeX\BVE research\lean-proof\.lake\packages\mathlib\.lake\build\lib\lean\Mathlib\RingTheory\Ideal\Prime.olean
F:\LaTeX\BVE research\lean-proof\.lake\packages\mathlib\.lake\build\lib\lean\Mathlib\RingTheory\Ideal\Prod.olean
F:\LaTeX\BVE research\lean-proof\.lake\packages\mathlib\.lake\build\lib\lean\Mathlib\RingTheory\Ideal\Span.olean
F:\LaTeX\BVE research\lean-proof\.lake\packages\mathlib\.lake\build\lib\lean\Mathlib\RingTheory\LocalRing\Basic.olean
F:\LaTeX\BVE research\lean-proof\.lake\packages\mathlib\.lake\build\lib\lean\Mathlib\RingTheory\LocalRing\Defs.olean
F:\LaTeX\BVE research\lean-proof\.lake\packages\mathlib\.lake\build\lib\lean\Mathlib\RingTheory\Localization\Basic.olean
F:\LaTeX\BVE research\lean-proof\.lake\packages\mathlib\.lake\build\lib\lean\Mathlib\RingTheory\Localization\Defs.olean
F:\LaTeX\BVE research\lean-proof\.lake\packages\mathlib\.lake\build\lib\lean\Mathlib\RingTheory\Localization\FractionRing.olean
F:\LaTeX\BVE research\lean-proof\.lake\packages\mathlib\.lake\build\lib\lean\Mathlib\RingTheory\Localization\Integer.olean
F:\LaTeX\BVE research\lean-proof\.lake\packages\mathlib\.lake\build\lib\lean\Mathlib\RingTheory\Noetherian\Basic.olean
F:\LaTeX\BVE research\lean-proof\.lake\packages\mathlib\.lake\build\lib\lean\Mathlib\RingTheory\Noetherian\Defs.olean
F:\LaTeX\BVE research\lean-proof\.lake\packages\mathlib\.lake\build\lib\lean\Mathlib\RingTheory\Noetherian\Orzech.olean
F:\LaTeX\BVE research\lean-proof\.lake\packages\mathlib\.lake\build\lib\lean\Mathlib\RingTheory\Noetherian\UniqueFactorizationDomain.olean
F:\LaTeX\BVE research\lean-proof\.lake\packages\mathlib\.lake\build\lib\lean\Mathlib\RingTheory\NonUnitalSubring\Basic.olean
F:\LaTeX\BVE research\lean-proof\.lake\packages\mathlib\.lake\build\lib\lean\Mathlib\RingTheory\NonUnitalSubring\Defs.olean
F:\LaTeX\BVE research\lean-proof\.lake\packages\mathlib\.lake\build\lib\lean\Mathlib\RingTheory\NonUnitalSubsemiring\Basic.olean
F:\LaTeX\BVE research\lean-proof\.lake\packages\mathlib\.lake\build\lib\lean\Mathlib\RingTheory\NonUnitalSubsemiring\Defs.olean
F:\LaTeX\BVE research\lean-proof\.lake\packages\mathlib\.lake\build\lib\lean\Mathlib\RingTheory\OreLocalization\Basic.olean
F:\LaTeX\BVE research\lean-proof\.lake\packages\mathlib\.lake\build\lib\lean\Mathlib\RingTheory\OreLocalization\NonZeroDivisors.olean
F:\LaTeX\BVE research\lean-proof\.lake\packages\mathlib\.lake\build\lib\lean\Mathlib\RingTheory\OreLocalization\Ring.olean
F:\LaTeX\BVE research\lean-proof\.lake\packages\mathlib\.lake\build\lib\lean\Mathlib\RingTheory\Polynomial\Basic.olean
F:\LaTeX\BVE research\lean-proof\.lake\packages\mathlib\.lake\build\lib\lean\Mathlib\RingTheory\Polynomial\Pochhammer.olean
F:\LaTeX\BVE research\lean-proof\.lake\packages\mathlib\.lake\build\lib\lean\Mathlib\RingTheory\RootsOfUnity\Basic.olean
F:\LaTeX\BVE research\lean-proof\.lake\packages\mathlib\.lake\build\lib\lean\Mathlib\RingTheory\SimpleModule\Basic.olean
F:\LaTeX\BVE research\lean-proof\.lake\packages\mathlib\.lake\build\lib\lean\Mathlib\RingTheory\SimpleRing\Basic.olean
F:\LaTeX\BVE research\lean-proof\.lake\packages\mathlib\.lake\build\lib\lean\Mathlib\RingTheory\SimpleRing\Defs.olean
F:\LaTeX\BVE research\lean-proof\.lake\packages\mathlib\.lake\build\lib\lean\Mathlib\RingTheory\TensorProduct\Basic.olean
F:\LaTeX\BVE research\lean-proof\.lake\packages\mathlib\.lake\build\lib\lean\Mathlib\RingTheory\TensorProduct\Maps.olean
F:\LaTeX\BVE research\lean-proof\.lake\packages\mathlib\.lake\build\lib\lean\Mathlib\RingTheory\TwoSidedIdeal\Basic.olean
F:\LaTeX\BVE research\lean-proof\.lake\packages\mathlib\.lake\build\lib\lean\Mathlib\RingTheory\TwoSidedIdeal\Kernel.olean
F:\LaTeX\BVE research\lean-proof\.lake\packages\mathlib\.lake\build\lib\lean\Mathlib\RingTheory\TwoSidedIdeal\Lattice.olean
F:\LaTeX\BVE research\lean-proof\.lake\packages\mathlib\.lake\build\lib\lean\Mathlib\RingTheory\UniqueFactorizationDomain\Defs.olean
F:\LaTeX\BVE research\lean-proof\.lake\packages\mathlib\.lake\build\lib\lean\Mathlib\RingTheory\UniqueFactorizationDomain\Ideal.olean
F:\LaTeX\BVE research\lean-proof\.lake\packages\mathlib\.lake\build\lib\lean\Mathlib\SetTheory\Cardinal\Aleph.olean
F:\LaTeX\BVE research\lean-proof\.lake\packages\mathlib\.lake\build\lib\lean\Mathlib\SetTheory\Cardinal\Arithmetic.olean
F:\LaTeX\BVE research\lean-proof\.lake\packages\mathlib\.lake\build\lib\lean\Mathlib\SetTheory\Cardinal\Basic.olean
F:\LaTeX\BVE research\lean-proof\.lake\packages\mathlib\.lake\build\lib\lean\Mathlib\SetTheory\Cardinal\Defs.olean
F:\LaTeX\BVE research\lean-proof\.lake\packages\mathlib\.lake\build\lib\lean\Mathlib\SetTheory\Cardinal\ENat.olean
F:\LaTeX\BVE research\lean-proof\.lake\packages\mathlib\.lake\build\lib\lean\Mathlib\SetTheory\Cardinal\Finite.olean
F:\LaTeX\BVE research\lean-proof\.lake\packages\mathlib\.lake\build\lib\lean\Mathlib\SetTheory\Cardinal\Finsupp.olean
F:\LaTeX\BVE research\lean-proof\.lake\packages\mathlib\.lake\build\lib\lean\Mathlib\SetTheory\Cardinal\NatCard.olean
F:\LaTeX\BVE research\lean-proof\.lake\packages\mathlib\.lake\build\lib\lean\Mathlib\SetTheory\Cardinal\Order.olean
F:\LaTeX\BVE research\lean-proof\.lake\packages\mathlib\.lake\build\lib\lean\Mathlib\SetTheory\Cardinal\Ordinal.olean
F:\LaTeX\BVE research\lean-proof\.lake\packages\mathlib\.lake\build\lib\lean\Mathlib\SetTheory\Cardinal\Pigeonhole.olean
F:\LaTeX\BVE research\lean-proof\.lake\packages\mathlib\.lake\build\lib\lean\Mathlib\SetTheory\Cardinal\Regular.olean
F:\LaTeX\BVE research\lean-proof\.lake\packages\mathlib\.lake\build\lib\lean\Mathlib\SetTheory\Cardinal\SchroederBernstein.olean
F:\LaTeX\BVE research\lean-proof\.lake\packages\mathlib\.lake\build\lib\lean\Mathlib\SetTheory\Cardinal\Subfield.olean
F:\LaTeX\BVE research\lean-proof\.lake\packages\mathlib\.lake\build\lib\lean\Mathlib\SetTheory\Cardinal\ToNat.olean
F:\LaTeX\BVE research\lean-proof\.lake\packages\mathlib\.lake\build\lib\lean\Mathlib\SetTheory\Ordinal\Arithmetic.olean
F:\LaTeX\BVE research\lean-proof\.lake\packages\mathlib\.lake\build\lib\lean\Mathlib\SetTheory\Ordinal\Basic.olean
F:\LaTeX\BVE research\lean-proof\.lake\packages\mathlib\.lake\build\lib\lean\Mathlib\SetTheory\Ordinal\Enum.olean
F:\LaTeX\BVE research\lean-proof\.lake\packages\mathlib\.lake\build\lib\lean\Mathlib\SetTheory\Ordinal\Exponential.olean
F:\LaTeX\BVE research\lean-proof\.lake\packages\mathlib\.lake\build\lib\lean\Mathlib\SetTheory\Ordinal\Family.olean
F:\LaTeX\BVE research\lean-proof\.lake\packages\mathlib\.lake\build\lib\lean\Mathlib\SetTheory\Ordinal\FixedPoint.olean
F:\LaTeX\BVE research\lean-proof\.lake\packages\mathlib\.lake\build\lib\lean\Mathlib\SetTheory\Ordinal\FundamentalSequence.olean
F:\LaTeX\BVE research\lean-proof\.lake\packages\mathlib\.lake\build\lib\lean\Mathlib\SetTheory\Ordinal\Principal.olean
F:\LaTeX\BVE research\lean-proof\.lake\packages\mathlib\.lake\build\lib\lean\Mathlib\SetTheory\Ordinal\Univ.olean
F:\LaTeX\BVE research\lean-proof\.lake\packages\mathlib\.lake\build\lib\lean\Mathlib\Tactic\Attr\Core.olean
F:\LaTeX\BVE research\lean-proof\.lake\packages\mathlib\.lake\build\lib\lean\Mathlib\Tactic\Attr\Register.olean
F:\LaTeX\BVE research\lean-proof\.lake\packages\mathlib\.lake\build\lib\lean\Mathlib\Tactic\Bound\Attribute.olean
F:\LaTeX\BVE research\lean-proof\.lake\packages\mathlib\.lake\build\lib\lean\Mathlib\Tactic\Bound\Init.olean
F:\LaTeX\BVE research\lean-proof\.lake\packages\mathlib\.lake\build\lib\lean\Mathlib\Tactic\CancelDenoms\Core.olean
F:\LaTeX\BVE research\lean-proof\.lake\packages\mathlib\.lake\build\lib\lean\Mathlib\Tactic\Continuity\Init.olean
F:\LaTeX\BVE research\lean-proof\.lake\packages\mathlib\.lake\build\lib\lean\Mathlib\Tactic\FieldSimp\Attr.olean
F:\LaTeX\BVE research\lean-proof\.lake\packages\mathlib\.lake\build\lib\lean\Mathlib\Tactic\FieldSimp\Discharger.olean
F:\LaTeX\BVE research\lean-proof\.lake\packages\mathlib\.lake\build\lib\lean\Mathlib\Tactic\FieldSimp\Lemmas.olean
F:\LaTeX\BVE research\lean-proof\.lake\packages\mathlib\.lake\build\lib\lean\Mathlib\Tactic\Finiteness\Attr.olean
F:\LaTeX\BVE research\lean-proof\.lake\packages\mathlib\.lake\build\lib\lean\Mathlib\Tactic\FunProp\Attr.olean
F:\LaTeX\BVE research\lean-proof\.lake\packages\mathlib\.lake\build\lib\lean\Mathlib\Tactic\FunProp\Core.olean
F:\LaTeX\BVE research\lean-proof\.lake\packages\mathlib\.lake\build\lib\lean\Mathlib\Tactic\FunProp\Decl.olean
F:\LaTeX\BVE research\lean-proof\.lake\packages\mathlib\.lake\build\lib\lean\Mathlib\Tactic\FunProp\Elab.olean
F:\LaTeX\BVE research\lean-proof\.lake\packages\mathlib\.lake\build\lib\lean\Mathlib\Tactic\FunProp\FunctionData.olean
F:\LaTeX\BVE research\lean-proof\.lake\packages\mathlib\.lake\build\lib\lean\Mathlib\Tactic\FunProp\Mor.olean
F:\LaTeX\BVE research\lean-proof\.lake\packages\mathlib\.lake\build\lib\lean\Mathlib\Tactic\FunProp\Theorems.olean
F:\LaTeX\BVE research\lean-proof\.lake\packages\mathlib\.lake\build\lib\lean\Mathlib\Tactic\FunProp\ToBatteries.olean
F:\LaTeX\BVE research\lean-proof\.lake\packages\mathlib\.lake\build\lib\lean\Mathlib\Tactic\FunProp\Types.olean
F:\LaTeX\BVE research\lean-proof\.lake\packages\mathlib\.lake\build\lib\lean\Mathlib\Tactic\GCongr\Core.olean
F:\LaTeX\BVE research\lean-proof\.lake\packages\mathlib\.lake\build\lib\lean\Mathlib\Tactic\GCongr\CoreAttrs.olean
F:\LaTeX\BVE research\lean-proof\.lake\packages\mathlib\.lake\build\lib\lean\Mathlib\Tactic\GCongr\ForwardAttr.olean
F:\LaTeX\BVE research\lean-proof\.lake\packages\mathlib\.lake\build\lib\lean\Mathlib\Tactic\GRewrite\Core.olean
F:\LaTeX\BVE research\lean-proof\.lake\packages\mathlib\.lake\build\lib\lean\Mathlib\Tactic\GRewrite\Elab.olean
F:\LaTeX\BVE research\lean-proof\.lake\packages\mathlib\.lake\build\lib\lean\Mathlib\Tactic\Linarith\Datatypes.olean
F:\LaTeX\BVE research\lean-proof\.lake\packages\mathlib\.lake\build\lib\lean\Mathlib\Tactic\Linarith\Frontend.olean
F:\LaTeX\BVE research\lean-proof\.lake\packages\mathlib\.lake\build\lib\lean\Mathlib\Tactic\Linarith\Lemmas.olean
F:\LaTeX\BVE research\lean-proof\.lake\packages\mathlib\.lake\build\lib\lean\Mathlib\Tactic\Linarith\Parsing.olean
F:\LaTeX\BVE research\lean-proof\.lake\packages\mathlib\.lake\build\lib\lean\Mathlib\Tactic\Linarith\Preprocessing.olean
F:\LaTeX\BVE research\lean-proof\.lake\packages\mathlib\.lake\build\lib\lean\Mathlib\Tactic\Linarith\Verification.olean
F:\LaTeX\BVE research\lean-proof\.lake\packages\mathlib\.lake\build\lib\lean\Mathlib\Tactic\LinearCombination\Lemmas.olean
F:\LaTeX\BVE research\lean-proof\.lake\packages\mathlib\.lake\build\lib\lean\Mathlib\Tactic\Linter\AuxLemma.olean
F:\LaTeX\BVE research\lean-proof\.lake\packages\mathlib\.lake\build\lib\lean\Mathlib\Tactic\Linter\DeprecatedSyntaxLinter.olean
F:\LaTeX\BVE research\lean-proof\.lake\packages\mathlib\.lake\build\lib\lean\Mathlib\Tactic\Linter\DirectoryDependency.olean
F:\LaTeX\BVE research\lean-proof\.lake\packages\mathlib\.lake\build\lib\lean\Mathlib\Tactic\Linter\DocPrime.olean
F:\LaTeX\BVE research\lean-proof\.lake\packages\mathlib\.lake\build\lib\lean\Mathlib\Tactic\Linter\DocString.olean
F:\LaTeX\BVE research\lean-proof\.lake\packages\mathlib\.lake\build\lib\lean\Mathlib\Tactic\Linter\EmptyLine.olean
F:\LaTeX\BVE research\lean-proof\.lake\packages\mathlib\.lake\build\lib\lean\Mathlib\Tactic\Linter\FlexibleLinter.olean
F:\LaTeX\BVE research\lean-proof\.lake\packages\mathlib\.lake\build\lib\lean\Mathlib\Tactic\Linter\GlobalAttributeIn.olean
F:\LaTeX\BVE research\lean-proof\.lake\packages\mathlib\.lake\build\lib\lean\Mathlib\Tactic\Linter\HashCommandLinter.olean
F:\LaTeX\BVE research\lean-proof\.lake\packages\mathlib\.lake\build\lib\lean\Mathlib\Tactic\Linter\HaveLetLinter.olean
F:\LaTeX\BVE research\lean-proof\.lake\packages\mathlib\.lake\build\lib\lean\Mathlib\Tactic\Linter\Header.olean
F:\LaTeX\BVE research\lean-proof\.lake\packages\mathlib\.lake\build\lib\lean\Mathlib\Tactic\Linter\Lint.olean
F:\LaTeX\BVE research\lean-proof\.lake\packages\mathlib\.lake\build\lib\lean\Mathlib\Tactic\Linter\MinImports.olean
F:\LaTeX\BVE research\lean-proof\.lake\packages\mathlib\.lake\build\lib\lean\Mathlib\Tactic\Linter\Multigoal.olean
F:\LaTeX\BVE research\lean-proof\.lake\packages\mathlib\.lake\build\lib\lean\Mathlib\Tactic\Linter\OldObtain.olean
F:\LaTeX\BVE research\lean-proof\.lake\packages\mathlib\.lake\build\lib\lean\Mathlib\Tactic\Linter\OverlappingInstances.olean
F:\LaTeX\BVE research\lean-proof\.lake\packages\mathlib\.lake\build\lib\lean\Mathlib\Tactic\Linter\PPRoundtrip.olean
F:\LaTeX\BVE research\lean-proof\.lake\packages\mathlib\.lake\build\lib\lean\Mathlib\Tactic\Linter\PrivateModule.olean
F:\LaTeX\BVE research\lean-proof\.lake\packages\mathlib\.lake\build\lib\lean\Mathlib\Tactic\Linter\Style.olean
F:\LaTeX\BVE research\lean-proof\.lake\packages\mathlib\.lake\build\lib\lean\Mathlib\Tactic\Linter\TacticDocumentation.olean
F:\LaTeX\BVE research\lean-proof\.lake\packages\mathlib\.lake\build\lib\lean\Mathlib\Tactic\Linter\UnusedInstancesInType.olean
F:\LaTeX\BVE research\lean-proof\.lake\packages\mathlib\.lake\build\lib\lean\Mathlib\Tactic\Linter\UnusedTactic.olean
F:\LaTeX\BVE research\lean-proof\.lake\packages\mathlib\.lake\build\lib\lean\Mathlib\Tactic\Linter\UnusedTacticExtension.olean
F:\LaTeX\BVE research\lean-proof\.lake\packages\mathlib\.lake\build\lib\lean\Mathlib\Tactic\Linter\UpstreamableDecl.olean
F:\LaTeX\BVE research\lean-proof\.lake\packages\mathlib\.lake\build\lib\lean\Mathlib\Tactic\Linter\Whitespace.olean
F:\LaTeX\BVE research\lean-proof\.lake\packages\mathlib\.lake\build\lib\lean\Mathlib\Tactic\Monotonicity\Attr.olean
F:\LaTeX\BVE research\lean-proof\.lake\packages\mathlib\.lake\build\lib\lean\Mathlib\Tactic\Nontriviality\Core.olean
F:\LaTeX\BVE research\lean-proof\.lake\packages\mathlib\.lake\build\lib\lean\Mathlib\Tactic\NormNum\Abs.olean
F:\LaTeX\BVE research\lean-proof\.lake\packages\mathlib\.lake\build\lib\lean\Mathlib\Tactic\NormNum\Basic.olean
F:\LaTeX\BVE research\lean-proof\.lake\packages\mathlib\.lake\build\lib\lean\Mathlib\Tactic\NormNum\BigOperators.olean
F:\LaTeX\BVE research\lean-proof\.lake\packages\mathlib\.lake\build\lib\lean\Mathlib\Tactic\NormNum\Core.olean
F:\LaTeX\BVE research\lean-proof\.lake\packages\mathlib\.lake\build\lib\lean\Mathlib\Tactic\NormNum\DivMod.olean
F:\LaTeX\BVE research\lean-proof\.lake\packages\mathlib\.lake\build\lib\lean\Mathlib\Tactic\NormNum\Eq.olean
F:\LaTeX\BVE research\lean-proof\.lake\packages\mathlib\.lake\build\lib\lean\Mathlib\Tactic\NormNum\GCD.olean
F:\LaTeX\BVE research\lean-proof\.lake\packages\mathlib\.lake\build\lib\lean\Mathlib\Tactic\NormNum\Ineq.olean
F:\LaTeX\BVE research\lean-proof\.lake\packages\mathlib\.lake\build\lib\lean\Mathlib\Tactic\NormNum\Inv.olean
F:\LaTeX\BVE research\lean-proof\.lake\packages\mathlib\.lake\build\lib\lean\Mathlib\Tactic\NormNum\NatFactorial.olean
F:\LaTeX\BVE research\lean-proof\.lake\packages\mathlib\.lake\build\lib\lean\Mathlib\Tactic\NormNum\OfScientific.olean
F:\LaTeX\BVE research\lean-proof\.lake\packages\mathlib\.lake\build\lib\lean\Mathlib\Tactic\NormNum\Pow.olean
F:\LaTeX\BVE research\lean-proof\.lake\packages\mathlib\.lake\build\lib\lean\Mathlib\Tactic\NormNum\Result.olean
F:\LaTeX\BVE research\lean-proof\.lake\packages\mathlib\.lake\build\lib\lean\Mathlib\Tactic\Order\CollectFacts.olean
F:\LaTeX\BVE research\lean-proof\.lake\packages\mathlib\.lake\build\lib\lean\Mathlib\Tactic\Order\Preprocessing.olean
F:\LaTeX\BVE research\lean-proof\.lake\packages\mathlib\.lake\build\lib\lean\Mathlib\Tactic\Order\ToInt.olean
F:\LaTeX\BVE research\lean-proof\.lake\packages\mathlib\.lake\build\lib\lean\Mathlib\Tactic\Positivity\Basic.olean
F:\LaTeX\BVE research\lean-proof\.lake\packages\mathlib\.lake\build\lib\lean\Mathlib\Tactic\Positivity\Core.olean
F:\LaTeX\BVE research\lean-proof\.lake\packages\mathlib\.lake\build\lib\lean\Mathlib\Tactic\Positivity\Finset.olean
F:\LaTeX\BVE research\lean-proof\.lake\packages\mathlib\.lake\build\lib\lean\Mathlib\Tactic\Push\Attr.olean
F:\LaTeX\BVE research\lean-proof\.lake\packages\mathlib\.lake\build\lib\lean\Mathlib\Tactic\Relation\Rfl.olean
F:\LaTeX\BVE research\lean-proof\.lake\packages\mathlib\.lake\build\lib\lean\Mathlib\Tactic\Ring\Basic.olean
F:\LaTeX\BVE research\lean-proof\.lake\packages\mathlib\.lake\build\lib\lean\Mathlib\Tactic\Ring\Common.olean
F:\LaTeX\BVE research\lean-proof\.lake\packages\mathlib\.lake\build\lib\lean\Mathlib\Tactic\Ring\Compare.olean
F:\LaTeX\BVE research\lean-proof\.lake\packages\mathlib\.lake\build\lib\lean\Mathlib\Tactic\Ring\PNat.olean
F:\LaTeX\BVE research\lean-proof\.lake\packages\mathlib\.lake\build\lib\lean\Mathlib\Tactic\Ring\RingNF.olean
F:\LaTeX\BVE research\lean-proof\.lake\packages\mathlib\.lake\build\lib\lean\Mathlib\Tactic\Simproc\ExistsAndEq.olean
F:\LaTeX\BVE research\lean-proof\.lake\packages\mathlib\.lake\build\lib\lean\Mathlib\Tactic\Simps\Basic.olean
F:\LaTeX\BVE research\lean-proof\.lake\packages\mathlib\.lake\build\lib\lean\Mathlib\Tactic\Simps\NotationClass.olean
F:\LaTeX\BVE research\lean-proof\.lake\packages\mathlib\.lake\build\lib\lean\Mathlib\Tactic\TacticAnalysis\Declarations.olean
F:\LaTeX\BVE research\lean-proof\.lake\packages\mathlib\.lake\build\lib\lean\Mathlib\Tactic\Translate\Attributes.olean
F:\LaTeX\BVE research\lean-proof\.lake\packages\mathlib\.lake\build\lib\lean\Mathlib\Tactic\Translate\Core.olean
F:\LaTeX\BVE research\lean-proof\.lake\packages\mathlib\.lake\build\lib\lean\Mathlib\Tactic\Translate\GuessName.olean
F:\LaTeX\BVE research\lean-proof\.lake\packages\mathlib\.lake\build\lib\lean\Mathlib\Tactic\Translate\Reorder.olean
F:\LaTeX\BVE research\lean-proof\.lake\packages\mathlib\.lake\build\lib\lean\Mathlib\Tactic\Translate\TagUnfoldBoundary.olean
F:\LaTeX\BVE research\lean-proof\.lake\packages\mathlib\.lake\build\lib\lean\Mathlib\Tactic\Translate\ToAdditive.olean
F:\LaTeX\BVE research\lean-proof\.lake\packages\mathlib\.lake\build\lib\lean\Mathlib\Tactic\Translate\ToDual.olean
F:\LaTeX\BVE research\lean-proof\.lake\packages\mathlib\.lake\build\lib\lean\Mathlib\Tactic\Translate\UnfoldBoundary.olean
F:\LaTeX\BVE research\lean-proof\.lake\packages\mathlib\.lake\build\lib\lean\Mathlib\Tactic\Widget\Calc.olean
F:\LaTeX\BVE research\lean-proof\.lake\packages\mathlib\.lake\build\lib\lean\Mathlib\Tactic\Widget\CongrM.olean
F:\LaTeX\BVE research\lean-proof\.lake\packages\mathlib\.lake\build\lib\lean\Mathlib\Tactic\Widget\Conv.olean
F:\LaTeX\BVE research\lean-proof\.lake\packages\mathlib\.lake\build\lib\lean\Mathlib\Tactic\Widget\LibraryRewrite.olean
F:\LaTeX\BVE research\lean-proof\.lake\packages\mathlib\.lake\build\lib\lean\Mathlib\Tactic\Widget\SelectInsertParamsClass.olean
F:\LaTeX\BVE research\lean-proof\.lake\packages\mathlib\.lake\build\lib\lean\Mathlib\Tactic\Widget\SelectPanelUtils.olean
F:\LaTeX\BVE research\lean-proof\.lake\packages\mathlib\.lake\build\lib\lean\Mathlib\Topology\Algebra\Affine.olean
F:\LaTeX\BVE research\lean-proof\.lake\packages\mathlib\.lake\build\lib\lean\Mathlib\Topology\Algebra\AffineSubspace.olean
F:\LaTeX\BVE research\lean-proof\.lake\packages\mathlib\.lake\build\lib\lean\Mathlib\Topology\Algebra\Algebra.olean
F:\LaTeX\BVE research\lean-proof\.lake\packages\mathlib\.lake\build\lib\lean\Mathlib\Topology\Algebra\ConstMulAction.olean
F:\LaTeX\BVE research\lean-proof\.lake\packages\mathlib\.lake\build\lib\lean\Mathlib\Topology\Algebra\Constructions.olean
F:\LaTeX\BVE research\lean-proof\.lake\packages\mathlib\.lake\build\lib\lean\Mathlib\Topology\Algebra\ContinuousAffineEquiv.olean
F:\LaTeX\BVE research\lean-proof\.lake\packages\mathlib\.lake\build\lib\lean\Mathlib\Topology\Algebra\ContinuousAffineMap.olean
F:\LaTeX\BVE research\lean-proof\.lake\packages\mathlib\.lake\build\lib\lean\Mathlib\Topology\Algebra\ContinuousMonoidHom.olean
F:\LaTeX\BVE research\lean-proof\.lake\packages\mathlib\.lake\build\lib\lean\Mathlib\Topology\Algebra\Equicontinuity.olean
F:\LaTeX\BVE research\lean-proof\.lake\packages\mathlib\.lake\build\lib\lean\Mathlib\Topology\Algebra\Field.olean
F:\LaTeX\BVE research\lean-proof\.lake\packages\mathlib\.lake\build\lib\lean\Mathlib\Topology\Algebra\FilterBasis.olean
F:\LaTeX\BVE research\lean-proof\.lake\packages\mathlib\.lake\build\lib\lean\Mathlib\Topology\Algebra\GroupWithZero.olean
F:\LaTeX\BVE research\lean-proof\.lake\packages\mathlib\.lake\build\lib\lean\Mathlib\Topology\Algebra\Monoid.olean
F:\LaTeX\BVE research\lean-proof\.lake\packages\mathlib\.lake\build\lib\lean\Mathlib\Topology\Algebra\MulAction.olean
F:\LaTeX\BVE research\lean-proof\.lake\packages\mathlib\.lake\build\lib\lean\Mathlib\Topology\Algebra\Star.olean
F:\LaTeX\BVE research\lean-proof\.lake\packages\mathlib\.lake\build\lib\lean\Mathlib\Topology\Algebra\Support.olean
F:\LaTeX\BVE research\lean-proof\.lake\packages\mathlib\.lake\build\lib\lean\Mathlib\Topology\Algebra\UniformConvergence.olean
F:\LaTeX\BVE research\lean-proof\.lake\packages\mathlib\.lake\build\lib\lean\Mathlib\Topology\Algebra\UniformMulAction.olean
F:\LaTeX\BVE research\lean-proof\.lake\packages\mathlib\.lake\build\lib\lean\Mathlib\Topology\Baire\CompleteMetrizable.olean
F:\LaTeX\BVE research\lean-proof\.lake\packages\mathlib\.lake\build\lib\lean\Mathlib\Topology\Baire\Lemmas.olean
F:\LaTeX\BVE research\lean-proof\.lake\packages\mathlib\.lake\build\lib\lean\Mathlib\Topology\Bornology\Absorbs.olean
F:\LaTeX\BVE research\lean-proof\.lake\packages\mathlib\.lake\build\lib\lean\Mathlib\Topology\Bornology\Basic.olean
F:\LaTeX\BVE research\lean-proof\.lake\packages\mathlib\.lake\build\lib\lean\Mathlib\Topology\Bornology\Constructions.olean
F:\LaTeX\BVE research\lean-proof\.lake\packages\mathlib\.lake\build\lib\lean\Mathlib\Topology\Bornology\Hom.olean
F:\LaTeX\BVE research\lean-proof\.lake\packages\mathlib\.lake\build\lib\lean\Mathlib\Topology\Bornology\Real.olean
F:\LaTeX\BVE research\lean-proof\.lake\packages\mathlib\.lake\build\lib\lean\Mathlib\Topology\Compactness\Bases.olean
F:\LaTeX\BVE research\lean-proof\.lake\packages\mathlib\.lake\build\lib\lean\Mathlib\Topology\Compactness\Compact.olean
F:\LaTeX\BVE research\lean-proof\.lake\packages\mathlib\.lake\build\lib\lean\Mathlib\Topology\Compactness\Lindelof.olean
F:\LaTeX\BVE research\lean-proof\.lake\packages\mathlib\.lake\build\lib\lean\Mathlib\Topology\Compactness\LocallyCompact.olean
F:\LaTeX\BVE research\lean-proof\.lake\packages\mathlib\.lake\build\lib\lean\Mathlib\Topology\Compactness\LocallyFinite.olean
F:\LaTeX\BVE research\lean-proof\.lake\packages\mathlib\.lake\build\lib\lean\Mathlib\Topology\Compactness\NhdsKer.olean
F:\LaTeX\BVE research\lean-proof\.lake\packages\mathlib\.lake\build\lib\lean\Mathlib\Topology\Compactness\SigmaCompact.olean
F:\LaTeX\BVE research\lean-proof\.lake\packages\mathlib\.lake\build\lib\lean\Mathlib\Topology\Connected\Basic.olean
F:\LaTeX\BVE research\lean-proof\.lake\packages\mathlib\.lake\build\lib\lean\Mathlib\Topology\Connected\Clopen.olean
F:\LaTeX\BVE research\lean-proof\.lake\packages\mathlib\.lake\build\lib\lean\Mathlib\Topology\Connected\LocPathConnected.olean
F:\LaTeX\BVE research\lean-proof\.lake\packages\mathlib\.lake\build\lib\lean\Mathlib\Topology\Connected\LocallyConnected.olean
F:\LaTeX\BVE research\lean-proof\.lake\packages\mathlib\.lake\build\lib\lean\Mathlib\Topology\Connected\PathConnected.olean
F:\LaTeX\BVE research\lean-proof\.lake\packages\mathlib\.lake\build\lib\lean\Mathlib\Topology\Connected\TotallyDisconnected.olean
F:\LaTeX\BVE research\lean-proof\.lake\packages\mathlib\.lake\build\lib\lean\Mathlib\Topology\Constructions\SumProd.olean
F:\LaTeX\BVE research\lean-proof\.lake\packages\mathlib\.lake\build\lib\lean\Mathlib\Topology\ContinuousMap\Basic.olean
F:\LaTeX\BVE research\lean-proof\.lake\packages\mathlib\.lake\build\lib\lean\Mathlib\Topology\ContinuousMap\Defs.olean
F:\LaTeX\BVE research\lean-proof\.lake\packages\mathlib\.lake\build\lib\lean\Mathlib\Topology\Defs\Basic.olean
F:\LaTeX\BVE research\lean-proof\.lake\packages\mathlib\.lake\build\lib\lean\Mathlib\Topology\Defs\Filter.olean
F:\LaTeX\BVE research\lean-proof\.lake\packages\mathlib\.lake\build\lib\lean\Mathlib\Topology\Defs\Induced.olean
F:\LaTeX\BVE research\lean-proof\.lake\packages\mathlib\.lake\build\lib\lean\Mathlib\Topology\Defs\Sequences.olean
F:\LaTeX\BVE research\lean-proof\.lake\packages\mathlib\.lake\build\lib\lean\Mathlib\Topology\Defs\Ultrafilter.olean
F:\LaTeX\BVE research\lean-proof\.lake\packages\mathlib\.lake\build\lib\lean\Mathlib\Topology\EMetricSpace\Basic.olean
F:\LaTeX\BVE research\lean-proof\.lake\packages\mathlib\.lake\build\lib\lean\Mathlib\Topology\EMetricSpace\Defs.olean
F:\LaTeX\BVE research\lean-proof\.lake\packages\mathlib\.lake\build\lib\lean\Mathlib\Topology\EMetricSpace\Diam.olean
F:\LaTeX\BVE research\lean-proof\.lake\packages\mathlib\.lake\build\lib\lean\Mathlib\Topology\EMetricSpace\Lipschitz.olean
F:\LaTeX\BVE research\lean-proof\.lake\packages\mathlib\.lake\build\lib\lean\Mathlib\Topology\EMetricSpace\Pi.olean
F:\LaTeX\BVE research\lean-proof\.lake\packages\mathlib\.lake\build\lib\lean\Mathlib\Topology\GDelta\Basic.olean
F:\LaTeX\BVE research\lean-proof\.lake\packages\mathlib\.lake\build\lib\lean\Mathlib\Topology\Hom\ContinuousEval.olean
F:\LaTeX\BVE research\lean-proof\.lake\packages\mathlib\.lake\build\lib\lean\Mathlib\Topology\Hom\ContinuousEvalConst.olean
F:\LaTeX\BVE research\lean-proof\.lake\packages\mathlib\.lake\build\lib\lean\Mathlib\Topology\Homeomorph\Defs.olean
F:\LaTeX\BVE research\lean-proof\.lake\packages\mathlib\.lake\build\lib\lean\Mathlib\Topology\Homeomorph\Lemmas.olean
F:\LaTeX\BVE research\lean-proof\.lake\packages\mathlib\.lake\build\lib\lean\Mathlib\Topology\Homeomorph\Quotient.olean
F:\LaTeX\BVE research\lean-proof\.lake\packages\mathlib\.lake\build\lib\lean\Mathlib\Topology\Instances\Discrete.olean
F:\LaTeX\BVE research\lean-proof\.lake\packages\mathlib\.lake\build\lib\lean\Mathlib\Topology\Instances\Int.olean
F:\LaTeX\BVE research\lean-proof\.lake\packages\mathlib\.lake\build\lib\lean\Mathlib\Topology\Instances\Matrix.olean
F:\LaTeX\BVE research\lean-proof\.lake\packages\mathlib\.lake\build\lib\lean\Mathlib\Topology\Instances\Nat.olean
F:\LaTeX\BVE research\lean-proof\.lake\packages\mathlib\.lake\build\lib\lean\Mathlib\Topology\Instances\Rat.olean
F:\LaTeX\BVE research\lean-proof\.lake\packages\mathlib\.lake\build\lib\lean\Mathlib\Topology\Instances\RealVectorSpace.olean
F:\LaTeX\BVE research\lean-proof\.lake\packages\mathlib\.lake\build\lib\lean\Mathlib\Topology\Instances\Sign.olean
F:\LaTeX\BVE research\lean-proof\.lake\packages\mathlib\.lake\build\lib\lean\Mathlib\Topology\Instances\ZMultiples.olean
F:\LaTeX\BVE research\lean-proof\.lake\packages\mathlib\.lake\build\lib\lean\Mathlib\Topology\Maps\Basic.olean
F:\LaTeX\BVE research\lean-proof\.lake\packages\mathlib\.lake\build\lib\lean\Mathlib\Topology\Maps\OpenQuotient.olean
F:\LaTeX\BVE research\lean-proof\.lake\packages\mathlib\.lake\build\lib\lean\Mathlib\Topology\MetricSpace\Algebra.olean
F:\LaTeX\BVE research\lean-proof\.lake\packages\mathlib\.lake\build\lib\lean\Mathlib\Topology\MetricSpace\Antilipschitz.olean
F:\LaTeX\BVE research\lean-proof\.lake\packages\mathlib\.lake\build\lib\lean\Mathlib\Topology\MetricSpace\Basic.olean
F:\LaTeX\BVE research\lean-proof\.lake\packages\mathlib\.lake\build\lib\lean\Mathlib\Topology\MetricSpace\Bounded.olean
F:\LaTeX\BVE research\lean-proof\.lake\packages\mathlib\.lake\build\lib\lean\Mathlib\Topology\MetricSpace\Cauchy.olean
F:\LaTeX\BVE research\lean-proof\.lake\packages\mathlib\.lake\build\lib\lean\Mathlib\Topology\MetricSpace\Defs.olean
F:\LaTeX\BVE research\lean-proof\.lake\packages\mathlib\.lake\build\lib\lean\Mathlib\Topology\MetricSpace\Dilation.olean
F:\LaTeX\BVE research\lean-proof\.lake\packages\mathlib\.lake\build\lib\lean\Mathlib\Topology\MetricSpace\DilationEquiv.olean
F:\LaTeX\BVE research\lean-proof\.lake\packages\mathlib\.lake\build\lib\lean\Mathlib\Topology\MetricSpace\Equicontinuity.olean
F:\LaTeX\BVE research\lean-proof\.lake\packages\mathlib\.lake\build\lib\lean\Mathlib\Topology\MetricSpace\Gluing.olean
F:\LaTeX\BVE research\lean-proof\.lake\packages\mathlib\.lake\build\lib\lean\Mathlib\Topology\MetricSpace\HausdorffDistance.olean
F:\LaTeX\BVE research\lean-proof\.lake\packages\mathlib\.lake\build\lib\lean\Mathlib\Topology\MetricSpace\IsometricSMul.olean
F:\LaTeX\BVE research\lean-proof\.lake\packages\mathlib\.lake\build\lib\lean\Mathlib\Topology\MetricSpace\Isometry.olean
F:\LaTeX\BVE research\lean-proof\.lake\packages\mathlib\.lake\build\lib\lean\Mathlib\Topology\MetricSpace\Lipschitz.olean
F:\LaTeX\BVE research\lean-proof\.lake\packages\mathlib\.lake\build\lib\lean\Mathlib\Topology\MetricSpace\ProperSpace.olean
F:\LaTeX\BVE research\lean-proof\.lake\packages\mathlib\.lake\build\lib\lean\Mathlib\Topology\MetricSpace\Thickening.olean
F:\LaTeX\BVE research\lean-proof\.lake\packages\mathlib\.lake\build\lib\lean\Mathlib\Topology\Metrizable\Basic.olean
F:\LaTeX\BVE research\lean-proof\.lake\packages\mathlib\.lake\build\lib\lean\Mathlib\Topology\Metrizable\CompletelyMetrizable.olean
F:\LaTeX\BVE research\lean-proof\.lake\packages\mathlib\.lake\build\lib\lean\Mathlib\Topology\Metrizable\Uniformity.olean
F:\LaTeX\BVE research\lean-proof\.lake\packages\mathlib\.lake\build\lib\lean\Mathlib\Topology\OpenPartialHomeomorph\Basic.olean
F:\LaTeX\BVE research\lean-proof\.lake\packages\mathlib\.lake\build\lib\lean\Mathlib\Topology\OpenPartialHomeomorph\Continuity.olean
F:\LaTeX\BVE research\lean-proof\.lake\packages\mathlib\.lake\build\lib\lean\Mathlib\Topology\OpenPartialHomeomorph\Defs.olean
F:\LaTeX\BVE research\lean-proof\.lake\packages\mathlib\.lake\build\lib\lean\Mathlib\Topology\Order\AtTopBotIxx.olean
F:\LaTeX\BVE research\lean-proof\.lake\packages\mathlib\.lake\build\lib\lean\Mathlib\Topology\Order\Basic.olean
F:\LaTeX\BVE research\lean-proof\.lake\packages\mathlib\.lake\build\lib\lean\Mathlib\Topology\Order\Bornology.olean
F:\LaTeX\BVE research\lean-proof\.lake\packages\mathlib\.lake\build\lib\lean\Mathlib\Topology\Order\Compact.olean
F:\LaTeX\BVE research\lean-proof\.lake\packages\mathlib\.lake\build\lib\lean\Mathlib\Topology\Order\DenselyOrdered.olean
F:\LaTeX\BVE research\lean-proof\.lake\packages\mathlib\.lake\build\lib\lean\Mathlib\Topology\Order\IntermediateValue.olean
F:\LaTeX\BVE research\lean-proof\.lake\packages\mathlib\.lake\build\lib\lean\Mathlib\Topology\Order\IsLUB.olean
F:\LaTeX\BVE research\lean-proof\.lake\packages\mathlib\.lake\build\lib\lean\Mathlib\Topology\Order\Lattice.olean
F:\LaTeX\BVE research\lean-proof\.lake\packages\mathlib\.lake\build\lib\lean\Mathlib\Topology\Order\LeftRight.olean
F:\LaTeX\BVE research\lean-proof\.lake\packages\mathlib\.lake\build\lib\lean\Mathlib\Topology\Order\LeftRightNhds.olean
F:\LaTeX\BVE research\lean-proof\.lake\packages\mathlib\.lake\build\lib\lean\Mathlib\Topology\Order\LiminfLimsup.olean
F:\LaTeX\BVE research\lean-proof\.lake\packages\mathlib\.lake\build\lib\lean\Mathlib\Topology\Order\LocalExtr.olean
F:\LaTeX\BVE research\lean-proof\.lake\packages\mathlib\.lake\build\lib\lean\Mathlib\Topology\Order\Monotone.olean
F:\LaTeX\BVE research\lean-proof\.lake\packages\mathlib\.lake\build\lib\lean\Mathlib\Topology\Order\MonotoneContinuity.olean
F:\LaTeX\BVE research\lean-proof\.lake\packages\mathlib\.lake\build\lib\lean\Mathlib\Topology\Order\MonotoneConvergence.olean
F:\LaTeX\BVE research\lean-proof\.lake\packages\mathlib\.lake\build\lib\lean\Mathlib\Topology\Order\OrderClosed.olean
F:\LaTeX\BVE research\lean-proof\.lake\packages\mathlib\.lake\build\lib\lean\Mathlib\Topology\Order\ProjIcc.olean
F:\LaTeX\BVE research\lean-proof\.lake\packages\mathlib\.lake\build\lib\lean\Mathlib\Topology\Order\Real.olean
F:\LaTeX\BVE research\lean-proof\.lake\packages\mathlib\.lake\build\lib\lean\Mathlib\Topology\Order\T5.olean
F:\LaTeX\BVE research\lean-proof\.lake\packages\mathlib\.lake\build\lib\lean\Mathlib\Topology\Semicontinuity\Basic.olean
F:\LaTeX\BVE research\lean-proof\.lake\packages\mathlib\.lake\build\lib\lean\Mathlib\Topology\Semicontinuity\Defs.olean
F:\LaTeX\BVE research\lean-proof\.lake\packages\mathlib\.lake\build\lib\lean\Mathlib\Topology\Separation\Basic.olean
F:\LaTeX\BVE research\lean-proof\.lake\packages\mathlib\.lake\build\lib\lean\Mathlib\Topology\Separation\Hausdorff.olean
F:\LaTeX\BVE research\lean-proof\.lake\packages\mathlib\.lake\build\lib\lean\Mathlib\Topology\Separation\Regular.olean
F:\LaTeX\BVE research\lean-proof\.lake\packages\mathlib\.lake\build\lib\lean\Mathlib\Topology\Separation\SeparatedNhds.olean
F:\LaTeX\BVE research\lean-proof\.lake\packages\mathlib\.lake\build\lib\lean\Mathlib\Topology\Sets\Closeds.olean
F:\LaTeX\BVE research\lean-proof\.lake\packages\mathlib\.lake\build\lib\lean\Mathlib\Topology\Sets\Opens.olean
F:\LaTeX\BVE research\lean-proof\.lake\packages\mathlib\.lake\build\lib\lean\Mathlib\Topology\UniformSpace\AbstractCompletion.olean
F:\LaTeX\BVE research\lean-proof\.lake\packages\mathlib\.lake\build\lib\lean\Mathlib\Topology\UniformSpace\Basic.olean
F:\LaTeX\BVE research\lean-proof\.lake\packages\mathlib\.lake\build\lib\lean\Mathlib\Topology\UniformSpace\Cauchy.olean
F:\LaTeX\BVE research\lean-proof\.lake\packages\mathlib\.lake\build\lib\lean\Mathlib\Topology\UniformSpace\Compact.olean
F:\LaTeX\BVE research\lean-proof\.lake\packages\mathlib\.lake\build\lib\lean\Mathlib\Topology\UniformSpace\CompleteSeparated.olean
F:\LaTeX\BVE research\lean-proof\.lake\packages\mathlib\.lake\build\lib\lean\Mathlib\Topology\UniformSpace\Completion.olean
F:\LaTeX\BVE research\lean-proof\.lake\packages\mathlib\.lake\build\lib\lean\Mathlib\Topology\UniformSpace\Defs.olean
F:\LaTeX\BVE research\lean-proof\.lake\packages\mathlib\.lake\build\lib\lean\Mathlib\Topology\UniformSpace\DiscreteUniformity.olean
F:\LaTeX\BVE research\lean-proof\.lake\packages\mathlib\.lake\build\lib\lean\Mathlib\Topology\UniformSpace\Equicontinuity.olean
F:\LaTeX\BVE research\lean-proof\.lake\packages\mathlib\.lake\build\lib\lean\Mathlib\Topology\UniformSpace\Equiv.olean
F:\LaTeX\BVE research\lean-proof\.lake\packages\mathlib\.lake\build\lib\lean\Mathlib\Topology\UniformSpace\HeineCantor.olean
F:\LaTeX\BVE research\lean-proof\.lake\packages\mathlib\.lake\build\lib\lean\Mathlib\Topology\UniformSpace\LocallyUniformConvergence.olean
F:\LaTeX\BVE research\lean-proof\.lake\packages\mathlib\.lake\build\lib\lean\Mathlib\Topology\UniformSpace\OfFun.olean
F:\LaTeX\BVE research\lean-proof\.lake\packages\mathlib\.lake\build\lib\lean\Mathlib\Topology\UniformSpace\Pi.olean
F:\LaTeX\BVE research\lean-proof\.lake\packages\mathlib\.lake\build\lib\lean\Mathlib\Topology\UniformSpace\Real.olean
F:\LaTeX\BVE research\lean-proof\.lake\packages\mathlib\.lake\build\lib\lean\Mathlib\Topology\UniformSpace\Separation.olean
F:\LaTeX\BVE research\lean-proof\.lake\packages\mathlib\.lake\build\lib\lean\Mathlib\Topology\UniformSpace\UniformApproximation.olean
F:\LaTeX\BVE research\lean-proof\.lake\packages\mathlib\.lake\build\lib\lean\Mathlib\Topology\UniformSpace\UniformConvergence.olean
F:\LaTeX\BVE research\lean-proof\.lake\packages\mathlib\.lake\build\lib\lean\Mathlib\Topology\UniformSpace\UniformConvergenceTopology.olean
F:\LaTeX\BVE research\lean-proof\.lake\packages\mathlib\.lake\build\lib\lean\Mathlib\Topology\UniformSpace\UniformEmbedding.olean
F:\LaTeX\BVE research\lean-proof\.lake\packages\mathlib\.lake\build\lib\lean\Mathlib\Util\AtomM\Recurse.olean
f:\DevCache\elan\toolchains\leanprover--lean4---v4.31.0\lib\lean\Std\Data\DHashMap\AdditionalOperations.olean
f:\DevCache\elan\toolchains\leanprover--lean4---v4.31.0\lib\lean\Std\Data\DHashMap\Basic.olean
f:\DevCache\elan\toolchains\leanprover--lean4---v4.31.0\lib\lean\Std\Data\DHashMap\DecidableEquiv.olean
f:\DevCache\elan\toolchains\leanprover--lean4---v4.31.0\lib\lean\Std\Data\DHashMap\Iterator.olean
f:\DevCache\elan\toolchains\leanprover--lean4---v4.31.0\lib\lean\Std\Data\DHashMap\IteratorLemmas.olean
f:\DevCache\elan\toolchains\leanprover--lean4---v4.31.0\lib\lean\Std\Data\DHashMap\Lemmas.olean
f:\DevCache\elan\toolchains\leanprover--lean4---v4.31.0\lib\lean\Std\Data\DHashMap\Raw.olean
f:\DevCache\elan\toolchains\leanprover--lean4---v4.31.0\lib\lean\Std\Data\DHashMap\RawDecidableEquiv.olean
f:\DevCache\elan\toolchains\leanprover--lean4---v4.31.0\lib\lean\Std\Data\DHashMap\RawDef.olean
f:\DevCache\elan\toolchains\leanprover--lean4---v4.31.0\lib\lean\Std\Data\DHashMap\RawLemmas.olean
f:\DevCache\elan\toolchains\leanprover--lean4---v4.31.0\lib\lean\Std\Data\DTreeMap\AdditionalOperations.olean
f:\DevCache\elan\toolchains\leanprover--lean4---v4.31.0\lib\lean\Std\Data\DTreeMap\Basic.olean
f:\DevCache\elan\toolchains\leanprover--lean4---v4.31.0\lib\lean\Std\Data\DTreeMap\DecidableEquiv.olean
f:\DevCache\elan\toolchains\leanprover--lean4---v4.31.0\lib\lean\Std\Data\DTreeMap\Iterator.olean
f:\DevCache\elan\toolchains\leanprover--lean4---v4.31.0\lib\lean\Std\Data\DTreeMap\Lemmas.olean
f:\DevCache\elan\toolchains\leanprover--lean4---v4.31.0\lib\lean\Std\Data\DTreeMap\Raw.olean
f:\DevCache\elan\toolchains\leanprover--lean4---v4.31.0\lib\lean\Std\Data\DTreeMap\Slice.olean
f:\DevCache\elan\toolchains\leanprover--lean4---v4.31.0\lib\lean\Std\Data\ExtDHashMap\Basic.olean
f:\DevCache\elan\toolchains\leanprover--lean4---v4.31.0\lib\lean\Std\Data\ExtDHashMap\Lemmas.olean
f:\DevCache\elan\toolchains\leanprover--lean4---v4.31.0\lib\lean\Std\Data\ExtDTreeMap\Basic.olean
f:\DevCache\elan\toolchains\leanprover--lean4---v4.31.0\lib\lean\Std\Data\ExtDTreeMap\Lemmas.olean
f:\DevCache\elan\toolchains\leanprover--lean4---v4.31.0\lib\lean\Std\Data\ExtHashMap\Basic.olean
f:\DevCache\elan\toolchains\leanprover--lean4---v4.31.0\lib\lean\Std\Data\ExtHashMap\Lemmas.olean
f:\DevCache\elan\toolchains\leanprover--lean4---v4.31.0\lib\lean\Std\Data\ExtHashSet\Basic.olean
f:\DevCache\elan\toolchains\leanprover--lean4---v4.31.0\lib\lean\Std\Data\ExtHashSet\Lemmas.olean
f:\DevCache\elan\toolchains\leanprover--lean4---v4.31.0\lib\lean\Std\Data\ExtTreeMap\Basic.olean
f:\DevCache\elan\toolchains\leanprover--lean4---v4.31.0\lib\lean\Std\Data\ExtTreeMap\Lemmas.olean
f:\DevCache\elan\toolchains\leanprover--lean4---v4.31.0\lib\lean\Std\Data\ExtTreeSet\Basic.olean
f:\DevCache\elan\toolchains\leanprover--lean4---v4.31.0\lib\lean\Std\Data\ExtTreeSet\Lemmas.olean
f:\DevCache\elan\toolchains\leanprover--lean4---v4.31.0\lib\lean\Std\Data\HashMap\AdditionalOperations.olean
f:\DevCache\elan\toolchains\leanprover--lean4---v4.31.0\lib\lean\Std\Data\HashMap\Basic.olean
f:\DevCache\elan\toolchains\leanprover--lean4---v4.31.0\lib\lean\Std\Data\HashMap\DecidableEquiv.olean
f:\DevCache\elan\toolchains\leanprover--lean4---v4.31.0\lib\lean\Std\Data\HashMap\Iterator.olean
f:\DevCache\elan\toolchains\leanprover--lean4---v4.31.0\lib\lean\Std\Data\HashMap\IteratorLemmas.olean
f:\DevCache\elan\toolchains\leanprover--lean4---v4.31.0\lib\lean\Std\Data\HashMap\Lemmas.olean
f:\DevCache\elan\toolchains\leanprover--lean4---v4.31.0\lib\lean\Std\Data\HashMap\Raw.olean
f:\DevCache\elan\toolchains\leanprover--lean4---v4.31.0\lib\lean\Std\Data\HashMap\RawDecidableEquiv.olean
f:\DevCache\elan\toolchains\leanprover--lean4---v4.31.0\lib\lean\Std\Data\HashMap\RawLemmas.olean
f:\DevCache\elan\toolchains\leanprover--lean4---v4.31.0\lib\lean\Std\Data\HashSet\Basic.olean
f:\DevCache\elan\toolchains\leanprover--lean4---v4.31.0\lib\lean\Std\Data\HashSet\DecidableEquiv.olean
f:\DevCache\elan\toolchains\leanprover--lean4---v4.31.0\lib\lean\Std\Data\HashSet\Iterator.olean
f:\DevCache\elan\toolchains\leanprover--lean4---v4.31.0\lib\lean\Std\Data\HashSet\IteratorLemmas.olean
f:\DevCache\elan\toolchains\leanprover--lean4---v4.31.0\lib\lean\Std\Data\HashSet\Lemmas.olean
f:\DevCache\elan\toolchains\leanprover--lean4---v4.31.0\lib\lean\Std\Data\HashSet\Raw.olean
f:\DevCache\elan\toolchains\leanprover--lean4---v4.31.0\lib\lean\Std\Data\HashSet\RawDecidableEquiv.olean
f:\DevCache\elan\toolchains\leanprover--lean4---v4.31.0\lib\lean\Std\Data\HashSet\RawLemmas.olean
f:\DevCache\elan\toolchains\leanprover--lean4---v4.31.0\lib\lean\Std\Data\Internal\Cut.olean
f:\DevCache\elan\toolchains\leanprover--lean4---v4.31.0\lib\lean\Std\Data\Iterators\Combinators.olean
f:\DevCache\elan\toolchains\leanprover--lean4---v4.31.0\lib\lean\Std\Data\Iterators\Consumers.olean
f:\DevCache\elan\toolchains\leanprover--lean4---v4.31.0\lib\lean\Std\Data\Iterators\Lemmas.olean
f:\DevCache\elan\toolchains\leanprover--lean4---v4.31.0\lib\lean\Std\Data\Iterators\Producers.olean
f:\DevCache\elan\toolchains\leanprover--lean4---v4.31.0\lib\lean\Std\Data\String\ToInt.olean
f:\DevCache\elan\toolchains\leanprover--lean4---v4.31.0\lib\lean\Std\Data\String\ToNat.olean
f:\DevCache\elan\toolchains\leanprover--lean4---v4.31.0\lib\lean\Std\Data\TreeMap\AdditionalOperations.olean
f:\DevCache\elan\toolchains\leanprover--lean4---v4.31.0\lib\lean\Std\Data\TreeMap\Basic.olean
f:\DevCache\elan\toolchains\leanprover--lean4---v4.31.0\lib\lean\Std\Data\TreeMap\DecidableEquiv.olean
f:\DevCache\elan\toolchains\leanprover--lean4---v4.31.0\lib\lean\Std\Data\TreeMap\Iterator.olean
f:\DevCache\elan\toolchains\leanprover--lean4---v4.31.0\lib\lean\Std\Data\TreeMap\Lemmas.olean
f:\DevCache\elan\toolchains\leanprover--lean4---v4.31.0\lib\lean\Std\Data\TreeMap\Raw.olean
f:\DevCache\elan\toolchains\leanprover--lean4---v4.31.0\lib\lean\Std\Data\TreeMap\Slice.olean
f:\DevCache\elan\toolchains\leanprover--lean4---v4.31.0\lib\lean\Std\Data\TreeSet\AdditionalOperations.olean
f:\DevCache\elan\toolchains\leanprover--lean4---v4.31.0\lib\lean\Std\Data\TreeSet\Basic.olean
f:\DevCache\elan\toolchains\leanprover--lean4---v4.31.0\lib\lean\Std\Data\TreeSet\DecidableEquiv.olean
f:\DevCache\elan\toolchains\leanprover--lean4---v4.31.0\lib\lean\Std\Data\TreeSet\Iterator.olean
f:\DevCache\elan\toolchains\leanprover--lean4---v4.31.0\lib\lean\Std\Data\TreeSet\Lemmas.olean
f:\DevCache\elan\toolchains\leanprover--lean4---v4.31.0\lib\lean\Std\Data\TreeSet\Raw.olean
f:\DevCache\elan\toolchains\leanprover--lean4---v4.31.0\lib\lean\Std\Data\TreeSet\Slice.olean
f:\DevCache\elan\toolchains\leanprover--lean4---v4.31.0\lib\lean\Std\Do\Internal\Ensures.olean
f:\DevCache\elan\toolchains\leanprover--lean4---v4.31.0\lib\lean\Std\Do\SPred\DerivedLaws.olean
f:\DevCache\elan\toolchains\leanprover--lean4---v4.31.0\lib\lean\Std\Do\SPred\Laws.olean
f:\DevCache\elan\toolchains\leanprover--lean4---v4.31.0\lib\lean\Std\Do\SPred\Notation.olean
f:\DevCache\elan\toolchains\leanprover--lean4---v4.31.0\lib\lean\Std\Do\SPred\SPred.olean
f:\DevCache\elan\toolchains\leanprover--lean4---v4.31.0\lib\lean\Std\Do\SPred\SVal.olean
f:\DevCache\elan\toolchains\leanprover--lean4---v4.31.0\lib\lean\Std\Do\Triple\Basic.olean
f:\DevCache\elan\toolchains\leanprover--lean4---v4.31.0\lib\lean\Std\Do\Triple\SpecLemmas.olean
f:\DevCache\elan\toolchains\leanprover--lean4---v4.31.0\lib\lean\Std\Do\WP\Adequate.olean
f:\DevCache\elan\toolchains\leanprover--lean4---v4.31.0\lib\lean\Std\Do\WP\Basic.olean
f:\DevCache\elan\toolchains\leanprover--lean4---v4.31.0\lib\lean\Std\Do\WP\Monad.olean
f:\DevCache\elan\toolchains\leanprover--lean4---v4.31.0\lib\lean\Std\Do\WP\SimpLemmas.olean
f:\DevCache\elan\toolchains\leanprover--lean4---v4.31.0\lib\lean\Std\Http\Data\Body.olean
f:\DevCache\elan\toolchains\leanprover--lean4---v4.31.0\lib\lean\Std\Http\Data\Chunk.olean
f:\DevCache\elan\toolchains\leanprover--lean4---v4.31.0\lib\lean\Std\Http\Data\Extensions.olean
f:\DevCache\elan\toolchains\leanprover--lean4---v4.31.0\lib\lean\Std\Http\Data\Headers.olean
f:\DevCache\elan\toolchains\leanprover--lean4---v4.31.0\lib\lean\Std\Http\Data\Method.olean
f:\DevCache\elan\toolchains\leanprover--lean4---v4.31.0\lib\lean\Std\Http\Data\Request.olean
f:\DevCache\elan\toolchains\leanprover--lean4---v4.31.0\lib\lean\Std\Http\Data\Response.olean
f:\DevCache\elan\toolchains\leanprover--lean4---v4.31.0\lib\lean\Std\Http\Data\Status.olean
f:\DevCache\elan\toolchains\leanprover--lean4---v4.31.0\lib\lean\Std\Http\Data\URI.olean
f:\DevCache\elan\toolchains\leanprover--lean4---v4.31.0\lib\lean\Std\Http\Data\Version.olean
f:\DevCache\elan\toolchains\leanprover--lean4---v4.31.0\lib\lean\Std\Http\Internal\Char.olean
f:\DevCache\elan\toolchains\leanprover--lean4---v4.31.0\lib\lean\Std\Http\Internal\ChunkedBuffer.olean
f:\DevCache\elan\toolchains\leanprover--lean4---v4.31.0\lib\lean\Std\Http\Internal\Encode.olean
f:\DevCache\elan\toolchains\leanprover--lean4---v4.31.0\lib\lean\Std\Http\Internal\IndexMultiMap.olean
f:\DevCache\elan\toolchains\leanprover--lean4---v4.31.0\lib\lean\Std\Http\Internal\LowerCase.olean
f:\DevCache\elan\toolchains\leanprover--lean4---v4.31.0\lib\lean\Std\Http\Internal\String.olean
f:\DevCache\elan\toolchains\leanprover--lean4---v4.31.0\lib\lean\Std\Http\Protocol\H1.olean
f:\DevCache\elan\toolchains\leanprover--lean4---v4.31.0\lib\lean\Std\Http\Server\Config.olean
f:\DevCache\elan\toolchains\leanprover--lean4---v4.31.0\lib\lean\Std\Http\Server\Connection.olean
f:\DevCache\elan\toolchains\leanprover--lean4---v4.31.0\lib\lean\Std\Http\Server\Handler.olean
f:\DevCache\elan\toolchains\leanprover--lean4---v4.31.0\lib\lean\Std\Http\Test\Helpers.olean
f:\DevCache\elan\toolchains\leanprover--lean4---v4.31.0\lib\lean\Std\Internal\Do\Assertion.olean
f:\DevCache\elan\toolchains\leanprover--lean4---v4.31.0\lib\lean\Std\Internal\Do\ExceptPost.olean
f:\DevCache\elan\toolchains\leanprover--lean4---v4.31.0\lib\lean\Std\Internal\Do\Frame.olean
f:\DevCache\elan\toolchains\leanprover--lean4---v4.31.0\lib\lean\Std\Internal\Do\PredTrans.olean
f:\DevCache\elan\toolchains\leanprover--lean4---v4.31.0\lib\lean\Std\Internal\Do\Triple.olean
f:\DevCache\elan\toolchains\leanprover--lean4---v4.31.0\lib\lean\Std\Internal\Do\WP.olean
f:\DevCache\elan\toolchains\leanprover--lean4---v4.31.0\lib\lean\Std\Internal\Parsec\Basic.olean
f:\DevCache\elan\toolchains\leanprover--lean4---v4.31.0\lib\lean\Std\Internal\Parsec\ByteArray.olean
f:\DevCache\elan\toolchains\leanprover--lean4---v4.31.0\lib\lean\Std\Internal\Parsec\String.olean
f:\DevCache\elan\toolchains\leanprover--lean4---v4.31.0\lib\lean\Std\Internal\UV\DNS.olean
f:\DevCache\elan\toolchains\leanprover--lean4---v4.31.0\lib\lean\Std\Internal\UV\Loop.olean
f:\DevCache\elan\toolchains\leanprover--lean4---v4.31.0\lib\lean\Std\Internal\UV\Signal.olean
f:\DevCache\elan\toolchains\leanprover--lean4---v4.31.0\lib\lean\Std\Internal\UV\System.olean
f:\DevCache\elan\toolchains\leanprover--lean4---v4.31.0\lib\lean\Std\Internal\UV\TCP.olean
f:\DevCache\elan\toolchains\leanprover--lean4---v4.31.0\lib\lean\Std\Internal\UV\Timer.olean
f:\DevCache\elan\toolchains\leanprover--lean4---v4.31.0\lib\lean\Std\Internal\UV\UDP.olean
f:\DevCache\elan\toolchains\leanprover--lean4---v4.31.0\lib\lean\Std\Sat\AIG\Basic.olean
f:\DevCache\elan\toolchains\leanprover--lean4---v4.31.0\lib\lean\Std\Sat\AIG\CNF.olean
f:\DevCache\elan\toolchains\leanprover--lean4---v4.31.0\lib\lean\Std\Sat\AIG\Cached.olean
f:\DevCache\elan\toolchains\leanprover--lean4---v4.31.0\lib\lean\Std\Sat\AIG\CachedGates.olean
f:\DevCache\elan\toolchains\leanprover--lean4---v4.31.0\lib\lean\Std\Sat\AIG\CachedGatesLemmas.olean
f:\DevCache\elan\toolchains\leanprover--lean4---v4.31.0\lib\lean\Std\Sat\AIG\CachedLemmas.olean
f:\DevCache\elan\toolchains\leanprover--lean4---v4.31.0\lib\lean\Std\Sat\AIG\If.olean
f:\DevCache\elan\toolchains\leanprover--lean4---v4.31.0\lib\lean\Std\Sat\AIG\LawfulOperator.olean
f:\DevCache\elan\toolchains\leanprover--lean4---v4.31.0\lib\lean\Std\Sat\AIG\LawfulVecOperator.olean
f:\DevCache\elan\toolchains\leanprover--lean4---v4.31.0\lib\lean\Std\Sat\AIG\Lemmas.olean
f:\DevCache\elan\toolchains\leanprover--lean4---v4.31.0\lib\lean\Std\Sat\AIG\RefVec.olean
f:\DevCache\elan\toolchains\leanprover--lean4---v4.31.0\lib\lean\Std\Sat\AIG\RefVecOperator.olean
f:\DevCache\elan\toolchains\leanprover--lean4---v4.31.0\lib\lean\Std\Sat\AIG\Relabel.olean
f:\DevCache\elan\toolchains\leanprover--lean4---v4.31.0\lib\lean\Std\Sat\AIG\RelabelNat.olean
f:\DevCache\elan\toolchains\leanprover--lean4---v4.31.0\lib\lean\Std\Sat\CNF\Basic.olean
f:\DevCache\elan\toolchains\leanprover--lean4---v4.31.0\lib\lean\Std\Sat\CNF\Dimacs.olean
f:\DevCache\elan\toolchains\leanprover--lean4---v4.31.0\lib\lean\Std\Sat\CNF\Literal.olean
f:\DevCache\elan\toolchains\leanprover--lean4---v4.31.0\lib\lean\Std\Sat\CNF\Relabel.olean
f:\DevCache\elan\toolchains\leanprover--lean4---v4.31.0\lib\lean\Std\Sat\CNF\RelabelFin.olean
f:\DevCache\elan\toolchains\leanprover--lean4---v4.31.0\lib\lean\Std\Tactic\BVDecide\Bitblast.olean
f:\DevCache\elan\toolchains\leanprover--lean4---v4.31.0\lib\lean\Std\Tactic\BVDecide\LRAT.olean
f:\DevCache\elan\toolchains\leanprover--lean4---v4.31.0\lib\lean\Std\Tactic\BVDecide\Normalize.olean
f:\DevCache\elan\toolchains\leanprover--lean4---v4.31.0\lib\lean\Std\Tactic\BVDecide\Reflect.olean
f:\DevCache\elan\toolchains\leanprover--lean4---v4.31.0\lib\lean\Std\Tactic\BVDecide\Syntax.olean
f:\DevCache\elan\toolchains\leanprover--lean4---v4.31.0\lib\lean\Std\Tactic\Do\ProofMode.olean
f:\DevCache\elan\toolchains\leanprover--lean4---v4.31.0\lib\lean\Std\Tactic\Do\Syntax.olean
f:\DevCache\elan\toolchains\leanprover--lean4---v4.31.0\lib\lean\Std\Time\Date\Basic.olean
f:\DevCache\elan\toolchains\leanprover--lean4---v4.31.0\lib\lean\Std\Time\Date\PlainDate.olean
f:\DevCache\elan\toolchains\leanprover--lean4---v4.31.0\lib\lean\Std\Time\Date\ValidDate.olean
f:\DevCache\elan\toolchains\leanprover--lean4---v4.31.0\lib\lean\Std\Time\DateTime\PlainDateTime.olean
f:\DevCache\elan\toolchains\leanprover--lean4---v4.31.0\lib\lean\Std\Time\DateTime\Timestamp.olean
f:\DevCache\elan\toolchains\leanprover--lean4---v4.31.0\lib\lean\Std\Time\DateTime\WallTime.olean
f:\DevCache\elan\toolchains\leanprover--lean4---v4.31.0\lib\lean\Std\Time\Format\Basic.olean
f:\DevCache\elan\toolchains\leanprover--lean4---v4.31.0\lib\lean\Std\Time\Format\DateFormat.olean
f:\DevCache\elan\toolchains\leanprover--lean4---v4.31.0\lib\lean\Std\Time\Internal\Bounded.olean
f:\DevCache\elan\toolchains\leanprover--lean4---v4.31.0\lib\lean\Std\Time\Internal\UnitVal.olean
f:\DevCache\elan\toolchains\leanprover--lean4---v4.31.0\lib\lean\Std\Time\Notation\Spec.olean
f:\DevCache\elan\toolchains\leanprover--lean4---v4.31.0\lib\lean\Std\Time\Time\Basic.olean
f:\DevCache\elan\toolchains\leanprover--lean4---v4.31.0\lib\lean\Std\Time\Time\HourMarker.olean
f:\DevCache\elan\toolchains\leanprover--lean4---v4.31.0\lib\lean\Std\Time\Time\PlainTime.olean
f:\DevCache\elan\toolchains\leanprover--lean4---v4.31.0\lib\lean\Std\Time\Zoned\Database.olean
f:\DevCache\elan\toolchains\leanprover--lean4---v4.31.0\lib\lean\Std\Time\Zoned\DateTime.olean
f:\DevCache\elan\toolchains\leanprover--lean4---v4.31.0\lib\lean\Std\Time\Zoned\Offset.olean
f:\DevCache\elan\toolchains\leanprover--lean4---v4.31.0\lib\lean\Std\Time\Zoned\TimeZone.olean
f:\DevCache\elan\toolchains\leanprover--lean4---v4.31.0\lib\lean\Std\Time\Zoned\ZoneRules.olean
f:\DevCache\elan\toolchains\leanprover--lean4---v4.31.0\lib\lean\Std\Time\Zoned\ZonedDateTime.olean
f:\DevCache\elan\toolchains\leanprover--lean4---v4.31.0\lib\lean\Init\Control\Lawful\MonadAttach\Instances.olean
f:\DevCache\elan\toolchains\leanprover--lean4---v4.31.0\lib\lean\Init\Control\Lawful\MonadAttach\Lemmas.olean
f:\DevCache\elan\toolchains\leanprover--lean4---v4.31.0\lib\lean\Init\Control\Lawful\MonadLift\Basic.olean
f:\DevCache\elan\toolchains\leanprover--lean4---v4.31.0\lib\lean\Init\Control\Lawful\MonadLift\Instances.olean
f:\DevCache\elan\toolchains\leanprover--lean4---v4.31.0\lib\lean\Init\Control\Lawful\MonadLift\Lemmas.olean
f:\DevCache\elan\toolchains\leanprover--lean4---v4.31.0\lib\lean\Init\Data\Array\Lex\Basic.olean
f:\DevCache\elan\toolchains\leanprover--lean4---v4.31.0\lib\lean\Init\Data\Array\Lex\Lemmas.olean
f:\DevCache\elan\toolchains\leanprover--lean4---v4.31.0\lib\lean\Init\Data\Array\QSort\Basic.olean
f:\DevCache\elan\toolchains\leanprover--lean4---v4.31.0\lib\lean\Init\Data\Array\Sort\Basic.olean
f:\DevCache\elan\toolchains\leanprover--lean4---v4.31.0\lib\lean\Init\Data\Array\Sort\Lemmas.olean
f:\DevCache\elan\toolchains\leanprover--lean4---v4.31.0\lib\lean\Init\Data\Array\Subarray\Split.olean
f:\DevCache\elan\toolchains\leanprover--lean4---v4.31.0\lib\lean\Init\Data\Int\Bitwise\Basic.olean
f:\DevCache\elan\toolchains\leanprover--lean4---v4.31.0\lib\lean\Init\Data\Int\Bitwise\Lemmas.olean
f:\DevCache\elan\toolchains\leanprover--lean4---v4.31.0\lib\lean\Init\Data\Int\DivMod\Basic.olean
f:\DevCache\elan\toolchains\leanprover--lean4---v4.31.0\lib\lean\Init\Data\Int\DivMod\Bootstrap.olean
f:\DevCache\elan\toolchains\leanprover--lean4---v4.31.0\lib\lean\Init\Data\Int\DivMod\Lemmas.olean
f:\DevCache\elan\toolchains\leanprover--lean4---v4.31.0\lib\lean\Init\Data\Int\DivMod\Pow.olean
f:\DevCache\elan\toolchains\leanprover--lean4---v4.31.0\lib\lean\Init\Data\Iterators\Combinators\Append.olean
f:\DevCache\elan\toolchains\leanprover--lean4---v4.31.0\lib\lean\Init\Data\Iterators\Combinators\Attach.olean
f:\DevCache\elan\toolchains\leanprover--lean4---v4.31.0\lib\lean\Init\Data\Iterators\Combinators\FilterMap.olean
f:\DevCache\elan\toolchains\leanprover--lean4---v4.31.0\lib\lean\Init\Data\Iterators\Combinators\FlatMap.olean
f:\DevCache\elan\toolchains\leanprover--lean4---v4.31.0\lib\lean\Init\Data\Iterators\Combinators\Monadic.olean
f:\DevCache\elan\toolchains\leanprover--lean4---v4.31.0\lib\lean\Init\Data\Iterators\Combinators\Take.olean
f:\DevCache\elan\toolchains\leanprover--lean4---v4.31.0\lib\lean\Init\Data\Iterators\Combinators\ULift.olean
f:\DevCache\elan\toolchains\leanprover--lean4---v4.31.0\lib\lean\Init\Data\Iterators\Consumers\Access.olean
f:\DevCache\elan\toolchains\leanprover--lean4---v4.31.0\lib\lean\Init\Data\Iterators\Consumers\Collect.olean
f:\DevCache\elan\toolchains\leanprover--lean4---v4.31.0\lib\lean\Init\Data\Iterators\Consumers\Loop.olean
f:\DevCache\elan\toolchains\leanprover--lean4---v4.31.0\lib\lean\Init\Data\Iterators\Consumers\Monadic.olean
f:\DevCache\elan\toolchains\leanprover--lean4---v4.31.0\lib\lean\Init\Data\Iterators\Consumers\Partial.olean
f:\DevCache\elan\toolchains\leanprover--lean4---v4.31.0\lib\lean\Init\Data\Iterators\Consumers\Stream.olean
f:\DevCache\elan\toolchains\leanprover--lean4---v4.31.0\lib\lean\Init\Data\Iterators\Consumers\Total.olean
f:\DevCache\elan\toolchains\leanprover--lean4---v4.31.0\lib\lean\Init\Data\Iterators\Internal\LawfulMonadLiftFunction.olean
f:\DevCache\elan\toolchains\leanprover--lean4---v4.31.0\lib\lean\Init\Data\Iterators\Lemmas\Basic.olean
f:\DevCache\elan\toolchains\leanprover--lean4---v4.31.0\lib\lean\Init\Data\Iterators\Lemmas\Combinators.olean
f:\DevCache\elan\toolchains\leanprover--lean4---v4.31.0\lib\lean\Init\Data\Iterators\Lemmas\Consumers.olean
f:\DevCache\elan\toolchains\leanprover--lean4---v4.31.0\lib\lean\Init\Data\Iterators\Lemmas\Producers.olean
f:\DevCache\elan\toolchains\leanprover--lean4---v4.31.0\lib\lean\Init\Data\Iterators\Producers\List.olean
f:\DevCache\elan\toolchains\leanprover--lean4---v4.31.0\lib\lean\Init\Data\Iterators\Producers\Monadic.olean
f:\DevCache\elan\toolchains\leanprover--lean4---v4.31.0\lib\lean\Init\Data\List\Int\Prod.olean
f:\DevCache\elan\toolchains\leanprover--lean4---v4.31.0\lib\lean\Init\Data\List\Int\Sum.olean
f:\DevCache\elan\toolchains\leanprover--lean4---v4.31.0\lib\lean\Init\Data\List\Nat\BEq.olean
f:\DevCache\elan\toolchains\leanprover--lean4---v4.31.0\lib\lean\Init\Data\List\Nat\Basic.olean
f:\DevCache\elan\toolchains\leanprover--lean4---v4.31.0\lib\lean\Init\Data\List\Nat\Count.olean
f:\DevCache\elan\toolchains\leanprover--lean4---v4.31.0\lib\lean\Init\Data\List\Nat\Erase.olean
f:\DevCache\elan\toolchains\leanprover--lean4---v4.31.0\lib\lean\Init\Data\List\Nat\Find.olean
f:\DevCache\elan\toolchains\leanprover--lean4---v4.31.0\lib\lean\Init\Data\List\Nat\InsertIdx.olean
f:\DevCache\elan\toolchains\leanprover--lean4---v4.31.0\lib\lean\Init\Data\List\Nat\Modify.olean
f:\DevCache\elan\toolchains\leanprover--lean4---v4.31.0\lib\lean\Init\Data\List\Nat\Pairwise.olean
f:\DevCache\elan\toolchains\leanprover--lean4---v4.31.0\lib\lean\Init\Data\List\Nat\Perm.olean
f:\DevCache\elan\toolchains\leanprover--lean4---v4.31.0\lib\lean\Init\Data\List\Nat\Prod.olean
f:\DevCache\elan\toolchains\leanprover--lean4---v4.31.0\lib\lean\Init\Data\List\Nat\Range.olean
f:\DevCache\elan\toolchains\leanprover--lean4---v4.31.0\lib\lean\Init\Data\List\Nat\Sublist.olean
f:\DevCache\elan\toolchains\leanprover--lean4---v4.31.0\lib\lean\Init\Data\List\Nat\Sum.olean
f:\DevCache\elan\toolchains\leanprover--lean4---v4.31.0\lib\lean\Init\Data\List\Nat\TakeDrop.olean
f:\DevCache\elan\toolchains\leanprover--lean4---v4.31.0\lib\lean\Init\Data\List\Scan\Basic.olean
f:\DevCache\elan\toolchains\leanprover--lean4---v4.31.0\lib\lean\Init\Data\List\Scan\Lemmas.olean
f:\DevCache\elan\toolchains\leanprover--lean4---v4.31.0\lib\lean\Init\Data\List\Sort\Basic.olean
f:\DevCache\elan\toolchains\leanprover--lean4---v4.31.0\lib\lean\Init\Data\List\Sort\Impl.olean
f:\DevCache\elan\toolchains\leanprover--lean4---v4.31.0\lib\lean\Init\Data\List\Sort\Lemmas.olean
f:\DevCache\elan\toolchains\leanprover--lean4---v4.31.0\lib\lean\Init\Data\List\SplitOn\Basic.olean
f:\DevCache\elan\toolchains\leanprover--lean4---v4.31.0\lib\lean\Init\Data\List\SplitOn\Lemmas.olean
f:\DevCache\elan\toolchains\leanprover--lean4---v4.31.0\lib\lean\Init\Data\Nat\Bitwise\Basic.olean
f:\DevCache\elan\toolchains\leanprover--lean4---v4.31.0\lib\lean\Init\Data\Nat\Bitwise\Lemmas.olean
f:\DevCache\elan\toolchains\leanprover--lean4---v4.31.0\lib\lean\Init\Data\Nat\Div\Basic.olean
f:\DevCache\elan\toolchains\leanprover--lean4---v4.31.0\lib\lean\Init\Data\Nat\Div\Lemmas.olean
f:\DevCache\elan\toolchains\leanprover--lean4---v4.31.0\lib\lean\Init\Data\Nat\Power2\Basic.olean
f:\DevCache\elan\toolchains\leanprover--lean4---v4.31.0\lib\lean\Init\Data\Nat\Power2\Lemmas.olean
f:\DevCache\elan\toolchains\leanprover--lean4---v4.31.0\lib\lean\Init\Data\Range\Polymorphic\Basic.olean
f:\DevCache\elan\toolchains\leanprover--lean4---v4.31.0\lib\lean\Init\Data\Range\Polymorphic\BitVec.olean
f:\DevCache\elan\toolchains\leanprover--lean4---v4.31.0\lib\lean\Init\Data\Range\Polymorphic\Char.olean
f:\DevCache\elan\toolchains\leanprover--lean4---v4.31.0\lib\lean\Init\Data\Range\Polymorphic\Fin.olean
f:\DevCache\elan\toolchains\leanprover--lean4---v4.31.0\lib\lean\Init\Data\Range\Polymorphic\GetElemTactic.olean
f:\DevCache\elan\toolchains\leanprover--lean4---v4.31.0\lib\lean\Init\Data\Range\Polymorphic\Instances.olean
f:\DevCache\elan\toolchains\leanprover--lean4---v4.31.0\lib\lean\Init\Data\Range\Polymorphic\Int.olean
f:\DevCache\elan\toolchains\leanprover--lean4---v4.31.0\lib\lean\Init\Data\Range\Polymorphic\IntLemmas.olean
f:\DevCache\elan\toolchains\leanprover--lean4---v4.31.0\lib\lean\Init\Data\Range\Polymorphic\Iterators.olean
f:\DevCache\elan\toolchains\leanprover--lean4---v4.31.0\lib\lean\Init\Data\Range\Polymorphic\Lemmas.olean
f:\DevCache\elan\toolchains\leanprover--lean4---v4.31.0\lib\lean\Init\Data\Range\Polymorphic\Map.olean
f:\DevCache\elan\toolchains\leanprover--lean4---v4.31.0\lib\lean\Init\Data\Range\Polymorphic\Nat.olean
f:\DevCache\elan\toolchains\leanprover--lean4---v4.31.0\lib\lean\Init\Data\Range\Polymorphic\NatLemmas.olean
f:\DevCache\elan\toolchains\leanprover--lean4---v4.31.0\lib\lean\Init\Data\Range\Polymorphic\PRange.olean
f:\DevCache\elan\toolchains\leanprover--lean4---v4.31.0\lib\lean\Init\Data\Range\Polymorphic\RangeIterator.olean
f:\DevCache\elan\toolchains\leanprover--lean4---v4.31.0\lib\lean\Init\Data\Range\Polymorphic\SInt.olean
f:\DevCache\elan\toolchains\leanprover--lean4---v4.31.0\lib\lean\Init\Data\Range\Polymorphic\Stream.olean
f:\DevCache\elan\toolchains\leanprover--lean4---v4.31.0\lib\lean\Init\Data\Range\Polymorphic\UInt.olean
f:\DevCache\elan\toolchains\leanprover--lean4---v4.31.0\lib\lean\Init\Data\Range\Polymorphic\UpwardEnumerable.olean
f:\DevCache\elan\toolchains\leanprover--lean4---v4.31.0\lib\lean\Init\Data\Slice\Array\Basic.olean
f:\DevCache\elan\toolchains\leanprover--lean4---v4.31.0\lib\lean\Init\Data\Slice\Array\Iterator.olean
f:\DevCache\elan\toolchains\leanprover--lean4---v4.31.0\lib\lean\Init\Data\Slice\Array\Lemmas.olean
f:\DevCache\elan\toolchains\leanprover--lean4---v4.31.0\lib\lean\Init\Data\Slice\List\Basic.olean
f:\DevCache\elan\toolchains\leanprover--lean4---v4.31.0\lib\lean\Init\Data\Slice\List\Iterator.olean
f:\DevCache\elan\toolchains\leanprover--lean4---v4.31.0\lib\lean\Init\Data\Slice\List\Lemmas.olean
f:\DevCache\elan\toolchains\leanprover--lean4---v4.31.0\lib\lean\Init\Data\String\Iter\Basic.olean
f:\DevCache\elan\toolchains\leanprover--lean4---v4.31.0\lib\lean\Init\Data\String\Iter\Intercalate.olean
f:\DevCache\elan\toolchains\leanprover--lean4---v4.31.0\lib\lean\Init\Data\String\Lemmas\Basic.olean
f:\DevCache\elan\toolchains\leanprover--lean4---v4.31.0\lib\lean\Init\Data\String\Lemmas\FindPos.olean
f:\DevCache\elan\toolchains\leanprover--lean4---v4.31.0\lib\lean\Init\Data\String\Lemmas\Hashable.olean
f:\DevCache\elan\toolchains\leanprover--lean4---v4.31.0\lib\lean\Init\Data\String\Lemmas\Intercalate.olean
f:\DevCache\elan\toolchains\leanprover--lean4---v4.31.0\lib\lean\Init\Data\String\Lemmas\IsEmpty.olean
f:\DevCache\elan\toolchains\leanprover--lean4---v4.31.0\lib\lean\Init\Data\String\Lemmas\Iter.olean
f:\DevCache\elan\toolchains\leanprover--lean4---v4.31.0\lib\lean\Init\Data\String\Lemmas\Iterate.olean
f:\DevCache\elan\toolchains\leanprover--lean4---v4.31.0\lib\lean\Init\Data\String\Lemmas\Length.olean
f:\DevCache\elan\toolchains\leanprover--lean4---v4.31.0\lib\lean\Init\Data\String\Lemmas\Modify.olean
f:\DevCache\elan\toolchains\leanprover--lean4---v4.31.0\lib\lean\Init\Data\String\Lemmas\Order.olean
f:\DevCache\elan\toolchains\leanprover--lean4---v4.31.0\lib\lean\Init\Data\String\Lemmas\Pattern.olean
f:\DevCache\elan\toolchains\leanprover--lean4---v4.31.0\lib\lean\Init\Data\String\Lemmas\Search.olean
f:\DevCache\elan\toolchains\leanprover--lean4---v4.31.0\lib\lean\Init\Data\String\Lemmas\Slice.olean
f:\DevCache\elan\toolchains\leanprover--lean4---v4.31.0\lib\lean\Init\Data\String\Lemmas\Splits.olean
f:\DevCache\elan\toolchains\leanprover--lean4---v4.31.0\lib\lean\Init\Data\String\Lemmas\StringOrder.olean
f:\DevCache\elan\toolchains\leanprover--lean4---v4.31.0\lib\lean\Init\Data\String\Lemmas\TakeDrop.olean
f:\DevCache\elan\toolchains\leanprover--lean4---v4.31.0\lib\lean\Init\Data\String\Pattern\Basic.olean
f:\DevCache\elan\toolchains\leanprover--lean4---v4.31.0\lib\lean\Init\Data\String\Pattern\Char.olean
f:\DevCache\elan\toolchains\leanprover--lean4---v4.31.0\lib\lean\Init\Data\String\Pattern\Pred.olean
f:\DevCache\elan\toolchains\leanprover--lean4---v4.31.0\lib\lean\Init\Data\String\Pattern\String.olean
f:\DevCache\elan\toolchains\leanprover--lean4---v4.31.0\lib\lean\Lean\Compiler\LCNF\Simp\Basic.olean
f:\DevCache\elan\toolchains\leanprover--lean4---v4.31.0\lib\lean\Lean\Compiler\LCNF\Simp\Config.olean
f:\DevCache\elan\toolchains\leanprover--lean4---v4.31.0\lib\lean\Lean\Compiler\LCNF\Simp\ConstantFold.olean
f:\DevCache\elan\toolchains\leanprover--lean4---v4.31.0\lib\lean\Lean\Compiler\LCNF\Simp\DefaultAlt.olean
f:\DevCache\elan\toolchains\leanprover--lean4---v4.31.0\lib\lean\Lean\Compiler\LCNF\Simp\DiscrM.olean
f:\DevCache\elan\toolchains\leanprover--lean4---v4.31.0\lib\lean\Lean\Compiler\LCNF\Simp\FunDeclInfo.olean
f:\DevCache\elan\toolchains\leanprover--lean4---v4.31.0\lib\lean\Lean\Compiler\LCNF\Simp\InlineCandidate.olean
f:\DevCache\elan\toolchains\leanprover--lean4---v4.31.0\lib\lean\Lean\Compiler\LCNF\Simp\InlineProj.olean
f:\DevCache\elan\toolchains\leanprover--lean4---v4.31.0\lib\lean\Lean\Compiler\LCNF\Simp\JpCases.olean
f:\DevCache\elan\toolchains\leanprover--lean4---v4.31.0\lib\lean\Lean\Compiler\LCNF\Simp\Main.olean
f:\DevCache\elan\toolchains\leanprover--lean4---v4.31.0\lib\lean\Lean\Compiler\LCNF\Simp\SimpM.olean
f:\DevCache\elan\toolchains\leanprover--lean4---v4.31.0\lib\lean\Lean\Compiler\LCNF\Simp\SimpValue.olean
f:\DevCache\elan\toolchains\leanprover--lean4---v4.31.0\lib\lean\Lean\Compiler\LCNF\Simp\Used.olean
f:\DevCache\elan\toolchains\leanprover--lean4---v4.31.0\lib\lean\Lean\Data\Iterators\Producers\PersistentHashMap.olean
f:\DevCache\elan\toolchains\leanprover--lean4---v4.31.0\lib\lean\Lean\Data\Json\FromToJson\Basic.olean
f:\DevCache\elan\toolchains\leanprover--lean4---v4.31.0\lib\lean\Lean\Data\Json\FromToJson\Extra.olean
f:\DevCache\elan\toolchains\leanprover--lean4---v4.31.0\lib\lean\Lean\Elab\DocString\Builtin\Keywords.olean
f:\DevCache\elan\toolchains\leanprover--lean4---v4.31.0\lib\lean\Lean\Elab\DocString\Builtin\Parsing.olean
f:\DevCache\elan\toolchains\leanprover--lean4---v4.31.0\lib\lean\Lean\Elab\DocString\Builtin\Postponed.olean
f:\DevCache\elan\toolchains\leanprover--lean4---v4.31.0\lib\lean\Lean\Elab\DocString\Builtin\Scopes.olean
f:\DevCache\elan\toolchains\leanprover--lean4---v4.31.0\lib\lean\Lean\Elab\PreDefinition\PartialFixpoint\Eqns.olean
f:\DevCache\elan\toolchains\leanprover--lean4---v4.31.0\lib\lean\Lean\Elab\PreDefinition\PartialFixpoint\Induction.olean
f:\DevCache\elan\toolchains\leanprover--lean4---v4.31.0\lib\lean\Lean\Elab\PreDefinition\PartialFixpoint\Main.olean
f:\DevCache\elan\toolchains\leanprover--lean4---v4.31.0\lib\lean\Lean\Elab\PreDefinition\Structural\BRecOn.olean
f:\DevCache\elan\toolchains\leanprover--lean4---v4.31.0\lib\lean\Lean\Elab\PreDefinition\Structural\Basic.olean
f:\DevCache\elan\toolchains\leanprover--lean4---v4.31.0\lib\lean\Lean\Elab\PreDefinition\Structural\Eqns.olean
f:\DevCache\elan\toolchains\leanprover--lean4---v4.31.0\lib\lean\Lean\Elab\PreDefinition\Structural\FindRecArg.olean
f:\DevCache\elan\toolchains\leanprover--lean4---v4.31.0\lib\lean\Lean\Elab\PreDefinition\Structural\IndGroupInfo.olean
f:\DevCache\elan\toolchains\leanprover--lean4---v4.31.0\lib\lean\Lean\Elab\PreDefinition\Structural\IndPred.olean
f:\DevCache\elan\toolchains\leanprover--lean4---v4.31.0\lib\lean\Lean\Elab\PreDefinition\Structural\Main.olean
f:\DevCache\elan\toolchains\leanprover--lean4---v4.31.0\lib\lean\Lean\Elab\PreDefinition\Structural\Preprocess.olean
f:\DevCache\elan\toolchains\leanprover--lean4---v4.31.0\lib\lean\Lean\Elab\PreDefinition\Structural\RecArgInfo.olean
f:\DevCache\elan\toolchains\leanprover--lean4---v4.31.0\lib\lean\Lean\Elab\PreDefinition\Structural\SmartUnfolding.olean
f:\DevCache\elan\toolchains\leanprover--lean4---v4.31.0\lib\lean\Lean\Elab\PreDefinition\WF\Basic.olean
f:\DevCache\elan\toolchains\leanprover--lean4---v4.31.0\lib\lean\Lean\Elab\PreDefinition\WF\Eqns.olean
f:\DevCache\elan\toolchains\leanprover--lean4---v4.31.0\lib\lean\Lean\Elab\PreDefinition\WF\Fix.olean
f:\DevCache\elan\toolchains\leanprover--lean4---v4.31.0\lib\lean\Lean\Elab\PreDefinition\WF\FloatRecApp.olean
f:\DevCache\elan\toolchains\leanprover--lean4---v4.31.0\lib\lean\Lean\Elab\PreDefinition\WF\GuessLex.olean
f:\DevCache\elan\toolchains\leanprover--lean4---v4.31.0\lib\lean\Lean\Elab\PreDefinition\WF\Main.olean
f:\DevCache\elan\toolchains\leanprover--lean4---v4.31.0\lib\lean\Lean\Elab\PreDefinition\WF\PackMutual.olean
f:\DevCache\elan\toolchains\leanprover--lean4---v4.31.0\lib\lean\Lean\Elab\PreDefinition\WF\Preprocess.olean
f:\DevCache\elan\toolchains\leanprover--lean4---v4.31.0\lib\lean\Lean\Elab\PreDefinition\WF\Rel.olean
f:\DevCache\elan\toolchains\leanprover--lean4---v4.31.0\lib\lean\Lean\Elab\PreDefinition\WF\Unfold.olean
f:\DevCache\elan\toolchains\leanprover--lean4---v4.31.0\lib\lean\Lean\Elab\Tactic\BVDecide\External.olean
f:\DevCache\elan\toolchains\leanprover--lean4---v4.31.0\lib\lean\Lean\Elab\Tactic\BVDecide\Frontend.olean
f:\DevCache\elan\toolchains\leanprover--lean4---v4.31.0\lib\lean\Lean\Elab\Tactic\BVDecide\LRAT.olean
f:\DevCache\elan\toolchains\leanprover--lean4---v4.31.0\lib\lean\Lean\Elab\Tactic\Conv\Basic.olean
f:\DevCache\elan\toolchains\leanprover--lean4---v4.31.0\lib\lean\Lean\Elab\Tactic\Conv\Cbv.olean
f:\DevCache\elan\toolchains\leanprover--lean4---v4.31.0\lib\lean\Lean\Elab\Tactic\Conv\Change.olean
f:\DevCache\elan\toolchains\leanprover--lean4---v4.31.0\lib\lean\Lean\Elab\Tactic\Conv\Congr.olean
f:\DevCache\elan\toolchains\leanprover--lean4---v4.31.0\lib\lean\Lean\Elab\Tactic\Conv\Delta.olean
f:\DevCache\elan\toolchains\leanprover--lean4---v4.31.0\lib\lean\Lean\Elab\Tactic\Conv\Lets.olean
f:\DevCache\elan\toolchains\leanprover--lean4---v4.31.0\lib\lean\Lean\Elab\Tactic\Conv\Pattern.olean
f:\DevCache\elan\toolchains\leanprover--lean4---v4.31.0\lib\lean\Lean\Elab\Tactic\Conv\Rewrite.olean
f:\DevCache\elan\toolchains\leanprover--lean4---v4.31.0\lib\lean\Lean\Elab\Tactic\Conv\Simp.olean
f:\DevCache\elan\toolchains\leanprover--lean4---v4.31.0\lib\lean\Lean\Elab\Tactic\Conv\Unfold.olean
f:\DevCache\elan\toolchains\leanprover--lean4---v4.31.0\lib\lean\Lean\Elab\Tactic\Do\Attr.olean
f:\DevCache\elan\toolchains\leanprover--lean4---v4.31.0\lib\lean\Lean\Elab\Tactic\Do\Internal.olean
f:\DevCache\elan\toolchains\leanprover--lean4---v4.31.0\lib\lean\Lean\Elab\Tactic\Do\LetElim.olean
f:\DevCache\elan\toolchains\leanprover--lean4---v4.31.0\lib\lean\Lean\Elab\Tactic\Do\ProofMode.olean
f:\DevCache\elan\toolchains\leanprover--lean4---v4.31.0\lib\lean\Lean\Elab\Tactic\Do\Spec.olean
f:\DevCache\elan\toolchains\leanprover--lean4---v4.31.0\lib\lean\Lean\Elab\Tactic\Do\Syntax.olean
f:\DevCache\elan\toolchains\leanprover--lean4---v4.31.0\lib\lean\Lean\Elab\Tactic\Do\VCGen.olean
f:\DevCache\elan\toolchains\leanprover--lean4---v4.31.0\lib\lean\Lean\Elab\Tactic\Grind\Anchor.olean
f:\DevCache\elan\toolchains\leanprover--lean4---v4.31.0\lib\lean\Lean\Elab\Tactic\Grind\Annotated.olean
f:\DevCache\elan\toolchains\leanprover--lean4---v4.31.0\lib\lean\Lean\Elab\Tactic\Grind\Basic.olean
f:\DevCache\elan\toolchains\leanprover--lean4---v4.31.0\lib\lean\Lean\Elab\Tactic\Grind\BuiltinTactic.olean
f:\DevCache\elan\toolchains\leanprover--lean4---v4.31.0\lib\lean\Lean\Elab\Tactic\Grind\Config.olean
f:\DevCache\elan\toolchains\leanprover--lean4---v4.31.0\lib\lean\Lean\Elab\Tactic\Grind\DSimprocDSL.olean
f:\DevCache\elan\toolchains\leanprover--lean4---v4.31.0\lib\lean\Lean\Elab\Tactic\Grind\DSimprocDSLBuiltin.olean
f:\DevCache\elan\toolchains\leanprover--lean4---v4.31.0\lib\lean\Lean\Elab\Tactic\Grind\Filter.olean
f:\DevCache\elan\toolchains\leanprover--lean4---v4.31.0\lib\lean\Lean\Elab\Tactic\Grind\Have.olean
f:\DevCache\elan\toolchains\leanprover--lean4---v4.31.0\lib\lean\Lean\Elab\Tactic\Grind\Lint.olean
f:\DevCache\elan\toolchains\leanprover--lean4---v4.31.0\lib\lean\Lean\Elab\Tactic\Grind\LintExceptions.olean
f:\DevCache\elan\toolchains\leanprover--lean4---v4.31.0\lib\lean\Lean\Elab\Tactic\Grind\Main.olean
f:\DevCache\elan\toolchains\leanprover--lean4---v4.31.0\lib\lean\Lean\Elab\Tactic\Grind\Param.olean
f:\DevCache\elan\toolchains\leanprover--lean4---v4.31.0\lib\lean\Lean\Elab\Tactic\Grind\RegisterSymDSimp.olean
f:\DevCache\elan\toolchains\leanprover--lean4---v4.31.0\lib\lean\Lean\Elab\Tactic\Grind\RegisterSymSimp.olean
f:\DevCache\elan\toolchains\leanprover--lean4---v4.31.0\lib\lean\Lean\Elab\Tactic\Grind\ShowState.olean
f:\DevCache\elan\toolchains\leanprover--lean4---v4.31.0\lib\lean\Lean\Elab\Tactic\Grind\SimprocDSL.olean
f:\DevCache\elan\toolchains\leanprover--lean4---v4.31.0\lib\lean\Lean\Elab\Tactic\Grind\SimprocDSLBuiltin.olean
f:\DevCache\elan\toolchains\leanprover--lean4---v4.31.0\lib\lean\Lean\Elab\Tactic\Grind\Sym.olean
f:\DevCache\elan\toolchains\leanprover--lean4---v4.31.0\lib\lean\Lean\Elab\Tactic\Grind\Trace.olean
f:\DevCache\elan\toolchains\leanprover--lean4---v4.31.0\lib\lean\Lean\Elab\Tactic\Grind\WithGrindTacticM.olean
f:\DevCache\elan\toolchains\leanprover--lean4---v4.31.0\lib\lean\Lean\Elab\Tactic\Omega\Core.olean
f:\DevCache\elan\toolchains\leanprover--lean4---v4.31.0\lib\lean\Lean\Elab\Tactic\Omega\Frontend.olean
f:\DevCache\elan\toolchains\leanprover--lean4---v4.31.0\lib\lean\Lean\Elab\Tactic\Omega\MinNatAbs.olean
f:\DevCache\elan\toolchains\leanprover--lean4---v4.31.0\lib\lean\Lean\Elab\Tactic\Omega\OmegaM.olean
f:\DevCache\elan\toolchains\leanprover--lean4---v4.31.0\lib\lean\Lean\Meta\Match\MatcherApp\Basic.olean
f:\DevCache\elan\toolchains\leanprover--lean4---v4.31.0\lib\lean\Lean\Meta\Match\MatcherApp\Transform.olean
f:\DevCache\elan\toolchains\leanprover--lean4---v4.31.0\lib\lean\Lean\Meta\Sym\Arith\Classify.olean
f:\DevCache\elan\toolchains\leanprover--lean4---v4.31.0\lib\lean\Lean\Meta\Sym\Arith\DenoteExpr.olean
f:\DevCache\elan\toolchains\leanprover--lean4---v4.31.0\lib\lean\Lean\Meta\Sym\Arith\EvalNum.olean
f:\DevCache\elan\toolchains\leanprover--lean4---v4.31.0\lib\lean\Lean\Meta\Sym\Arith\Functions.olean
f:\DevCache\elan\toolchains\leanprover--lean4---v4.31.0\lib\lean\Lean\Meta\Sym\Arith\MonadCanon.olean
f:\DevCache\elan\toolchains\leanprover--lean4---v4.31.0\lib\lean\Lean\Meta\Sym\Arith\MonadRing.olean
f:\DevCache\elan\toolchains\leanprover--lean4---v4.31.0\lib\lean\Lean\Meta\Sym\Arith\MonadSemiring.olean
f:\DevCache\elan\toolchains\leanprover--lean4---v4.31.0\lib\lean\Lean\Meta\Sym\Arith\MonadVar.olean
f:\DevCache\elan\toolchains\leanprover--lean4---v4.31.0\lib\lean\Lean\Meta\Sym\Arith\Poly.olean
f:\DevCache\elan\toolchains\leanprover--lean4---v4.31.0\lib\lean\Lean\Meta\Sym\Arith\Reify.olean
f:\DevCache\elan\toolchains\leanprover--lean4---v4.31.0\lib\lean\Lean\Meta\Sym\Arith\ToExpr.olean
f:\DevCache\elan\toolchains\leanprover--lean4---v4.31.0\lib\lean\Lean\Meta\Sym\Arith\Types.olean
f:\DevCache\elan\toolchains\leanprover--lean4---v4.31.0\lib\lean\Lean\Meta\Sym\Arith\VarRename.olean
f:\DevCache\elan\toolchains\leanprover--lean4---v4.31.0\lib\lean\Lean\Meta\Sym\DSimp\App.olean
f:\DevCache\elan\toolchains\leanprover--lean4---v4.31.0\lib\lean\Lean\Meta\Sym\DSimp\DSimpM.olean
f:\DevCache\elan\toolchains\leanprover--lean4---v4.31.0\lib\lean\Lean\Meta\Sym\DSimp\DSimproc.olean
f:\DevCache\elan\toolchains\leanprover--lean4---v4.31.0\lib\lean\Lean\Meta\Sym\DSimp\Forall.olean
f:\DevCache\elan\toolchains\leanprover--lean4---v4.31.0\lib\lean\Lean\Meta\Sym\DSimp\Lambda.olean
f:\DevCache\elan\toolchains\leanprover--lean4---v4.31.0\lib\lean\Lean\Meta\Sym\DSimp\Let.olean
f:\DevCache\elan\toolchains\leanprover--lean4---v4.31.0\lib\lean\Lean\Meta\Sym\DSimp\Main.olean
f:\DevCache\elan\toolchains\leanprover--lean4---v4.31.0\lib\lean\Lean\Meta\Sym\DSimp\Reduce.olean
f:\DevCache\elan\toolchains\leanprover--lean4---v4.31.0\lib\lean\Lean\Meta\Sym\DSimp\Result.olean
f:\DevCache\elan\toolchains\leanprover--lean4---v4.31.0\lib\lean\Lean\Meta\Sym\DSimp\Variant.olean
f:\DevCache\elan\toolchains\leanprover--lean4---v4.31.0\lib\lean\Lean\Meta\Sym\Simp\App.olean
f:\DevCache\elan\toolchains\leanprover--lean4---v4.31.0\lib\lean\Lean\Meta\Sym\Simp\Attr.olean
f:\DevCache\elan\toolchains\leanprover--lean4---v4.31.0\lib\lean\Lean\Meta\Sym\Simp\CongrInfo.olean
f:\DevCache\elan\toolchains\leanprover--lean4---v4.31.0\lib\lean\Lean\Meta\Sym\Simp\ControlFlow.olean
f:\DevCache\elan\toolchains\leanprover--lean4---v4.31.0\lib\lean\Lean\Meta\Sym\Simp\Debug.olean
f:\DevCache\elan\toolchains\leanprover--lean4---v4.31.0\lib\lean\Lean\Meta\Sym\Simp\Discharger.olean
f:\DevCache\elan\toolchains\leanprover--lean4---v4.31.0\lib\lean\Lean\Meta\Sym\Simp\DiscrTree.olean
f:\DevCache\elan\toolchains\leanprover--lean4---v4.31.0\lib\lean\Lean\Meta\Sym\Simp\EvalGround.olean
f:\DevCache\elan\toolchains\leanprover--lean4---v4.31.0\lib\lean\Lean\Meta\Sym\Simp\Forall.olean
f:\DevCache\elan\toolchains\leanprover--lean4---v4.31.0\lib\lean\Lean\Meta\Sym\Simp\Goal.olean
f:\DevCache\elan\toolchains\leanprover--lean4---v4.31.0\lib\lean\Lean\Meta\Sym\Simp\Have.olean
f:\DevCache\elan\toolchains\leanprover--lean4---v4.31.0\lib\lean\Lean\Meta\Sym\Simp\Lambda.olean
f:\DevCache\elan\toolchains\leanprover--lean4---v4.31.0\lib\lean\Lean\Meta\Sym\Simp\Main.olean
f:\DevCache\elan\toolchains\leanprover--lean4---v4.31.0\lib\lean\Lean\Meta\Sym\Simp\RegisterCommand.olean
f:\DevCache\elan\toolchains\leanprover--lean4---v4.31.0\lib\lean\Lean\Meta\Sym\Simp\Result.olean
f:\DevCache\elan\toolchains\leanprover--lean4---v4.31.0\lib\lean\Lean\Meta\Sym\Simp\Rewrite.olean
f:\DevCache\elan\toolchains\leanprover--lean4---v4.31.0\lib\lean\Lean\Meta\Sym\Simp\SimpM.olean
f:\DevCache\elan\toolchains\leanprover--lean4---v4.31.0\lib\lean\Lean\Meta\Sym\Simp\Simproc.olean
f:\DevCache\elan\toolchains\leanprover--lean4---v4.31.0\lib\lean\Lean\Meta\Sym\Simp\Telescope.olean
f:\DevCache\elan\toolchains\leanprover--lean4---v4.31.0\lib\lean\Lean\Meta\Sym\Simp\Theorems.olean
f:\DevCache\elan\toolchains\leanprover--lean4---v4.31.0\lib\lean\Lean\Meta\Sym\Simp\Variant.olean
f:\DevCache\elan\toolchains\leanprover--lean4---v4.31.0\lib\lean\Lean\Meta\Tactic\AC\Main.olean
f:\DevCache\elan\toolchains\leanprover--lean4---v4.31.0\lib\lean\Lean\Meta\Tactic\Cbv\CbvEvalExt.olean
f:\DevCache\elan\toolchains\leanprover--lean4---v4.31.0\lib\lean\Lean\Meta\Tactic\Cbv\CbvSimproc.olean
f:\DevCache\elan\toolchains\leanprover--lean4---v4.31.0\lib\lean\Lean\Meta\Tactic\Cbv\ControlFlow.olean
f:\DevCache\elan\toolchains\leanprover--lean4---v4.31.0\lib\lean\Lean\Meta\Tactic\Cbv\Main.olean
f:\DevCache\elan\toolchains\leanprover--lean4---v4.31.0\lib\lean\Lean\Meta\Tactic\Cbv\Opaque.olean
f:\DevCache\elan\toolchains\leanprover--lean4---v4.31.0\lib\lean\Lean\Meta\Tactic\Cbv\TheoremsLookup.olean
f:\DevCache\elan\toolchains\leanprover--lean4---v4.31.0\lib\lean\Lean\Meta\Tactic\Cbv\Util.olean
f:\DevCache\elan\toolchains\leanprover--lean4---v4.31.0\lib\lean\Lean\Meta\Tactic\Grind\AC.olean
f:\DevCache\elan\toolchains\leanprover--lean4---v4.31.0\lib\lean\Lean\Meta\Tactic\Grind\Action.olean
f:\DevCache\elan\toolchains\leanprover--lean4---v4.31.0\lib\lean\Lean\Meta\Tactic\Grind\Anchor.olean
f:\DevCache\elan\toolchains\leanprover--lean4---v4.31.0\lib\lean\Lean\Meta\Tactic\Grind\Arith.olean
f:\DevCache\elan\toolchains\leanprover--lean4---v4.31.0\lib\lean\Lean\Meta\Tactic\Grind\Attr.olean
f:\DevCache\elan\toolchains\leanprover--lean4---v4.31.0\lib\lean\Lean\Meta\Tactic\Grind\Beta.olean
f:\DevCache\elan\toolchains\leanprover--lean4---v4.31.0\lib\lean\Lean\Meta\Tactic\Grind\Cases.olean
f:\DevCache\elan\toolchains\leanprover--lean4---v4.31.0\lib\lean\Lean\Meta\Tactic\Grind\CasesMatch.olean
f:\DevCache\elan\toolchains\leanprover--lean4---v4.31.0\lib\lean\Lean\Meta\Tactic\Grind\CastLike.olean
f:\DevCache\elan\toolchains\leanprover--lean4---v4.31.0\lib\lean\Lean\Meta\Tactic\Grind\CheckResult.olean
f:\DevCache\elan\toolchains\leanprover--lean4---v4.31.0\lib\lean\Lean\Meta\Tactic\Grind\CollectParams.olean
f:\DevCache\elan\toolchains\leanprover--lean4---v4.31.0\lib\lean\Lean\Meta\Tactic\Grind\Core.olean
f:\DevCache\elan\toolchains\leanprover--lean4---v4.31.0\lib\lean\Lean\Meta\Tactic\Grind\Ctor.olean
f:\DevCache\elan\toolchains\leanprover--lean4---v4.31.0\lib\lean\Lean\Meta\Tactic\Grind\CtorIdx.olean
f:\DevCache\elan\toolchains\leanprover--lean4---v4.31.0\lib\lean\Lean\Meta\Tactic\Grind\Diseq.olean
f:\DevCache\elan\toolchains\leanprover--lean4---v4.31.0\lib\lean\Lean\Meta\Tactic\Grind\EMatch.olean
f:\DevCache\elan\toolchains\leanprover--lean4---v4.31.0\lib\lean\Lean\Meta\Tactic\Grind\EMatchAction.olean
f:\DevCache\elan\toolchains\leanprover--lean4---v4.31.0\lib\lean\Lean\Meta\Tactic\Grind\EMatchTheorem.olean
f:\DevCache\elan\toolchains\leanprover--lean4---v4.31.0\lib\lean\Lean\Meta\Tactic\Grind\EMatchTheoremParam.olean
f:\DevCache\elan\toolchains\leanprover--lean4---v4.31.0\lib\lean\Lean\Meta\Tactic\Grind\EMatchTheoremPtr.olean
f:\DevCache\elan\toolchains\leanprover--lean4---v4.31.0\lib\lean\Lean\Meta\Tactic\Grind\EqResolution.olean
f:\DevCache\elan\toolchains\leanprover--lean4---v4.31.0\lib\lean\Lean\Meta\Tactic\Grind\Ext.olean
f:\DevCache\elan\toolchains\leanprover--lean4---v4.31.0\lib\lean\Lean\Meta\Tactic\Grind\ExtAttr.olean
f:\DevCache\elan\toolchains\leanprover--lean4---v4.31.0\lib\lean\Lean\Meta\Tactic\Grind\Extension.olean
f:\DevCache\elan\toolchains\leanprover--lean4---v4.31.0\lib\lean\Lean\Meta\Tactic\Grind\Filter.olean
f:\DevCache\elan\toolchains\leanprover--lean4---v4.31.0\lib\lean\Lean\Meta\Tactic\Grind\Finish.olean
f:\DevCache\elan\toolchains\leanprover--lean4---v4.31.0\lib\lean\Lean\Meta\Tactic\Grind\ForallProp.olean
f:\DevCache\elan\toolchains\leanprover--lean4---v4.31.0\lib\lean\Lean\Meta\Tactic\Grind\Injection.olean
f:\DevCache\elan\toolchains\leanprover--lean4---v4.31.0\lib\lean\Lean\Meta\Tactic\Grind\Injective.olean
f:\DevCache\elan\toolchains\leanprover--lean4---v4.31.0\lib\lean\Lean\Meta\Tactic\Grind\Internalize.olean
f:\DevCache\elan\toolchains\leanprover--lean4---v4.31.0\lib\lean\Lean\Meta\Tactic\Grind\Intro.olean
f:\DevCache\elan\toolchains\leanprover--lean4---v4.31.0\lib\lean\Lean\Meta\Tactic\Grind\Inv.olean
f:\DevCache\elan\toolchains\leanprover--lean4---v4.31.0\lib\lean\Lean\Meta\Tactic\Grind\LawfulEqCmp.olean
f:\DevCache\elan\toolchains\leanprover--lean4---v4.31.0\lib\lean\Lean\Meta\Tactic\Grind\Lookahead.olean
f:\DevCache\elan\toolchains\leanprover--lean4---v4.31.0\lib\lean\Lean\Meta\Tactic\Grind\MBTC.olean
f:\DevCache\elan\toolchains\leanprover--lean4---v4.31.0\lib\lean\Lean\Meta\Tactic\Grind\Main.olean
f:\DevCache\elan\toolchains\leanprover--lean4---v4.31.0\lib\lean\Lean\Meta\Tactic\Grind\MarkNestedSubsingletons.olean
f:\DevCache\elan\toolchains\leanprover--lean4---v4.31.0\lib\lean\Lean\Meta\Tactic\Grind\MatchCond.olean
f:\DevCache\elan\toolchains\leanprover--lean4---v4.31.0\lib\lean\Lean\Meta\Tactic\Grind\MatchDiscrOnly.olean
f:\DevCache\elan\toolchains\leanprover--lean4---v4.31.0\lib\lean\Lean\Meta\Tactic\Grind\Order.olean
f:\DevCache\elan\toolchains\leanprover--lean4---v4.31.0\lib\lean\Lean\Meta\Tactic\Grind\OrderInsts.olean
f:\DevCache\elan\toolchains\leanprover--lean4---v4.31.0\lib\lean\Lean\Meta\Tactic\Grind\PP.olean
f:\DevCache\elan\toolchains\leanprover--lean4---v4.31.0\lib\lean\Lean\Meta\Tactic\Grind\Parser.olean
f:\DevCache\elan\toolchains\leanprover--lean4---v4.31.0\lib\lean\Lean\Meta\Tactic\Grind\Proj.olean
f:\DevCache\elan\toolchains\leanprover--lean4---v4.31.0\lib\lean\Lean\Meta\Tactic\Grind\Proof.olean
f:\DevCache\elan\toolchains\leanprover--lean4---v4.31.0\lib\lean\Lean\Meta\Tactic\Grind\ProofUtil.olean
f:\DevCache\elan\toolchains\leanprover--lean4---v4.31.0\lib\lean\Lean\Meta\Tactic\Grind\Propagate.olean
f:\DevCache\elan\toolchains\leanprover--lean4---v4.31.0\lib\lean\Lean\Meta\Tactic\Grind\PropagateInj.olean
f:\DevCache\elan\toolchains\leanprover--lean4---v4.31.0\lib\lean\Lean\Meta\Tactic\Grind\PropagatorAttr.olean
f:\DevCache\elan\toolchains\leanprover--lean4---v4.31.0\lib\lean\Lean\Meta\Tactic\Grind\ProveEq.olean
f:\DevCache\elan\toolchains\leanprover--lean4---v4.31.0\lib\lean\Lean\Meta\Tactic\Grind\ReflCmp.olean
f:\DevCache\elan\toolchains\leanprover--lean4---v4.31.0\lib\lean\Lean\Meta\Tactic\Grind\RegisterCommand.olean
f:\DevCache\elan\toolchains\leanprover--lean4---v4.31.0\lib\lean\Lean\Meta\Tactic\Grind\RevertAll.olean
f:\DevCache\elan\toolchains\leanprover--lean4---v4.31.0\lib\lean\Lean\Meta\Tactic\Grind\Simp.olean
f:\DevCache\elan\toolchains\leanprover--lean4---v4.31.0\lib\lean\Lean\Meta\Tactic\Grind\SimpUtil.olean
f:\DevCache\elan\toolchains\leanprover--lean4---v4.31.0\lib\lean\Lean\Meta\Tactic\Grind\Solve.olean
f:\DevCache\elan\toolchains\leanprover--lean4---v4.31.0\lib\lean\Lean\Meta\Tactic\Grind\Split.olean
f:\DevCache\elan\toolchains\leanprover--lean4---v4.31.0\lib\lean\Lean\Meta\Tactic\Grind\SynthInstance.olean
f:\DevCache\elan\toolchains\leanprover--lean4---v4.31.0\lib\lean\Lean\Meta\Tactic\Grind\Theorems.olean
f:\DevCache\elan\toolchains\leanprover--lean4---v4.31.0\lib\lean\Lean\Meta\Tactic\Grind\Types.olean
f:\DevCache\elan\toolchains\leanprover--lean4---v4.31.0\lib\lean\Lean\Meta\Tactic\Grind\Util.olean
f:\DevCache\elan\toolchains\leanprover--lean4---v4.31.0\lib\lean\Lean\Meta\Tactic\Grind\VarRename.olean
f:\DevCache\elan\toolchains\leanprover--lean4---v4.31.0\lib\lean\Lean\Meta\Tactic\Simp\Arith.olean
f:\DevCache\elan\toolchains\leanprover--lean4---v4.31.0\lib\lean\Lean\Meta\Tactic\Simp\Attr.olean
f:\DevCache\elan\toolchains\leanprover--lean4---v4.31.0\lib\lean\Lean\Meta\Tactic\Simp\BuiltinSimprocs.olean
f:\DevCache\elan\toolchains\leanprover--lean4---v4.31.0\lib\lean\Lean\Meta\Tactic\Simp\Diagnostics.olean
f:\DevCache\elan\toolchains\leanprover--lean4---v4.31.0\lib\lean\Lean\Meta\Tactic\Simp\LoopProtection.olean
f:\DevCache\elan\toolchains\leanprover--lean4---v4.31.0\lib\lean\Lean\Meta\Tactic\Simp\Main.olean
f:\DevCache\elan\toolchains\leanprover--lean4---v4.31.0\lib\lean\Lean\Meta\Tactic\Simp\RegisterCommand.olean
f:\DevCache\elan\toolchains\leanprover--lean4---v4.31.0\lib\lean\Lean\Meta\Tactic\Simp\Rewrite.olean
f:\DevCache\elan\toolchains\leanprover--lean4---v4.31.0\lib\lean\Lean\Meta\Tactic\Simp\SimpAll.olean
f:\DevCache\elan\toolchains\leanprover--lean4---v4.31.0\lib\lean\Lean\Meta\Tactic\Simp\SimpCongrTheorems.olean
f:\DevCache\elan\toolchains\leanprover--lean4---v4.31.0\lib\lean\Lean\Meta\Tactic\Simp\SimpTheorems.olean
f:\DevCache\elan\toolchains\leanprover--lean4---v4.31.0\lib\lean\Lean\Meta\Tactic\Simp\Simproc.olean
f:\DevCache\elan\toolchains\leanprover--lean4---v4.31.0\lib\lean\Lean\Meta\Tactic\Simp\Types.olean
f:\DevCache\elan\toolchains\leanprover--lean4---v4.31.0\lib\lean\Lean\Meta\Tactic\Try\Collect.olean
F:\LaTeX\BVE research\lean-proof\.lake\packages\mathlib\.lake\build\lib\lean\Mathlib\Algebra\Algebra\Spectrum\Basic.olean
F:\LaTeX\BVE research\lean-proof\.lake\packages\mathlib\.lake\build\lib\lean\Mathlib\Algebra\Algebra\Subalgebra\Basic.olean
F:\LaTeX\BVE research\lean-proof\.lake\packages\mathlib\.lake\build\lib\lean\Mathlib\Algebra\Algebra\Subalgebra\Directed.olean
F:\LaTeX\BVE research\lean-proof\.lake\packages\mathlib\.lake\build\lib\lean\Mathlib\Algebra\Algebra\Subalgebra\Lattice.olean
F:\LaTeX\BVE research\lean-proof\.lake\packages\mathlib\.lake\build\lib\lean\Mathlib\Algebra\Algebra\Subalgebra\Operations.olean
F:\LaTeX\BVE research\lean-proof\.lake\packages\mathlib\.lake\build\lib\lean\Mathlib\Algebra\Algebra\Subalgebra\Prod.olean
F:\LaTeX\BVE research\lean-proof\.lake\packages\mathlib\.lake\build\lib\lean\Mathlib\Algebra\Algebra\Subalgebra\Tower.olean
F:\LaTeX\BVE research\lean-proof\.lake\packages\mathlib\.lake\build\lib\lean\Mathlib\Algebra\BigOperators\Finsupp\Basic.olean
F:\LaTeX\BVE research\lean-proof\.lake\packages\mathlib\.lake\build\lib\lean\Mathlib\Algebra\BigOperators\Finsupp\Fin.olean
F:\LaTeX\BVE research\lean-proof\.lake\packages\mathlib\.lake\build\lib\lean\Mathlib\Algebra\BigOperators\GroupWithZero\Action.olean
F:\LaTeX\BVE research\lean-proof\.lake\packages\mathlib\.lake\build\lib\lean\Mathlib\Algebra\BigOperators\GroupWithZero\Finset.olean
F:\LaTeX\BVE research\lean-proof\.lake\packages\mathlib\.lake\build\lib\lean\Mathlib\Algebra\BigOperators\Ring\Finset.olean
F:\LaTeX\BVE research\lean-proof\.lake\packages\mathlib\.lake\build\lib\lean\Mathlib\Algebra\BigOperators\Ring\List.olean
F:\LaTeX\BVE research\lean-proof\.lake\packages\mathlib\.lake\build\lib\lean\Mathlib\Algebra\BigOperators\Ring\Multiset.olean
F:\LaTeX\BVE research\lean-proof\.lake\packages\mathlib\.lake\build\lib\lean\Mathlib\Algebra\Field\Subfield\Basic.olean
F:\LaTeX\BVE research\lean-proof\.lake\packages\mathlib\.lake\build\lib\lean\Mathlib\Algebra\Field\Subfield\Defs.olean
F:\LaTeX\BVE research\lean-proof\.lake\packages\mathlib\.lake\build\lib\lean\Mathlib\Algebra\Group\Action\Basic.olean
F:\LaTeX\BVE research\lean-proof\.lake\packages\mathlib\.lake\build\lib\lean\Mathlib\Algebra\Group\Action\Defs.olean
F:\LaTeX\BVE research\lean-proof\.lake\packages\mathlib\.lake\build\lib\lean\Mathlib\Algebra\Group\Action\End.olean
F:\LaTeX\BVE research\lean-proof\.lake\packages\mathlib\.lake\build\lib\lean\Mathlib\Algebra\Group\Action\Faithful.olean
F:\LaTeX\BVE research\lean-proof\.lake\packages\mathlib\.lake\build\lib\lean\Mathlib\Algebra\Group\Action\Hom.olean
F:\LaTeX\BVE research\lean-proof\.lake\packages\mathlib\.lake\build\lib\lean\Mathlib\Algebra\Group\Action\Opposite.olean
F:\LaTeX\BVE research\lean-proof\.lake\packages\mathlib\.lake\build\lib\lean\Mathlib\Algebra\Group\Action\Pi.olean
F:\LaTeX\BVE research\lean-proof\.lake\packages\mathlib\.lake\build\lib\lean\Mathlib\Algebra\Group\Action\Pretransitive.olean
F:\LaTeX\BVE research\lean-proof\.lake\packages\mathlib\.lake\build\lib\lean\Mathlib\Algebra\Group\Action\Prod.olean
F:\LaTeX\BVE research\lean-proof\.lake\packages\mathlib\.lake\build\lib\lean\Mathlib\Algebra\Group\Action\TransferInstance.olean
F:\LaTeX\BVE research\lean-proof\.lake\packages\mathlib\.lake\build\lib\lean\Mathlib\Algebra\Group\Action\TypeTags.olean
F:\LaTeX\BVE research\lean-proof\.lake\packages\mathlib\.lake\build\lib\lean\Mathlib\Algebra\Group\Action\Units.olean
F:\LaTeX\BVE research\lean-proof\.lake\packages\mathlib\.lake\build\lib\lean\Mathlib\Algebra\Group\Commute\Basic.olean
F:\LaTeX\BVE research\lean-proof\.lake\packages\mathlib\.lake\build\lib\lean\Mathlib\Algebra\Group\Commute\Defs.olean
F:\LaTeX\BVE research\lean-proof\.lake\packages\mathlib\.lake\build\lib\lean\Mathlib\Algebra\Group\Commute\Hom.olean
F:\LaTeX\BVE research\lean-proof\.lake\packages\mathlib\.lake\build\lib\lean\Mathlib\Algebra\Group\Commute\Units.olean
F:\LaTeX\BVE research\lean-proof\.lake\packages\mathlib\.lake\build\lib\lean\Mathlib\Algebra\Group\Equiv\Basic.olean
F:\LaTeX\BVE research\lean-proof\.lake\packages\mathlib\.lake\build\lib\lean\Mathlib\Algebra\Group\Equiv\Defs.olean
F:\LaTeX\BVE research\lean-proof\.lake\packages\mathlib\.lake\build\lib\lean\Mathlib\Algebra\Group\Equiv\Opposite.olean
F:\LaTeX\BVE research\lean-proof\.lake\packages\mathlib\.lake\build\lib\lean\Mathlib\Algebra\Group\Equiv\TypeTags.olean
F:\LaTeX\BVE research\lean-proof\.lake\packages\mathlib\.lake\build\lib\lean\Mathlib\Algebra\Group\Fin\Basic.olean
F:\LaTeX\BVE research\lean-proof\.lake\packages\mathlib\.lake\build\lib\lean\Mathlib\Algebra\Group\Fin\Tuple.olean
F:\LaTeX\BVE research\lean-proof\.lake\packages\mathlib\.lake\build\lib\lean\Mathlib\Algebra\Group\Hom\Basic.olean
F:\LaTeX\BVE research\lean-proof\.lake\packages\mathlib\.lake\build\lib\lean\Mathlib\Algebra\Group\Hom\CompTypeclasses.olean
F:\LaTeX\BVE research\lean-proof\.lake\packages\mathlib\.lake\build\lib\lean\Mathlib\Algebra\Group\Hom\Defs.olean
F:\LaTeX\BVE research\lean-proof\.lake\packages\mathlib\.lake\build\lib\lean\Mathlib\Algebra\Group\Hom\End.olean
F:\LaTeX\BVE research\lean-proof\.lake\packages\mathlib\.lake\build\lib\lean\Mathlib\Algebra\Group\Hom\Instances.olean
F:\LaTeX\BVE research\lean-proof\.lake\packages\mathlib\.lake\build\lib\lean\Mathlib\Algebra\Group\Int\Defs.olean
F:\LaTeX\BVE research\lean-proof\.lake\packages\mathlib\.lake\build\lib\lean\Mathlib\Algebra\Group\Int\Even.olean
F:\LaTeX\BVE research\lean-proof\.lake\packages\mathlib\.lake\build\lib\lean\Mathlib\Algebra\Group\Int\Units.olean
F:\LaTeX\BVE research\lean-proof\.lake\packages\mathlib\.lake\build\lib\lean\Mathlib\Algebra\Group\Invertible\Basic.olean
F:\LaTeX\BVE research\lean-proof\.lake\packages\mathlib\.lake\build\lib\lean\Mathlib\Algebra\Group\Invertible\Defs.olean
F:\LaTeX\BVE research\lean-proof\.lake\packages\mathlib\.lake\build\lib\lean\Mathlib\Algebra\Group\Irreducible\Defs.olean
F:\LaTeX\BVE research\lean-proof\.lake\packages\mathlib\.lake\build\lib\lean\Mathlib\Algebra\Group\Irreducible\Lemmas.olean
F:\LaTeX\BVE research\lean-proof\.lake\packages\mathlib\.lake\build\lib\lean\Mathlib\Algebra\Group\Nat\Defs.olean
F:\LaTeX\BVE research\lean-proof\.lake\packages\mathlib\.lake\build\lib\lean\Mathlib\Algebra\Group\Nat\Even.olean
F:\LaTeX\BVE research\lean-proof\.lake\packages\mathlib\.lake\build\lib\lean\Mathlib\Algebra\Group\Nat\Hom.olean
F:\LaTeX\BVE research\lean-proof\.lake\packages\mathlib\.lake\build\lib\lean\Mathlib\Algebra\Group\Nat\Range.olean
F:\LaTeX\BVE research\lean-proof\.lake\packages\mathlib\.lake\build\lib\lean\Mathlib\Algebra\Group\Nat\Units.olean
F:\LaTeX\BVE research\lean-proof\.lake\packages\mathlib\.lake\build\lib\lean\Mathlib\Algebra\Group\Pi\Basic.olean
F:\LaTeX\BVE research\lean-proof\.lake\packages\mathlib\.lake\build\lib\lean\Mathlib\Algebra\Group\Pi\Lemmas.olean
F:\LaTeX\BVE research\lean-proof\.lake\packages\mathlib\.lake\build\lib\lean\Mathlib\Algebra\Group\Semiconj\Basic.olean
F:\LaTeX\BVE research\lean-proof\.lake\packages\mathlib\.lake\build\lib\lean\Mathlib\Algebra\Group\Semiconj\Defs.olean
F:\LaTeX\BVE research\lean-proof\.lake\packages\mathlib\.lake\build\lib\lean\Mathlib\Algebra\Group\Semiconj\Units.olean
F:\LaTeX\BVE research\lean-proof\.lake\packages\mathlib\.lake\build\lib\lean\Mathlib\Algebra\Group\Subgroup\Actions.olean
F:\LaTeX\BVE research\lean-proof\.lake\packages\mathlib\.lake\build\lib\lean\Mathlib\Algebra\Group\Subgroup\Basic.olean
F:\LaTeX\BVE research\lean-proof\.lake\packages\mathlib\.lake\build\lib\lean\Mathlib\Algebra\Group\Subgroup\Defs.olean
F:\LaTeX\BVE research\lean-proof\.lake\packages\mathlib\.lake\build\lib\lean\Mathlib\Algebra\Group\Subgroup\Finite.olean
F:\LaTeX\BVE research\lean-proof\.lake\packages\mathlib\.lake\build\lib\lean\Mathlib\Algebra\Group\Subgroup\Ker.olean
F:\LaTeX\BVE research\lean-proof\.lake\packages\mathlib\.lake\build\lib\lean\Mathlib\Algebra\Group\Subgroup\Lattice.olean
F:\LaTeX\BVE research\lean-proof\.lake\packages\mathlib\.lake\build\lib\lean\Mathlib\Algebra\Group\Subgroup\Map.olean
F:\LaTeX\BVE research\lean-proof\.lake\packages\mathlib\.lake\build\lib\lean\Mathlib\Algebra\Group\Subgroup\MulOpposite.olean
F:\LaTeX\BVE research\lean-proof\.lake\packages\mathlib\.lake\build\lib\lean\Mathlib\Algebra\Group\Subgroup\MulOppositeLemmas.olean
F:\LaTeX\BVE research\lean-proof\.lake\packages\mathlib\.lake\build\lib\lean\Mathlib\Algebra\Group\Subgroup\Order.olean
F:\LaTeX\BVE research\lean-proof\.lake\packages\mathlib\.lake\build\lib\lean\Mathlib\Algebra\Group\Subgroup\Pointwise.olean
F:\LaTeX\BVE research\lean-proof\.lake\packages\mathlib\.lake\build\lib\lean\Mathlib\Algebra\Group\Submonoid\Basic.olean
F:\LaTeX\BVE research\lean-proof\.lake\packages\mathlib\.lake\build\lib\lean\Mathlib\Algebra\Group\Submonoid\BigOperators.olean
F:\LaTeX\BVE research\lean-proof\.lake\packages\mathlib\.lake\build\lib\lean\Mathlib\Algebra\Group\Submonoid\Defs.olean
F:\LaTeX\BVE research\lean-proof\.lake\packages\mathlib\.lake\build\lib\lean\Mathlib\Algebra\Group\Submonoid\DistribMulAction.olean
F:\LaTeX\BVE research\lean-proof\.lake\packages\mathlib\.lake\build\lib\lean\Mathlib\Algebra\Group\Submonoid\Finite.olean
F:\LaTeX\BVE research\lean-proof\.lake\packages\mathlib\.lake\build\lib\lean\Mathlib\Algebra\Group\Submonoid\Membership.olean
F:\LaTeX\BVE research\lean-proof\.lake\packages\mathlib\.lake\build\lib\lean\Mathlib\Algebra\Group\Submonoid\MulAction.olean
F:\LaTeX\BVE research\lean-proof\.lake\packages\mathlib\.lake\build\lib\lean\Mathlib\Algebra\Group\Submonoid\MulOpposite.olean
F:\LaTeX\BVE research\lean-proof\.lake\packages\mathlib\.lake\build\lib\lean\Mathlib\Algebra\Group\Submonoid\Operations.olean
F:\LaTeX\BVE research\lean-proof\.lake\packages\mathlib\.lake\build\lib\lean\Mathlib\Algebra\Group\Submonoid\Pointwise.olean
F:\LaTeX\BVE research\lean-proof\.lake\packages\mathlib\.lake\build\lib\lean\Mathlib\Algebra\Group\Submonoid\Units.olean
F:\LaTeX\BVE research\lean-proof\.lake\packages\mathlib\.lake\build\lib\lean\Mathlib\Algebra\Group\Subsemigroup\Basic.olean
F:\LaTeX\BVE research\lean-proof\.lake\packages\mathlib\.lake\build\lib\lean\Mathlib\Algebra\Group\Subsemigroup\Defs.olean
F:\LaTeX\BVE research\lean-proof\.lake\packages\mathlib\.lake\build\lib\lean\Mathlib\Algebra\Group\Subsemigroup\Membership.olean
F:\LaTeX\BVE research\lean-proof\.lake\packages\mathlib\.lake\build\lib\lean\Mathlib\Algebra\Group\Subsemigroup\MulOpposite.olean
F:\LaTeX\BVE research\lean-proof\.lake\packages\mathlib\.lake\build\lib\lean\Mathlib\Algebra\Group\Subsemigroup\Operations.olean
F:\LaTeX\BVE research\lean-proof\.lake\packages\mathlib\.lake\build\lib\lean\Mathlib\Algebra\Group\TypeTags\Basic.olean
F:\LaTeX\BVE research\lean-proof\.lake\packages\mathlib\.lake\build\lib\lean\Mathlib\Algebra\Group\TypeTags\Finite.olean
F:\LaTeX\BVE research\lean-proof\.lake\packages\mathlib\.lake\build\lib\lean\Mathlib\Algebra\Group\TypeTags\Hom.olean
F:\LaTeX\BVE research\lean-proof\.lake\packages\mathlib\.lake\build\lib\lean\Mathlib\Algebra\Group\UniqueProds\Basic.olean
F:\LaTeX\BVE research\lean-proof\.lake\packages\mathlib\.lake\build\lib\lean\Mathlib\Algebra\Group\Units\Basic.olean
F:\LaTeX\BVE research\lean-proof\.lake\packages\mathlib\.lake\build\lib\lean\Mathlib\Algebra\Group\Units\Defs.olean
F:\LaTeX\BVE research\lean-proof\.lake\packages\mathlib\.lake\build\lib\lean\Mathlib\Algebra\Group\Units\Equiv.olean
F:\LaTeX\BVE research\lean-proof\.lake\packages\mathlib\.lake\build\lib\lean\Mathlib\Algebra\Group\Units\Hom.olean
F:\LaTeX\BVE research\lean-proof\.lake\packages\mathlib\.lake\build\lib\lean\Mathlib\Algebra\Group\Units\Opposite.olean
F:\LaTeX\BVE research\lean-proof\.lake\packages\mathlib\.lake\build\lib\lean\Mathlib\Algebra\Group\WithOne\Defs.olean
F:\LaTeX\BVE research\lean-proof\.lake\packages\mathlib\.lake\build\lib\lean\Mathlib\Algebra\Group\WithOne\Map.olean
F:\LaTeX\BVE research\lean-proof\.lake\packages\mathlib\.lake\build\lib\lean\Mathlib\Algebra\GroupWithZero\Action\Basic.olean
F:\LaTeX\BVE research\lean-proof\.lake\packages\mathlib\.lake\build\lib\lean\Mathlib\Algebra\GroupWithZero\Action\Defs.olean
F:\LaTeX\BVE research\lean-proof\.lake\packages\mathlib\.lake\build\lib\lean\Mathlib\Algebra\GroupWithZero\Action\End.olean
F:\LaTeX\BVE research\lean-proof\.lake\packages\mathlib\.lake\build\lib\lean\Mathlib\Algebra\GroupWithZero\Action\Hom.olean
F:\LaTeX\BVE research\lean-proof\.lake\packages\mathlib\.lake\build\lib\lean\Mathlib\Algebra\GroupWithZero\Action\Opposite.olean
F:\LaTeX\BVE research\lean-proof\.lake\packages\mathlib\.lake\build\lib\lean\Mathlib\Algebra\GroupWithZero\Action\Pi.olean
F:\LaTeX\BVE research\lean-proof\.lake\packages\mathlib\.lake\build\lib\lean\Mathlib\Algebra\GroupWithZero\Action\Prod.olean
F:\LaTeX\BVE research\lean-proof\.lake\packages\mathlib\.lake\build\lib\lean\Mathlib\Algebra\GroupWithZero\Action\TransferInstance.olean
F:\LaTeX\BVE research\lean-proof\.lake\packages\mathlib\.lake\build\lib\lean\Mathlib\Algebra\GroupWithZero\Action\Units.olean
F:\LaTeX\BVE research\lean-proof\.lake\packages\mathlib\.lake\build\lib\lean\Mathlib\Algebra\GroupWithZero\Submonoid\Pointwise.olean
F:\LaTeX\BVE research\lean-proof\.lake\packages\mathlib\.lake\build\lib\lean\Mathlib\Algebra\GroupWithZero\Submonoid\Primal.olean
F:\LaTeX\BVE research\lean-proof\.lake\packages\mathlib\.lake\build\lib\lean\Mathlib\Algebra\GroupWithZero\Units\Basic.olean
F:\LaTeX\BVE research\lean-proof\.lake\packages\mathlib\.lake\build\lib\lean\Mathlib\Algebra\GroupWithZero\Units\Equiv.olean
F:\LaTeX\BVE research\lean-proof\.lake\packages\mathlib\.lake\build\lib\lean\Mathlib\Algebra\GroupWithZero\Units\Fintype.olean
F:\LaTeX\BVE research\lean-proof\.lake\packages\mathlib\.lake\build\lib\lean\Mathlib\Algebra\GroupWithZero\Units\Lemmas.olean
F:\LaTeX\BVE research\lean-proof\.lake\packages\mathlib\.lake\build\lib\lean\Mathlib\Algebra\Module\Congruence\Defs.olean
F:\LaTeX\BVE research\lean-proof\.lake\packages\mathlib\.lake\build\lib\lean\Mathlib\Algebra\Module\Equiv\Basic.olean
F:\LaTeX\BVE research\lean-proof\.lake\packages\mathlib\.lake\build\lib\lean\Mathlib\Algebra\Module\Equiv\Defs.olean
F:\LaTeX\BVE research\lean-proof\.lake\packages\mathlib\.lake\build\lib\lean\Mathlib\Algebra\Module\Equiv\Opposite.olean
F:\LaTeX\BVE research\lean-proof\.lake\packages\mathlib\.lake\build\lib\lean\Mathlib\Algebra\Module\LinearMap\Basic.olean
F:\LaTeX\BVE research\lean-proof\.lake\packages\mathlib\.lake\build\lib\lean\Mathlib\Algebra\Module\LinearMap\Defs.olean
F:\LaTeX\BVE research\lean-proof\.lake\packages\mathlib\.lake\build\lib\lean\Mathlib\Algebra\Module\LinearMap\DivisionRing.olean
F:\LaTeX\BVE research\lean-proof\.lake\packages\mathlib\.lake\build\lib\lean\Mathlib\Algebra\Module\LinearMap\End.olean
F:\LaTeX\BVE research\lean-proof\.lake\packages\mathlib\.lake\build\lib\lean\Mathlib\Algebra\Module\LinearMap\Prod.olean
F:\LaTeX\BVE research\lean-proof\.lake\packages\mathlib\.lake\build\lib\lean\Mathlib\Algebra\Module\LinearMap\Star.olean
F:\LaTeX\BVE research\lean-proof\.lake\packages\mathlib\.lake\build\lib\lean\Mathlib\Algebra\Module\Submodule\Basic.olean
F:\LaTeX\BVE research\lean-proof\.lake\packages\mathlib\.lake\build\lib\lean\Mathlib\Algebra\Module\Submodule\Bilinear.olean
F:\LaTeX\BVE research\lean-proof\.lake\packages\mathlib\.lake\build\lib\lean\Mathlib\Algebra\Module\Submodule\Defs.olean
F:\LaTeX\BVE research\lean-proof\.lake\packages\mathlib\.lake\build\lib\lean\Mathlib\Algebra\Module\Submodule\EqLocus.olean
F:\LaTeX\BVE research\lean-proof\.lake\packages\mathlib\.lake\build\lib\lean\Mathlib\Algebra\Module\Submodule\Equiv.olean
F:\LaTeX\BVE research\lean-proof\.lake\packages\mathlib\.lake\build\lib\lean\Mathlib\Algebra\Module\Submodule\Finsupp.olean
F:\LaTeX\BVE research\lean-proof\.lake\packages\mathlib\.lake\build\lib\lean\Mathlib\Algebra\Module\Submodule\Invariant.olean
F:\LaTeX\BVE research\lean-proof\.lake\packages\mathlib\.lake\build\lib\lean\Mathlib\Algebra\Module\Submodule\IterateMapComap.olean
F:\LaTeX\BVE research\lean-proof\.lake\packages\mathlib\.lake\build\lib\lean\Mathlib\Algebra\Module\Submodule\Ker.olean
F:\LaTeX\BVE research\lean-proof\.lake\packages\mathlib\.lake\build\lib\lean\Mathlib\Algebra\Module\Submodule\Lattice.olean
F:\LaTeX\BVE research\lean-proof\.lake\packages\mathlib\.lake\build\lib\lean\Mathlib\Algebra\Module\Submodule\LinearMap.olean
F:\LaTeX\BVE research\lean-proof\.lake\packages\mathlib\.lake\build\lib\lean\Mathlib\Algebra\Module\Submodule\Map.olean
F:\LaTeX\BVE research\lean-proof\.lake\packages\mathlib\.lake\build\lib\lean\Mathlib\Algebra\Module\Submodule\Pointwise.olean
F:\LaTeX\BVE research\lean-proof\.lake\packages\mathlib\.lake\build\lib\lean\Mathlib\Algebra\Module\Submodule\Range.olean
F:\LaTeX\BVE research\lean-proof\.lake\packages\mathlib\.lake\build\lib\lean\Mathlib\Algebra\Module\Submodule\RestrictScalars.olean
F:\LaTeX\BVE research\lean-proof\.lake\packages\mathlib\.lake\build\lib\lean\Mathlib\Algebra\Module\Torsion\Field.olean
F:\LaTeX\BVE research\lean-proof\.lake\packages\mathlib\.lake\build\lib\lean\Mathlib\Algebra\Module\Torsion\Free.olean
F:\LaTeX\BVE research\lean-proof\.lake\packages\mathlib\.lake\build\lib\lean\Mathlib\Algebra\Module\Torsion\Pi.olean
F:\LaTeX\BVE research\lean-proof\.lake\packages\mathlib\.lake\build\lib\lean\Mathlib\Algebra\Notation\Pi\Basic.olean
F:\LaTeX\BVE research\lean-proof\.lake\packages\mathlib\.lake\build\lib\lean\Mathlib\Algebra\Notation\Pi\Defs.olean
F:\LaTeX\BVE research\lean-proof\.lake\packages\mathlib\.lake\build\lib\lean\Mathlib\Algebra\Order\AbsoluteValue\Basic.olean
F:\LaTeX\BVE research\lean-proof\.lake\packages\mathlib\.lake\build\lib\lean\Mathlib\Algebra\Order\Antidiag\Finsupp.olean
F:\LaTeX\BVE research\lean-proof\.lake\packages\mathlib\.lake\build\lib\lean\Mathlib\Algebra\Order\Antidiag\Pi.olean
F:\LaTeX\BVE research\lean-proof\.lake\packages\mathlib\.lake\build\lib\lean\Mathlib\Algebra\Order\Antidiag\Prod.olean
F:\LaTeX\BVE research\lean-proof\.lake\packages\mathlib\.lake\build\lib\lean\Mathlib\Algebra\Order\Archimedean\Basic.olean
F:\LaTeX\BVE research\lean-proof\.lake\packages\mathlib\.lake\build\lib\lean\Mathlib\Algebra\Order\Archimedean\Defs.olean
F:\LaTeX\BVE research\lean-proof\.lake\packages\mathlib\.lake\build\lib\lean\Mathlib\Algebra\Order\BigOperators\Expect.olean
F:\LaTeX\BVE research\lean-proof\.lake\packages\mathlib\.lake\build\lib\lean\Mathlib\Algebra\Order\CauSeq\Basic.olean
F:\LaTeX\BVE research\lean-proof\.lake\packages\mathlib\.lake\build\lib\lean\Mathlib\Algebra\Order\CauSeq\BigOperators.olean
F:\LaTeX\BVE research\lean-proof\.lake\packages\mathlib\.lake\build\lib\lean\Mathlib\Algebra\Order\CauSeq\Completion.olean
F:\LaTeX\BVE research\lean-proof\.lake\packages\mathlib\.lake\build\lib\lean\Mathlib\Algebra\Order\Field\Basic.olean
F:\LaTeX\BVE research\lean-proof\.lake\packages\mathlib\.lake\build\lib\lean\Mathlib\Algebra\Order\Field\Canonical.olean
F:\LaTeX\BVE research\lean-proof\.lake\packages\mathlib\.lake\build\lib\lean\Mathlib\Algebra\Order\Field\Power.olean
F:\LaTeX\BVE research\lean-proof\.lake\packages\mathlib\.lake\build\lib\lean\Mathlib\Algebra\Order\Field\Rat.olean
F:\LaTeX\BVE research\lean-proof\.lake\packages\mathlib\.lake\build\lib\lean\Mathlib\Algebra\Order\Floor\Defs.olean
F:\LaTeX\BVE research\lean-proof\.lake\packages\mathlib\.lake\build\lib\lean\Mathlib\Algebra\Order\Floor\Ring.olean
F:\LaTeX\BVE research\lean-proof\.lake\packages\mathlib\.lake\build\lib\lean\Mathlib\Algebra\Order\Floor\Semiring.olean
F:\LaTeX\BVE research\lean-proof\.lake\packages\mathlib\.lake\build\lib\lean\Mathlib\Algebra\Order\Group\Abs.olean
F:\LaTeX\BVE research\lean-proof\.lake\packages\mathlib\.lake\build\lib\lean\Mathlib\Algebra\Order\Group\Action.olean
F:\LaTeX\BVE research\lean-proof\.lake\packages\mathlib\.lake\build\lib\lean\Mathlib\Algebra\Order\Group\Basic.olean
F:\LaTeX\BVE research\lean-proof\.lake\packages\mathlib\.lake\build\lib\lean\Mathlib\Algebra\Order\Group\Defs.olean
F:\LaTeX\BVE research\lean-proof\.lake\packages\mathlib\.lake\build\lib\lean\Mathlib\Algebra\Order\Group\Finset.olean
F:\LaTeX\BVE research\lean-proof\.lake\packages\mathlib\.lake\build\lib\lean\Mathlib\Algebra\Order\Group\Indicator.olean
F:\LaTeX\BVE research\lean-proof\.lake\packages\mathlib\.lake\build\lib\lean\Mathlib\Algebra\Order\Group\Int.olean
F:\LaTeX\BVE research\lean-proof\.lake\packages\mathlib\.lake\build\lib\lean\Mathlib\Algebra\Order\Group\Lattice.olean
F:\LaTeX\BVE research\lean-proof\.lake\packages\mathlib\.lake\build\lib\lean\Mathlib\Algebra\Order\Group\MinMax.olean
F:\LaTeX\BVE research\lean-proof\.lake\packages\mathlib\.lake\build\lib\lean\Mathlib\Algebra\Order\Group\Multiset.olean
F:\LaTeX\BVE research\lean-proof\.lake\packages\mathlib\.lake\build\lib\lean\Mathlib\Algebra\Order\Group\Nat.olean
F:\LaTeX\BVE research\lean-proof\.lake\packages\mathlib\.lake\build\lib\lean\Mathlib\Algebra\Order\Group\Opposite.olean
F:\LaTeX\BVE research\lean-proof\.lake\packages\mathlib\.lake\build\lib\lean\Mathlib\Algebra\Order\Group\OrderIso.olean
F:\LaTeX\BVE research\lean-proof\.lake\packages\mathlib\.lake\build\lib\lean\Mathlib\Algebra\Order\Group\PiLex.olean
F:\LaTeX\BVE research\lean-proof\.lake\packages\mathlib\.lake\build\lib\lean\Mathlib\Algebra\Order\Group\PosPart.olean
F:\LaTeX\BVE research\lean-proof\.lake\packages\mathlib\.lake\build\lib\lean\Mathlib\Algebra\Order\Group\Synonym.olean
F:\LaTeX\BVE research\lean-proof\.lake\packages\mathlib\.lake\build\lib\lean\Mathlib\Algebra\Order\Group\Units.olean
F:\LaTeX\BVE research\lean-proof\.lake\packages\mathlib\.lake\build\lib\lean\Mathlib\Algebra\Order\GroupWithZero\Basic.olean
F:\LaTeX\BVE research\lean-proof\.lake\packages\mathlib\.lake\build\lib\lean\Mathlib\Algebra\Order\GroupWithZero\Canonical.olean
F:\LaTeX\BVE research\lean-proof\.lake\packages\mathlib\.lake\build\lib\lean\Mathlib\Algebra\Order\GroupWithZero\Defs.olean
F:\LaTeX\BVE research\lean-proof\.lake\packages\mathlib\.lake\build\lib\lean\Mathlib\Algebra\Order\GroupWithZero\Finset.olean
F:\LaTeX\BVE research\lean-proof\.lake\packages\mathlib\.lake\build\lib\lean\Mathlib\Algebra\Order\GroupWithZero\OrderIso.olean
F:\LaTeX\BVE research\lean-proof\.lake\packages\mathlib\.lake\build\lib\lean\Mathlib\Algebra\Order\GroupWithZero\Submonoid.olean
F:\LaTeX\BVE research\lean-proof\.lake\packages\mathlib\.lake\build\lib\lean\Mathlib\Algebra\Order\GroupWithZero\Synonym.olean
F:\LaTeX\BVE research\lean-proof\.lake\packages\mathlib\.lake\build\lib\lean\Mathlib\Algebra\Order\Hom\Basic.olean
F:\LaTeX\BVE research\lean-proof\.lake\packages\mathlib\.lake\build\lib\lean\Mathlib\Algebra\Order\Hom\Monoid.olean
F:\LaTeX\BVE research\lean-proof\.lake\packages\mathlib\.lake\build\lib\lean\Mathlib\Algebra\Order\Hom\MonoidWithZero.olean
F:\LaTeX\BVE research\lean-proof\.lake\packages\mathlib\.lake\build\lib\lean\Mathlib\Algebra\Order\Hom\Ring.olean
F:\LaTeX\BVE research\lean-proof\.lake\packages\mathlib\.lake\build\lib\lean\Mathlib\Algebra\Order\Hom\TypeTags.olean
F:\LaTeX\BVE research\lean-proof\.lake\packages\mathlib\.lake\build\lib\lean\Mathlib\Algebra\Order\Module\Defs.olean
F:\LaTeX\BVE research\lean-proof\.lake\packages\mathlib\.lake\build\lib\lean\Mathlib\Algebra\Order\Module\Field.olean
F:\LaTeX\BVE research\lean-proof\.lake\packages\mathlib\.lake\build\lib\lean\Mathlib\Algebra\Order\Module\Pointwise.olean
F:\LaTeX\BVE research\lean-proof\.lake\packages\mathlib\.lake\build\lib\lean\Mathlib\Algebra\Order\Module\Rat.olean
F:\LaTeX\BVE research\lean-proof\.lake\packages\mathlib\.lake\build\lib\lean\Mathlib\Algebra\Order\Module\Synonym.olean
F:\LaTeX\BVE research\lean-proof\.lake\packages\mathlib\.lake\build\lib\lean\Mathlib\Algebra\Order\Monoid\Basic.olean
F:\LaTeX\BVE research\lean-proof\.lake\packages\mathlib\.lake\build\lib\lean\Mathlib\Algebra\Order\Monoid\Defs.olean
F:\LaTeX\BVE research\lean-proof\.lake\packages\mathlib\.lake\build\lib\lean\Mathlib\Algebra\Order\Monoid\NatCast.olean
F:\LaTeX\BVE research\lean-proof\.lake\packages\mathlib\.lake\build\lib\lean\Mathlib\Algebra\Order\Monoid\OrderDual.olean
F:\LaTeX\BVE research\lean-proof\.lake\packages\mathlib\.lake\build\lib\lean\Mathlib\Algebra\Order\Monoid\Submonoid.olean
F:\LaTeX\BVE research\lean-proof\.lake\packages\mathlib\.lake\build\lib\lean\Mathlib\Algebra\Order\Monoid\TypeTags.olean
F:\LaTeX\BVE research\lean-proof\.lake\packages\mathlib\.lake\build\lib\lean\Mathlib\Algebra\Order\Monoid\Units.olean
F:\LaTeX\BVE research\lean-proof\.lake\packages\mathlib\.lake\build\lib\lean\Mathlib\Algebra\Order\Monoid\WithTop.olean
F:\LaTeX\BVE research\lean-proof\.lake\packages\mathlib\.lake\build\lib\lean\Mathlib\Algebra\Order\Nonneg\Basic.olean
F:\LaTeX\BVE research\lean-proof\.lake\packages\mathlib\.lake\build\lib\lean\Mathlib\Algebra\Order\Nonneg\Field.olean
F:\LaTeX\BVE research\lean-proof\.lake\packages\mathlib\.lake\build\lib\lean\Mathlib\Algebra\Order\Nonneg\Floor.olean
F:\LaTeX\BVE research\lean-proof\.lake\packages\mathlib\.lake\build\lib\lean\Mathlib\Algebra\Order\Nonneg\Lattice.olean
F:\LaTeX\BVE research\lean-proof\.lake\packages\mathlib\.lake\build\lib\lean\Mathlib\Algebra\Order\Nonneg\Module.olean
F:\LaTeX\BVE research\lean-proof\.lake\packages\mathlib\.lake\build\lib\lean\Mathlib\Algebra\Order\Nonneg\Ring.olean
F:\LaTeX\BVE research\lean-proof\.lake\packages\mathlib\.lake\build\lib\lean\Mathlib\Algebra\Order\Positive\Ring.olean
F:\LaTeX\BVE research\lean-proof\.lake\packages\mathlib\.lake\build\lib\lean\Mathlib\Algebra\Order\Ring\Abs.olean
F:\LaTeX\BVE research\lean-proof\.lake\packages\mathlib\.lake\build\lib\lean\Mathlib\Algebra\Order\Ring\Basic.olean
F:\LaTeX\BVE research\lean-proof\.lake\packages\mathlib\.lake\build\lib\lean\Mathlib\Algebra\Order\Ring\Canonical.olean
F:\LaTeX\BVE research\lean-proof\.lake\packages\mathlib\.lake\build\lib\lean\Mathlib\Algebra\Order\Ring\Cast.olean
F:\LaTeX\BVE research\lean-proof\.lake\packages\mathlib\.lake\build\lib\lean\Mathlib\Algebra\Order\Ring\Defs.olean
F:\LaTeX\BVE research\lean-proof\.lake\packages\mathlib\.lake\build\lib\lean\Mathlib\Algebra\Order\Ring\GeomSum.olean
F:\LaTeX\BVE research\lean-proof\.lake\packages\mathlib\.lake\build\lib\lean\Mathlib\Algebra\Order\Ring\InjSurj.olean
F:\LaTeX\BVE research\lean-proof\.lake\packages\mathlib\.lake\build\lib\lean\Mathlib\Algebra\Order\Ring\Int.olean
F:\LaTeX\BVE research\lean-proof\.lake\packages\mathlib\.lake\build\lib\lean\Mathlib\Algebra\Order\Ring\Interval.olean
F:\LaTeX\BVE research\lean-proof\.lake\packages\mathlib\.lake\build\lib\lean\Mathlib\Algebra\Order\Ring\Nat.olean
F:\LaTeX\BVE research\lean-proof\.lake\packages\mathlib\.lake\build\lib\lean\Mathlib\Algebra\Order\Ring\Pow.olean
F:\LaTeX\BVE research\lean-proof\.lake\packages\mathlib\.lake\build\lib\lean\Mathlib\Algebra\Order\Ring\Rat.olean
F:\LaTeX\BVE research\lean-proof\.lake\packages\mathlib\.lake\build\lib\lean\Mathlib\Algebra\Order\Ring\Synonym.olean
F:\LaTeX\BVE research\lean-proof\.lake\packages\mathlib\.lake\build\lib\lean\Mathlib\Algebra\Order\Ring\WithTop.olean
F:\LaTeX\BVE research\lean-proof\.lake\packages\mathlib\.lake\build\lib\lean\Mathlib\Algebra\Order\Star\Basic.olean
F:\LaTeX\BVE research\lean-proof\.lake\packages\mathlib\.lake\build\lib\lean\Mathlib\Algebra\Order\Sub\Basic.olean
F:\LaTeX\BVE research\lean-proof\.lake\packages\mathlib\.lake\build\lib\lean\Mathlib\Algebra\Order\Sub\Defs.olean
F:\LaTeX\BVE research\lean-proof\.lake\packages\mathlib\.lake\build\lib\lean\Mathlib\Algebra\Order\Sub\WithTop.olean
F:\LaTeX\BVE research\lean-proof\.lake\packages\mathlib\.lake\build\lib\lean\Mathlib\Algebra\Order\SuccPred\PartialSups.olean
F:\LaTeX\BVE research\lean-proof\.lake\packages\mathlib\.lake\build\lib\lean\Mathlib\Algebra\Polynomial\Degree\Defs.olean
F:\LaTeX\BVE research\lean-proof\.lake\packages\mathlib\.lake\build\lib\lean\Mathlib\Algebra\Polynomial\Degree\Domain.olean
F:\LaTeX\BVE research\lean-proof\.lake\packages\mathlib\.lake\build\lib\lean\Mathlib\Algebra\Polynomial\Degree\Lemmas.olean
F:\LaTeX\BVE research\lean-proof\.lake\packages\mathlib\.lake\build\lib\lean\Mathlib\Algebra\Polynomial\Degree\Monomial.olean
F:\LaTeX\BVE research\lean-proof\.lake\packages\mathlib\.lake\build\lib\lean\Mathlib\Algebra\Polynomial\Degree\Operations.olean
F:\LaTeX\BVE research\lean-proof\.lake\packages\mathlib\.lake\build\lib\lean\Mathlib\Algebra\Polynomial\Degree\SmallDegree.olean
F:\LaTeX\BVE research\lean-proof\.lake\packages\mathlib\.lake\build\lib\lean\Mathlib\Algebra\Polynomial\Degree\Support.olean
F:\LaTeX\BVE research\lean-proof\.lake\packages\mathlib\.lake\build\lib\lean\Mathlib\Algebra\Polynomial\Degree\TrailingDegree.olean
F:\LaTeX\BVE research\lean-proof\.lake\packages\mathlib\.lake\build\lib\lean\Mathlib\Algebra\Polynomial\Degree\Units.olean
F:\LaTeX\BVE research\lean-proof\.lake\packages\mathlib\.lake\build\lib\lean\Mathlib\Algebra\Polynomial\Eval\Algebra.olean
F:\LaTeX\BVE research\lean-proof\.lake\packages\mathlib\.lake\build\lib\lean\Mathlib\Algebra\Polynomial\Eval\Coeff.olean
F:\LaTeX\BVE research\lean-proof\.lake\packages\mathlib\.lake\build\lib\lean\Mathlib\Algebra\Polynomial\Eval\Defs.olean
F:\LaTeX\BVE research\lean-proof\.lake\packages\mathlib\.lake\build\lib\lean\Mathlib\Algebra\Polynomial\Eval\Degree.olean
F:\LaTeX\BVE research\lean-proof\.lake\packages\mathlib\.lake\build\lib\lean\Mathlib\Algebra\Polynomial\Eval\SMul.olean
F:\LaTeX\BVE research\lean-proof\.lake\packages\mathlib\.lake\build\lib\lean\Mathlib\Algebra\Ring\Action\Basic.olean
F:\LaTeX\BVE research\lean-proof\.lake\packages\mathlib\.lake\build\lib\lean\Mathlib\Algebra\Ring\Action\ConjAct.olean
F:\LaTeX\BVE research\lean-proof\.lake\packages\mathlib\.lake\build\lib\lean\Mathlib\Algebra\Ring\Action\Group.olean
F:\LaTeX\BVE research\lean-proof\.lake\packages\mathlib\.lake\build\lib\lean\Mathlib\Algebra\Ring\Action\Rat.olean
F:\LaTeX\BVE research\lean-proof\.lake\packages\mathlib\.lake\build\lib\lean\Mathlib\Algebra\Ring\Action\Submonoid.olean
F:\LaTeX\BVE research\lean-proof\.lake\packages\mathlib\.lake\build\lib\lean\Mathlib\Algebra\Ring\Action\Subobjects.olean
F:\LaTeX\BVE research\lean-proof\.lake\packages\mathlib\.lake\build\lib\lean\Mathlib\Algebra\Ring\Divisibility\Basic.olean
F:\LaTeX\BVE research\lean-proof\.lake\packages\mathlib\.lake\build\lib\lean\Mathlib\Algebra\Ring\Hom\Defs.olean
F:\LaTeX\BVE research\lean-proof\.lake\packages\mathlib\.lake\build\lib\lean\Mathlib\Algebra\Ring\Hom\InjSurj.olean
F:\LaTeX\BVE research\lean-proof\.lake\packages\mathlib\.lake\build\lib\lean\Mathlib\Algebra\Ring\Int\Defs.olean
F:\LaTeX\BVE research\lean-proof\.lake\packages\mathlib\.lake\build\lib\lean\Mathlib\Algebra\Ring\Int\Parity.olean
F:\LaTeX\BVE research\lean-proof\.lake\packages\mathlib\.lake\build\lib\lean\Mathlib\Algebra\Ring\Int\Units.olean
F:\LaTeX\BVE research\lean-proof\.lake\packages\mathlib\.lake\build\lib\lean\Mathlib\Algebra\Ring\Submonoid\Basic.olean
F:\LaTeX\BVE research\lean-proof\.lake\packages\mathlib\.lake\build\lib\lean\Mathlib\Algebra\Ring\Submonoid\Pointwise.olean
F:\LaTeX\BVE research\lean-proof\.lake\packages\mathlib\.lake\build\lib\lean\Mathlib\Algebra\Ring\Subring\Basic.olean
F:\LaTeX\BVE research\lean-proof\.lake\packages\mathlib\.lake\build\lib\lean\Mathlib\Algebra\Ring\Subring\Defs.olean
F:\LaTeX\BVE research\lean-proof\.lake\packages\mathlib\.lake\build\lib\lean\Mathlib\Algebra\Ring\Subring\Units.olean
F:\LaTeX\BVE research\lean-proof\.lake\packages\mathlib\.lake\build\lib\lean\Mathlib\Algebra\Ring\Subsemiring\Basic.olean
F:\LaTeX\BVE research\lean-proof\.lake\packages\mathlib\.lake\build\lib\lean\Mathlib\Algebra\Ring\Subsemiring\Defs.olean
F:\LaTeX\BVE research\lean-proof\.lake\packages\mathlib\.lake\build\lib\lean\Mathlib\Analysis\Convex\SpecificFunctions\Basic.olean
F:\LaTeX\BVE research\lean-proof\.lake\packages\mathlib\.lake\build\lib\lean\Mathlib\Analysis\InnerProductSpace\Projection\Basic.olean
F:\LaTeX\BVE research\lean-proof\.lake\packages\mathlib\.lake\build\lib\lean\Mathlib\Analysis\InnerProductSpace\Projection\FiniteDimensional.olean
F:\LaTeX\BVE research\lean-proof\.lake\packages\mathlib\.lake\build\lib\lean\Mathlib\Analysis\InnerProductSpace\Projection\Minimal.olean
F:\LaTeX\BVE research\lean-proof\.lake\packages\mathlib\.lake\build\lib\lean\Mathlib\Analysis\InnerProductSpace\Projection\Reflection.olean
F:\LaTeX\BVE research\lean-proof\.lake\packages\mathlib\.lake\build\lib\lean\Mathlib\Analysis\InnerProductSpace\Projection\Submodule.olean
F:\LaTeX\BVE research\lean-proof\.lake\packages\mathlib\.lake\build\lib\lean\Mathlib\Analysis\Normed\Affine\Isometry.olean
F:\LaTeX\BVE research\lean-proof\.lake\packages\mathlib\.lake\build\lib\lean\Mathlib\Analysis\Normed\Field\Basic.olean
F:\LaTeX\BVE research\lean-proof\.lake\packages\mathlib\.lake\build\lib\lean\Mathlib\Analysis\Normed\Field\Lemmas.olean
F:\LaTeX\BVE research\lean-proof\.lake\packages\mathlib\.lake\build\lib\lean\Mathlib\Analysis\Normed\Group\AddCircle.olean
F:\LaTeX\BVE research\lean-proof\.lake\packages\mathlib\.lake\build\lib\lean\Mathlib\Analysis\Normed\Group\AddTorsor.olean
F:\LaTeX\BVE research\lean-proof\.lake\packages\mathlib\.lake\build\lib\lean\Mathlib\Analysis\Normed\Group\Basic.olean
F:\LaTeX\BVE research\lean-proof\.lake\packages\mathlib\.lake\build\lib\lean\Mathlib\Analysis\Normed\Group\Bounded.olean
F:\LaTeX\BVE research\lean-proof\.lake\packages\mathlib\.lake\build\lib\lean\Mathlib\Analysis\Normed\Group\Constructions.olean
F:\LaTeX\BVE research\lean-proof\.lake\packages\mathlib\.lake\build\lib\lean\Mathlib\Analysis\Normed\Group\Continuity.olean
F:\LaTeX\BVE research\lean-proof\.lake\packages\mathlib\.lake\build\lib\lean\Mathlib\Analysis\Normed\Group\Defs.olean
F:\LaTeX\BVE research\lean-proof\.lake\packages\mathlib\.lake\build\lib\lean\Mathlib\Analysis\Normed\Group\Hom.olean
F:\LaTeX\BVE research\lean-proof\.lake\packages\mathlib\.lake\build\lib\lean\Mathlib\Analysis\Normed\Group\InfiniteSum.olean
F:\LaTeX\BVE research\lean-proof\.lake\packages\mathlib\.lake\build\lib\lean\Mathlib\Analysis\Normed\Group\Int.olean
F:\LaTeX\BVE research\lean-proof\.lake\packages\mathlib\.lake\build\lib\lean\Mathlib\Analysis\Normed\Group\Lemmas.olean
F:\LaTeX\BVE research\lean-proof\.lake\packages\mathlib\.lake\build\lib\lean\Mathlib\Analysis\Normed\Group\Pointwise.olean
F:\LaTeX\BVE research\lean-proof\.lake\packages\mathlib\.lake\build\lib\lean\Mathlib\Analysis\Normed\Group\Quotient.olean
F:\LaTeX\BVE research\lean-proof\.lake\packages\mathlib\.lake\build\lib\lean\Mathlib\Analysis\Normed\Group\Rat.olean
F:\LaTeX\BVE research\lean-proof\.lake\packages\mathlib\.lake\build\lib\lean\Mathlib\Analysis\Normed\Group\Real.olean
F:\LaTeX\BVE research\lean-proof\.lake\packages\mathlib\.lake\build\lib\lean\Mathlib\Analysis\Normed\Group\Seminorm.olean
F:\LaTeX\BVE research\lean-proof\.lake\packages\mathlib\.lake\build\lib\lean\Mathlib\Analysis\Normed\Group\Subgroup.olean
F:\LaTeX\BVE research\lean-proof\.lake\packages\mathlib\.lake\build\lib\lean\Mathlib\Analysis\Normed\Group\Submodule.olean
F:\LaTeX\BVE research\lean-proof\.lake\packages\mathlib\.lake\build\lib\lean\Mathlib\Analysis\Normed\Group\Uniform.olean
F:\LaTeX\BVE research\lean-proof\.lake\packages\mathlib\.lake\build\lib\lean\Mathlib\Analysis\Normed\Lp\Matrix.olean
F:\LaTeX\BVE research\lean-proof\.lake\packages\mathlib\.lake\build\lib\lean\Mathlib\Analysis\Normed\Lp\PiLp.olean
F:\LaTeX\BVE research\lean-proof\.lake\packages\mathlib\.lake\build\lib\lean\Mathlib\Analysis\Normed\Lp\ProdLp.olean
F:\LaTeX\BVE research\lean-proof\.lake\packages\mathlib\.lake\build\lib\lean\Mathlib\Analysis\Normed\Lp\WithLp.olean
F:\LaTeX\BVE research\lean-proof\.lake\packages\mathlib\.lake\build\lib\lean\Mathlib\Analysis\Normed\Module\Basic.olean
F:\LaTeX\BVE research\lean-proof\.lake\packages\mathlib\.lake\build\lib\lean\Mathlib\Analysis\Normed\Module\Convex.olean
F:\LaTeX\BVE research\lean-proof\.lake\packages\mathlib\.lake\build\lib\lean\Mathlib\Analysis\Normed\Module\FiniteDimension.olean
F:\LaTeX\BVE research\lean-proof\.lake\packages\mathlib\.lake\build\lib\lean\Mathlib\Analysis\Normed\Module\RieszLemma.olean
F:\LaTeX\BVE research\lean-proof\.lake\packages\mathlib\.lake\build\lib\lean\Mathlib\Analysis\Normed\Module\Span.olean
F:\LaTeX\BVE research\lean-proof\.lake\packages\mathlib\.lake\build\lib\lean\Mathlib\Analysis\Normed\Operator\Banach.olean
F:\LaTeX\BVE research\lean-proof\.lake\packages\mathlib\.lake\build\lib\lean\Mathlib\Analysis\Normed\Operator\Basic.olean
F:\LaTeX\BVE research\lean-proof\.lake\packages\mathlib\.lake\build\lib\lean\Mathlib\Analysis\Normed\Operator\Bilinear.olean
F:\LaTeX\BVE research\lean-proof\.lake\packages\mathlib\.lake\build\lib\lean\Mathlib\Analysis\Normed\Operator\BoundedLinearMaps.olean
F:\LaTeX\BVE research\lean-proof\.lake\packages\mathlib\.lake\build\lib\lean\Mathlib\Analysis\Normed\Operator\ContinuousLinearMap.olean
F:\LaTeX\BVE research\lean-proof\.lake\packages\mathlib\.lake\build\lib\lean\Mathlib\Analysis\Normed\Operator\LinearIsometry.olean
F:\LaTeX\BVE research\lean-proof\.lake\packages\mathlib\.lake\build\lib\lean\Mathlib\Analysis\Normed\Operator\Mul.olean
F:\LaTeX\BVE research\lean-proof\.lake\packages\mathlib\.lake\build\lib\lean\Mathlib\Analysis\Normed\Operator\NNNorm.olean
F:\LaTeX\BVE research\lean-proof\.lake\packages\mathlib\.lake\build\lib\lean\Mathlib\Analysis\Normed\Operator\NormedSpace.olean
F:\LaTeX\BVE research\lean-proof\.lake\packages\mathlib\.lake\build\lib\lean\Mathlib\Analysis\Normed\Order\Lattice.olean
F:\LaTeX\BVE research\lean-proof\.lake\packages\mathlib\.lake\build\lib\lean\Mathlib\Analysis\Normed\Ring\Basic.olean
F:\LaTeX\BVE research\lean-proof\.lake\packages\mathlib\.lake\build\lib\lean\Mathlib\Analysis\Normed\Ring\Finite.olean
F:\LaTeX\BVE research\lean-proof\.lake\packages\mathlib\.lake\build\lib\lean\Mathlib\Analysis\Normed\Ring\InfiniteSum.olean
F:\LaTeX\BVE research\lean-proof\.lake\packages\mathlib\.lake\build\lib\lean\Mathlib\Analysis\Normed\Ring\Lemmas.olean
F:\LaTeX\BVE research\lean-proof\.lake\packages\mathlib\.lake\build\lib\lean\Mathlib\Analysis\Normed\Ring\Units.olean
F:\LaTeX\BVE research\lean-proof\.lake\packages\mathlib\.lake\build\lib\lean\Mathlib\Analysis\SpecialFunctions\Complex\Arg.olean
F:\LaTeX\BVE research\lean-proof\.lake\packages\mathlib\.lake\build\lib\lean\Mathlib\Analysis\SpecialFunctions\Complex\Log.olean
F:\LaTeX\BVE research\lean-proof\.lake\packages\mathlib\.lake\build\lib\lean\Mathlib\Analysis\SpecialFunctions\Log\Basic.olean
F:\LaTeX\BVE research\lean-proof\.lake\packages\mathlib\.lake\build\lib\lean\Mathlib\Analysis\SpecialFunctions\Pow\Complex.olean
F:\LaTeX\BVE research\lean-proof\.lake\packages\mathlib\.lake\build\lib\lean\Mathlib\Analysis\SpecialFunctions\Pow\NNReal.olean
F:\LaTeX\BVE research\lean-proof\.lake\packages\mathlib\.lake\build\lib\lean\Mathlib\Analysis\SpecialFunctions\Pow\Real.olean
F:\LaTeX\BVE research\lean-proof\.lake\packages\mathlib\.lake\build\lib\lean\Mathlib\Analysis\SpecialFunctions\Trigonometric\Angle.olean
F:\LaTeX\BVE research\lean-proof\.lake\packages\mathlib\.lake\build\lib\lean\Mathlib\Analysis\SpecialFunctions\Trigonometric\Basic.olean
F:\LaTeX\BVE research\lean-proof\.lake\packages\mathlib\.lake\build\lib\lean\Mathlib\Analysis\SpecialFunctions\Trigonometric\Inverse.olean
F:\LaTeX\BVE research\lean-proof\.lake\packages\mathlib\.lake\build\lib\lean\Mathlib\Combinatorics\Enumerative\Partition\Basic.olean
F:\LaTeX\BVE research\lean-proof\.lake\packages\mathlib\.lake\build\lib\lean\Mathlib\Data\Fin\Tuple\Basic.olean
F:\LaTeX\BVE research\lean-proof\.lake\packages\mathlib\.lake\build\lib\lean\Mathlib\Data\Fin\Tuple\NatAntidiagonal.olean
F:\LaTeX\BVE research\lean-proof\.lake\packages\mathlib\.lake\build\lib\lean\Mathlib\Data\Fin\Tuple\Reflection.olean
F:\LaTeX\BVE research\lean-proof\.lake\packages\mathlib\.lake\build\lib\lean\Mathlib\Data\Finset\Lattice\Basic.olean
F:\LaTeX\BVE research\lean-proof\.lake\packages\mathlib\.lake\build\lib\lean\Mathlib\Data\Finset\Lattice\Fold.olean
F:\LaTeX\BVE research\lean-proof\.lake\packages\mathlib\.lake\build\lib\lean\Mathlib\Data\Finset\Lattice\Lemmas.olean
F:\LaTeX\BVE research\lean-proof\.lake\packages\mathlib\.lake\build\lib\lean\Mathlib\Data\Finset\Lattice\Prod.olean
F:\LaTeX\BVE research\lean-proof\.lake\packages\mathlib\.lake\build\lib\lean\Mathlib\Data\Finset\Lattice\Union.olean
F:\LaTeX\BVE research\lean-proof\.lake\packages\mathlib\.lake\build\lib\lean\Mathlib\Data\Int\Cast\Basic.olean
F:\LaTeX\BVE research\lean-proof\.lake\packages\mathlib\.lake\build\lib\lean\Mathlib\Data\Int\Cast\Defs.olean
F:\LaTeX\BVE research\lean-proof\.lake\packages\mathlib\.lake\build\lib\lean\Mathlib\Data\Int\Cast\Field.olean
F:\LaTeX\BVE research\lean-proof\.lake\packages\mathlib\.lake\build\lib\lean\Mathlib\Data\Int\Cast\Lemmas.olean
F:\LaTeX\BVE research\lean-proof\.lake\packages\mathlib\.lake\build\lib\lean\Mathlib\Data\Int\Cast\Pi.olean
F:\LaTeX\BVE research\lean-proof\.lake\packages\mathlib\.lake\build\lib\lean\Mathlib\Data\Int\Cast\Prod.olean
F:\LaTeX\BVE research\lean-proof\.lake\packages\mathlib\.lake\build\lib\lean\Mathlib\Data\Int\Order\Basic.olean
F:\LaTeX\BVE research\lean-proof\.lake\packages\mathlib\.lake\build\lib\lean\Mathlib\Data\Int\Order\Units.olean
F:\LaTeX\BVE research\lean-proof\.lake\packages\mathlib\.lake\build\lib\lean\Mathlib\Data\List\Perm\Basic.olean
F:\LaTeX\BVE research\lean-proof\.lake\packages\mathlib\.lake\build\lib\lean\Mathlib\Data\List\Perm\Lattice.olean
F:\LaTeX\BVE research\lean-proof\.lake\packages\mathlib\.lake\build\lib\lean\Mathlib\Data\List\Perm\Subperm.olean
F:\LaTeX\BVE research\lean-proof\.lake\packages\mathlib\.lake\build\lib\lean\Mathlib\Data\Nat\Cast\Basic.olean
F:\LaTeX\BVE research\lean-proof\.lake\packages\mathlib\.lake\build\lib\lean\Mathlib\Data\Nat\Cast\Commute.olean
F:\LaTeX\BVE research\lean-proof\.lake\packages\mathlib\.lake\build\lib\lean\Mathlib\Data\Nat\Cast\Defs.olean
F:\LaTeX\BVE research\lean-proof\.lake\packages\mathlib\.lake\build\lib\lean\Mathlib\Data\Nat\Cast\Field.olean
F:\LaTeX\BVE research\lean-proof\.lake\packages\mathlib\.lake\build\lib\lean\Mathlib\Data\Nat\Cast\NeZero.olean
F:\LaTeX\BVE research\lean-proof\.lake\packages\mathlib\.lake\build\lib\lean\Mathlib\Data\Nat\Cast\Prod.olean
F:\LaTeX\BVE research\lean-proof\.lake\packages\mathlib\.lake\build\lib\lean\Mathlib\Data\Nat\Cast\WithTop.olean
F:\LaTeX\BVE research\lean-proof\.lake\packages\mathlib\.lake\build\lib\lean\Mathlib\Data\Nat\Choose\Basic.olean
F:\LaTeX\BVE research\lean-proof\.lake\packages\mathlib\.lake\build\lib\lean\Mathlib\Data\Nat\Choose\Bounds.olean
F:\LaTeX\BVE research\lean-proof\.lake\packages\mathlib\.lake\build\lib\lean\Mathlib\Data\Nat\Choose\Central.olean
F:\LaTeX\BVE research\lean-proof\.lake\packages\mathlib\.lake\build\lib\lean\Mathlib\Data\Nat\Choose\Factorization.olean
F:\LaTeX\BVE research\lean-proof\.lake\packages\mathlib\.lake\build\lib\lean\Mathlib\Data\Nat\Choose\Sum.olean
F:\LaTeX\BVE research\lean-proof\.lake\packages\mathlib\.lake\build\lib\lean\Mathlib\Data\Nat\Digits\Defs.olean
F:\LaTeX\BVE research\lean-proof\.lake\packages\mathlib\.lake\build\lib\lean\Mathlib\Data\Nat\Digits\Lemmas.olean
F:\LaTeX\BVE research\lean-proof\.lake\packages\mathlib\.lake\build\lib\lean\Mathlib\Data\Nat\Factorial\Basic.olean
F:\LaTeX\BVE research\lean-proof\.lake\packages\mathlib\.lake\build\lib\lean\Mathlib\Data\Nat\Factorial\BigOperators.olean
F:\LaTeX\BVE research\lean-proof\.lake\packages\mathlib\.lake\build\lib\lean\Mathlib\Data\Nat\Factorization\Basic.olean
F:\LaTeX\BVE research\lean-proof\.lake\packages\mathlib\.lake\build\lib\lean\Mathlib\Data\Nat\Factorization\Defs.olean
F:\LaTeX\BVE research\lean-proof\.lake\packages\mathlib\.lake\build\lib\lean\Mathlib\Data\Nat\Factorization\Induction.olean
F:\LaTeX\BVE research\lean-proof\.lake\packages\mathlib\.lake\build\lib\lean\Mathlib\Data\Nat\Factorization\LCM.olean
F:\LaTeX\BVE research\lean-proof\.lake\packages\mathlib\.lake\build\lib\lean\Mathlib\Data\Nat\GCD\Basic.olean
F:\LaTeX\BVE research\lean-proof\.lake\packages\mathlib\.lake\build\lib\lean\Mathlib\Data\Nat\GCD\BigOperators.olean
F:\LaTeX\BVE research\lean-proof\.lake\packages\mathlib\.lake\build\lib\lean\Mathlib\Data\Nat\NthRoot\Defs.olean
F:\LaTeX\BVE research\lean-proof\.lake\packages\mathlib\.lake\build\lib\lean\Mathlib\Data\Nat\Order\Lemmas.olean
F:\LaTeX\BVE research\lean-proof\.lake\packages\mathlib\.lake\build\lib\lean\Mathlib\Data\Nat\Prime\Basic.olean
F:\LaTeX\BVE research\lean-proof\.lake\packages\mathlib\.lake\build\lib\lean\Mathlib\Data\Nat\Prime\Defs.olean
F:\LaTeX\BVE research\lean-proof\.lake\packages\mathlib\.lake\build\lib\lean\Mathlib\Data\Nat\Prime\Infinite.olean
F:\LaTeX\BVE research\lean-proof\.lake\packages\mathlib\.lake\build\lib\lean\Mathlib\Data\Nat\Prime\Pow.olean
F:\LaTeX\BVE research\lean-proof\.lake\packages\mathlib\.lake\build\lib\lean\Mathlib\Data\Rat\Cast\CharZero.olean
F:\LaTeX\BVE research\lean-proof\.lake\packages\mathlib\.lake\build\lib\lean\Mathlib\Data\Rat\Cast\Defs.olean
F:\LaTeX\BVE research\lean-proof\.lake\packages\mathlib\.lake\build\lib\lean\Mathlib\Data\Rat\Cast\Lemmas.olean
F:\LaTeX\BVE research\lean-proof\.lake\packages\mathlib\.lake\build\lib\lean\Mathlib\Data\Rat\Cast\Order.olean
F:\LaTeX\BVE research\lean-proof\.lake\packages\mathlib\.lake\build\lib\lean\Mathlib\Data\Set\Finite\Basic.olean
F:\LaTeX\BVE research\lean-proof\.lake\packages\mathlib\.lake\build\lib\lean\Mathlib\Data\Set\Finite\Lattice.olean
F:\LaTeX\BVE research\lean-proof\.lake\packages\mathlib\.lake\build\lib\lean\Mathlib\Data\Set\Finite\Lemmas.olean
F:\LaTeX\BVE research\lean-proof\.lake\packages\mathlib\.lake\build\lib\lean\Mathlib\Data\Set\Finite\Powerset.olean
F:\LaTeX\BVE research\lean-proof\.lake\packages\mathlib\.lake\build\lib\lean\Mathlib\Data\Set\Finite\Range.olean
F:\LaTeX\BVE research\lean-proof\.lake\packages\mathlib\.lake\build\lib\lean\Mathlib\Data\Set\Lattice\Image.olean
F:\LaTeX\BVE research\lean-proof\.lake\packages\mathlib\.lake\build\lib\lean\Mathlib\Data\Set\Pairwise\Basic.olean
F:\LaTeX\BVE research\lean-proof\.lake\packages\mathlib\.lake\build\lib\lean\Mathlib\Data\Set\Pairwise\Lattice.olean
F:\LaTeX\BVE research\lean-proof\.lake\packages\mathlib\.lake\build\lib\lean\Mathlib\Data\Set\Pairwise\List.olean
F:\LaTeX\BVE research\lean-proof\.lake\packages\mathlib\.lake\build\lib\lean\Mathlib\Data\Sym\Sym2\Init.olean
F:\LaTeX\BVE research\lean-proof\.lake\packages\mathlib\.lake\build\lib\lean\Mathlib\GroupTheory\GroupAction\DomAct\Basic.olean
F:\LaTeX\BVE research\lean-proof\.lake\packages\mathlib\.lake\build\lib\lean\Mathlib\GroupTheory\GroupAction\SubMulAction\Pointwise.olean
F:\LaTeX\BVE research\lean-proof\.lake\packages\mathlib\.lake\build\lib\lean\Mathlib\GroupTheory\Perm\Cycle\Basic.olean
F:\LaTeX\BVE research\lean-proof\.lake\packages\mathlib\.lake\build\lib\lean\Mathlib\GroupTheory\Perm\Cycle\Factors.olean
F:\LaTeX\BVE research\lean-proof\.lake\packages\mathlib\.lake\build\lib\lean\Mathlib\GroupTheory\Perm\Cycle\Type.olean
F:\LaTeX\BVE research\lean-proof\.lake\packages\mathlib\.lake\build\lib\lean\Mathlib\GroupTheory\SpecificGroups\Cyclic\Basic.olean
F:\LaTeX\BVE research\lean-proof\.lake\packages\mathlib\.lake\build\lib\lean\Mathlib\Lean\Elab\Tactic\Meta.olean
F:\LaTeX\BVE research\lean-proof\.lake\packages\mathlib\.lake\build\lib\lean\Mathlib\Lean\Meta\RefinedDiscrTree\Basic.olean
F:\LaTeX\BVE research\lean-proof\.lake\packages\mathlib\.lake\build\lib\lean\Mathlib\Lean\Meta\RefinedDiscrTree\Encode.olean
F:\LaTeX\BVE research\lean-proof\.lake\packages\mathlib\.lake\build\lib\lean\Mathlib\Lean\Meta\RefinedDiscrTree\Initialize.olean
F:\LaTeX\BVE research\lean-proof\.lake\packages\mathlib\.lake\build\lib\lean\Mathlib\Lean\Meta\RefinedDiscrTree\Lookup.olean
F:\LaTeX\BVE research\lean-proof\.lake\packages\mathlib\.lake\build\lib\lean\Mathlib\Lean\Meta\Tactic\Rewrite.olean
F:\LaTeX\BVE research\lean-proof\.lake\packages\mathlib\.lake\build\lib\lean\Mathlib\LinearAlgebra\AffineSpace\AffineSubspace\Basic.olean
F:\LaTeX\BVE research\lean-proof\.lake\packages\mathlib\.lake\build\lib\lean\Mathlib\LinearAlgebra\AffineSpace\AffineSubspace\Defs.olean
F:\LaTeX\BVE research\lean-proof\.lake\packages\mathlib\.lake\build\lib\lean\Mathlib\LinearAlgebra\AffineSpace\Simplex\Basic.olean
F:\LaTeX\BVE research\lean-proof\.lake\packages\mathlib\.lake\build\lib\lean\Mathlib\LinearAlgebra\FreeModule\Finite\Basic.olean
F:\LaTeX\BVE research\lean-proof\.lake\packages\mathlib\.lake\build\lib\lean\Mathlib\LinearAlgebra\Matrix\Determinant\Basic.olean
F:\LaTeX\BVE research\lean-proof\.lake\packages\mathlib\.lake\build\lib\lean\Mathlib\LinearAlgebra\Matrix\GeneralLinearGroup\Defs.olean
F:\LaTeX\BVE research\lean-proof\.lake\packages\mathlib\.lake\build\lib\lean\Mathlib\Logic\Equiv\Fin\Basic.olean
F:\LaTeX\BVE research\lean-proof\.lake\packages\mathlib\.lake\build\lib\lean\Mathlib\Logic\Equiv\Fin\Rotate.olean
F:\LaTeX\BVE research\lean-proof\.lake\packages\mathlib\.lake\build\lib\lean\Mathlib\NumberTheory\Padics\PadicVal\Defs.olean
F:\LaTeX\BVE research\lean-proof\.lake\packages\mathlib\.lake\build\lib\lean\Mathlib\Order\Filter\AtTopBot\Archimedean.olean
F:\LaTeX\BVE research\lean-proof\.lake\packages\mathlib\.lake\build\lib\lean\Mathlib\Order\Filter\AtTopBot\Basic.olean
F:\LaTeX\BVE research\lean-proof\.lake\packages\mathlib\.lake\build\lib\lean\Mathlib\Order\Filter\AtTopBot\BigOperators.olean
F:\LaTeX\BVE research\lean-proof\.lake\packages\mathlib\.lake\build\lib\lean\Mathlib\Order\Filter\AtTopBot\CompleteLattice.olean
F:\LaTeX\BVE research\lean-proof\.lake\packages\mathlib\.lake\build\lib\lean\Mathlib\Order\Filter\AtTopBot\CountablyGenerated.olean
F:\LaTeX\BVE research\lean-proof\.lake\packages\mathlib\.lake\build\lib\lean\Mathlib\Order\Filter\AtTopBot\Defs.olean
F:\LaTeX\BVE research\lean-proof\.lake\packages\mathlib\.lake\build\lib\lean\Mathlib\Order\Filter\AtTopBot\Disjoint.olean
F:\LaTeX\BVE research\lean-proof\.lake\packages\mathlib\.lake\build\lib\lean\Mathlib\Order\Filter\AtTopBot\Field.olean
F:\LaTeX\BVE research\lean-proof\.lake\packages\mathlib\.lake\build\lib\lean\Mathlib\Order\Filter\AtTopBot\Finite.olean
F:\LaTeX\BVE research\lean-proof\.lake\packages\mathlib\.lake\build\lib\lean\Mathlib\Order\Filter\AtTopBot\Finset.olean
F:\LaTeX\BVE research\lean-proof\.lake\packages\mathlib\.lake\build\lib\lean\Mathlib\Order\Filter\AtTopBot\Group.olean
F:\LaTeX\BVE research\lean-proof\.lake\packages\mathlib\.lake\build\lib\lean\Mathlib\Order\Filter\AtTopBot\Map.olean
F:\LaTeX\BVE research\lean-proof\.lake\packages\mathlib\.lake\build\lib\lean\Mathlib\Order\Filter\AtTopBot\ModEq.olean
F:\LaTeX\BVE research\lean-proof\.lake\packages\mathlib\.lake\build\lib\lean\Mathlib\Order\Filter\AtTopBot\Monoid.olean
F:\LaTeX\BVE research\lean-proof\.lake\packages\mathlib\.lake\build\lib\lean\Mathlib\Order\Filter\AtTopBot\Prod.olean
F:\LaTeX\BVE research\lean-proof\.lake\packages\mathlib\.lake\build\lib\lean\Mathlib\Order\Filter\AtTopBot\Ring.olean
F:\LaTeX\BVE research\lean-proof\.lake\packages\mathlib\.lake\build\lib\lean\Mathlib\Order\Filter\AtTopBot\Tendsto.olean
F:\LaTeX\BVE research\lean-proof\.lake\packages\mathlib\.lake\build\lib\lean\Mathlib\Order\Filter\Bases\Basic.olean
F:\LaTeX\BVE research\lean-proof\.lake\packages\mathlib\.lake\build\lib\lean\Mathlib\Order\Filter\Bases\Finite.olean
F:\LaTeX\BVE research\lean-proof\.lake\packages\mathlib\.lake\build\lib\lean\Mathlib\Order\Filter\Ultrafilter\Basic.olean
F:\LaTeX\BVE research\lean-proof\.lake\packages\mathlib\.lake\build\lib\lean\Mathlib\Order\Filter\Ultrafilter\Defs.olean
F:\LaTeX\BVE research\lean-proof\.lake\packages\mathlib\.lake\build\lib\lean\Mathlib\Order\Interval\Finset\Basic.olean
F:\LaTeX\BVE research\lean-proof\.lake\packages\mathlib\.lake\build\lib\lean\Mathlib\Order\Interval\Finset\Defs.olean
F:\LaTeX\BVE research\lean-proof\.lake\packages\mathlib\.lake\build\lib\lean\Mathlib\Order\Interval\Finset\Fin.olean
F:\LaTeX\BVE research\lean-proof\.lake\packages\mathlib\.lake\build\lib\lean\Mathlib\Order\Interval\Finset\Nat.olean
F:\LaTeX\BVE research\lean-proof\.lake\packages\mathlib\.lake\build\lib\lean\Mathlib\Order\Interval\Finset\SuccPred.olean
F:\LaTeX\BVE research\lean-proof\.lake\packages\mathlib\.lake\build\lib\lean\Mathlib\Order\Interval\Set\Basic.olean
F:\LaTeX\BVE research\lean-proof\.lake\packages\mathlib\.lake\build\lib\lean\Mathlib\Order\Interval\Set\Defs.olean
F:\LaTeX\BVE research\lean-proof\.lake\packages\mathlib\.lake\build\lib\lean\Mathlib\Order\Interval\Set\Disjoint.olean
F:\LaTeX\BVE research\lean-proof\.lake\packages\mathlib\.lake\build\lib\lean\Mathlib\Order\Interval\Set\Fin.olean
F:\LaTeX\BVE research\lean-proof\.lake\packages\mathlib\.lake\build\lib\lean\Mathlib\Order\Interval\Set\Image.olean
F:\LaTeX\BVE research\lean-proof\.lake\packages\mathlib\.lake\build\lib\lean\Mathlib\Order\Interval\Set\Infinite.olean
F:\LaTeX\BVE research\lean-proof\.lake\packages\mathlib\.lake\build\lib\lean\Mathlib\Order\Interval\Set\LinearOrder.olean
F:\LaTeX\BVE research\lean-proof\.lake\packages\mathlib\.lake\build\lib\lean\Mathlib\Order\Interval\Set\OrdConnected.olean
F:\LaTeX\BVE research\lean-proof\.lake\packages\mathlib\.lake\build\lib\lean\Mathlib\Order\Interval\Set\OrdConnectedComponent.olean
F:\LaTeX\BVE research\lean-proof\.lake\packages\mathlib\.lake\build\lib\lean\Mathlib\Order\Interval\Set\OrderEmbedding.olean
F:\LaTeX\BVE research\lean-proof\.lake\packages\mathlib\.lake\build\lib\lean\Mathlib\Order\Interval\Set\OrderIso.olean
F:\LaTeX\BVE research\lean-proof\.lake\packages\mathlib\.lake\build\lib\lean\Mathlib\Order\Interval\Set\Pi.olean
F:\LaTeX\BVE research\lean-proof\.lake\packages\mathlib\.lake\build\lib\lean\Mathlib\Order\Interval\Set\ProjIcc.olean
F:\LaTeX\BVE research\lean-proof\.lake\packages\mathlib\.lake\build\lib\lean\Mathlib\Order\Interval\Set\SuccPred.olean
F:\LaTeX\BVE research\lean-proof\.lake\packages\mathlib\.lake\build\lib\lean\Mathlib\Order\Interval\Set\UnorderedInterval.olean
F:\LaTeX\BVE research\lean-proof\.lake\packages\mathlib\.lake\build\lib\lean\Mathlib\Order\Interval\Set\WithBotTop.olean
F:\LaTeX\BVE research\lean-proof\.lake\packages\mathlib\.lake\build\lib\lean\Mathlib\RingTheory\Adjoin\Polynomial\Basic.olean
F:\LaTeX\BVE research\lean-proof\.lake\packages\mathlib\.lake\build\lib\lean\Mathlib\RingTheory\Ideal\Quotient\Basic.olean
F:\LaTeX\BVE research\lean-proof\.lake\packages\mathlib\.lake\build\lib\lean\Mathlib\RingTheory\Ideal\Quotient\Defs.olean
F:\LaTeX\BVE research\lean-proof\.lake\packages\mathlib\.lake\build\lib\lean\Mathlib\RingTheory\Ideal\Quotient\Operations.olean
F:\LaTeX\BVE research\lean-proof\.lake\packages\mathlib\.lake\build\lib\lean\Mathlib\SetTheory\Cardinal\Cofinality\Basic.olean
F:\LaTeX\BVE research\lean-proof\.lake\packages\mathlib\.lake\build\lib\lean\Mathlib\SetTheory\Cardinal\Cofinality\Enum.olean
F:\LaTeX\BVE research\lean-proof\.lake\packages\mathlib\.lake\build\lib\lean\Mathlib\SetTheory\Cardinal\Cofinality\Ordinal.olean
F:\LaTeX\BVE research\lean-proof\.lake\packages\mathlib\.lake\build\lib\lean\Mathlib\Tactic\Linarith\Oracle\SimplexAlgorithm.olean
F:\LaTeX\BVE research\lean-proof\.lake\packages\mathlib\.lake\build\lib\lean\Mathlib\Tactic\Order\Graph\Basic.olean
F:\LaTeX\BVE research\lean-proof\.lake\packages\mathlib\.lake\build\lib\lean\Mathlib\Tactic\Order\Graph\Tarjan.olean
F:\LaTeX\BVE research\lean-proof\.lake\packages\mathlib\.lake\build\lib\lean\Mathlib\Topology\Algebra\Algebra\Equiv.olean
F:\LaTeX\BVE research\lean-proof\.lake\packages\mathlib\.lake\build\lib\lean\Mathlib\Topology\Algebra\Group\Basic.olean
F:\LaTeX\BVE research\lean-proof\.lake\packages\mathlib\.lake\build\lib\lean\Mathlib\Topology\Algebra\Group\Defs.olean
F:\LaTeX\BVE research\lean-proof\.lake\packages\mathlib\.lake\build\lib\lean\Mathlib\Topology\Algebra\Group\GroupTopology.olean
F:\LaTeX\BVE research\lean-proof\.lake\packages\mathlib\.lake\build\lib\lean\Mathlib\Topology\Algebra\Group\Pointwise.olean
F:\LaTeX\BVE research\lean-proof\.lake\packages\mathlib\.lake\build\lib\lean\Mathlib\Topology\Algebra\Group\Quotient.olean
F:\LaTeX\BVE research\lean-proof\.lake\packages\mathlib\.lake\build\lib\lean\Mathlib\Topology\Algebra\Group\Torsor.olean
F:\LaTeX\BVE research\lean-proof\.lake\packages\mathlib\.lake\build\lib\lean\Mathlib\Topology\Algebra\InfiniteSum\Basic.olean
F:\LaTeX\BVE research\lean-proof\.lake\packages\mathlib\.lake\build\lib\lean\Mathlib\Topology\Algebra\InfiniteSum\Constructions.olean
F:\LaTeX\BVE research\lean-proof\.lake\packages\mathlib\.lake\build\lib\lean\Mathlib\Topology\Algebra\InfiniteSum\Defs.olean
F:\LaTeX\BVE research\lean-proof\.lake\packages\mathlib\.lake\build\lib\lean\Mathlib\Topology\Algebra\InfiniteSum\ENNReal.olean
F:\LaTeX\BVE research\lean-proof\.lake\packages\mathlib\.lake\build\lib\lean\Mathlib\Topology\Algebra\InfiniteSum\Group.olean
F:\LaTeX\BVE research\lean-proof\.lake\packages\mathlib\.lake\build\lib\lean\Mathlib\Topology\Algebra\InfiniteSum\Module.olean
F:\LaTeX\BVE research\lean-proof\.lake\packages\mathlib\.lake\build\lib\lean\Mathlib\Topology\Algebra\InfiniteSum\NatInt.olean
F:\LaTeX\BVE research\lean-proof\.lake\packages\mathlib\.lake\build\lib\lean\Mathlib\Topology\Algebra\InfiniteSum\Order.olean
F:\LaTeX\BVE research\lean-proof\.lake\packages\mathlib\.lake\build\lib\lean\Mathlib\Topology\Algebra\InfiniteSum\Real.olean
F:\LaTeX\BVE research\lean-proof\.lake\packages\mathlib\.lake\build\lib\lean\Mathlib\Topology\Algebra\InfiniteSum\Ring.olean
F:\LaTeX\BVE research\lean-proof\.lake\packages\mathlib\.lake\build\lib\lean\Mathlib\Topology\Algebra\InfiniteSum\SummationFilter.olean
F:\LaTeX\BVE research\lean-proof\.lake\packages\mathlib\.lake\build\lib\lean\Mathlib\Topology\Algebra\IsUniformGroup\Basic.olean
F:\LaTeX\BVE research\lean-proof\.lake\packages\mathlib\.lake\build\lib\lean\Mathlib\Topology\Algebra\IsUniformGroup\Constructions.olean
F:\LaTeX\BVE research\lean-proof\.lake\packages\mathlib\.lake\build\lib\lean\Mathlib\Topology\Algebra\IsUniformGroup\Defs.olean
F:\LaTeX\BVE research\lean-proof\.lake\packages\mathlib\.lake\build\lib\lean\Mathlib\Topology\Algebra\MetricSpace\Lipschitz.olean
F:\LaTeX\BVE research\lean-proof\.lake\packages\mathlib\.lake\build\lib\lean\Mathlib\Topology\Algebra\Module\Basic.olean
F:\LaTeX\BVE research\lean-proof\.lake\packages\mathlib\.lake\build\lib\lean\Mathlib\Topology\Algebra\Module\ClosedSubmodule.olean
F:\LaTeX\BVE research\lean-proof\.lake\packages\mathlib\.lake\build\lib\lean\Mathlib\Topology\Algebra\Module\Complement.olean
F:\LaTeX\BVE research\lean-proof\.lake\packages\mathlib\.lake\build\lib\lean\Mathlib\Topology\Algebra\Module\Determinant.olean
F:\LaTeX\BVE research\lean-proof\.lake\packages\mathlib\.lake\build\lib\lean\Mathlib\Topology\Algebra\Module\Equiv.olean
F:\LaTeX\BVE research\lean-proof\.lake\packages\mathlib\.lake\build\lib\lean\Mathlib\Topology\Algebra\Module\FiniteDimension.olean
F:\LaTeX\BVE research\lean-proof\.lake\packages\mathlib\.lake\build\lib\lean\Mathlib\Topology\Algebra\Module\LocallyConvex.olean
F:\LaTeX\BVE research\lean-proof\.lake\packages\mathlib\.lake\build\lib\lean\Mathlib\Topology\Algebra\Module\ModuleTopology.olean
F:\LaTeX\BVE research\lean-proof\.lake\packages\mathlib\.lake\build\lib\lean\Mathlib\Topology\Algebra\Module\Simple.olean
F:\LaTeX\BVE research\lean-proof\.lake\packages\mathlib\.lake\build\lib\lean\Mathlib\Topology\Algebra\Module\Star.olean
F:\LaTeX\BVE research\lean-proof\.lake\packages\mathlib\.lake\build\lib\lean\Mathlib\Topology\Algebra\Module\UniformConvergence.olean
F:\LaTeX\BVE research\lean-proof\.lake\packages\mathlib\.lake\build\lib\lean\Mathlib\Topology\Algebra\Monoid\Defs.olean
F:\LaTeX\BVE research\lean-proof\.lake\packages\mathlib\.lake\build\lib\lean\Mathlib\Topology\Algebra\Monoid\FunOnFinite.olean
F:\LaTeX\BVE research\lean-proof\.lake\packages\mathlib\.lake\build\lib\lean\Mathlib\Topology\Algebra\Order\Archimedean.olean
F:\LaTeX\BVE research\lean-proof\.lake\packages\mathlib\.lake\build\lib\lean\Mathlib\Topology\Algebra\Order\Field.olean
F:\LaTeX\BVE research\lean-proof\.lake\packages\mathlib\.lake\build\lib\lean\Mathlib\Topology\Algebra\Order\Group.olean
F:\LaTeX\BVE research\lean-proof\.lake\packages\mathlib\.lake\build\lib\lean\Mathlib\Topology\Algebra\Ring\Basic.olean
F:\LaTeX\BVE research\lean-proof\.lake\packages\mathlib\.lake\build\lib\lean\Mathlib\Topology\Algebra\Ring\Ideal.olean
F:\LaTeX\BVE research\lean-proof\.lake\packages\mathlib\.lake\build\lib\lean\Mathlib\Topology\Algebra\Ring\Real.olean
F:\LaTeX\BVE research\lean-proof\.lake\packages\mathlib\.lake\build\lib\lean\Mathlib\Topology\Algebra\SeparationQuotient\Basic.olean
F:\LaTeX\BVE research\lean-proof\.lake\packages\mathlib\.lake\build\lib\lean\Mathlib\Topology\Algebra\SeparationQuotient\FiniteDimensional.olean
F:\LaTeX\BVE research\lean-proof\.lake\packages\mathlib\.lake\build\lib\lean\Mathlib\Topology\Algebra\SeparationQuotient\Section.olean
F:\LaTeX\BVE research\lean-proof\.lake\packages\mathlib\.lake\build\lib\lean\Mathlib\Topology\Instances\AddCircle\Defs.olean
F:\LaTeX\BVE research\lean-proof\.lake\packages\mathlib\.lake\build\lib\lean\Mathlib\Topology\Instances\AddCircle\Real.olean
F:\LaTeX\BVE research\lean-proof\.lake\packages\mathlib\.lake\build\lib\lean\Mathlib\Topology\Instances\ENNReal\Lemmas.olean
F:\LaTeX\BVE research\lean-proof\.lake\packages\mathlib\.lake\build\lib\lean\Mathlib\Topology\Instances\EReal\Lemmas.olean
F:\LaTeX\BVE research\lean-proof\.lake\packages\mathlib\.lake\build\lib\lean\Mathlib\Topology\Instances\NNReal\Lemmas.olean
F:\LaTeX\BVE research\lean-proof\.lake\packages\mathlib\.lake\build\lib\lean\Mathlib\Topology\Maps\Proper\Basic.olean
F:\LaTeX\BVE research\lean-proof\.lake\packages\mathlib\.lake\build\lib\lean\Mathlib\Topology\Maps\Strict\Basic.olean
F:\LaTeX\BVE research\lean-proof\.lake\packages\mathlib\.lake\build\lib\lean\Mathlib\Topology\MetricSpace\ProperSpace\Real.olean
F:\LaTeX\BVE research\lean-proof\.lake\packages\mathlib\.lake\build\lib\lean\Mathlib\Topology\MetricSpace\Pseudo\Basic.olean
F:\LaTeX\BVE research\lean-proof\.lake\packages\mathlib\.lake\build\lib\lean\Mathlib\Topology\MetricSpace\Pseudo\Constructions.olean
F:\LaTeX\BVE research\lean-proof\.lake\packages\mathlib\.lake\build\lib\lean\Mathlib\Topology\MetricSpace\Pseudo\Defs.olean
F:\LaTeX\BVE research\lean-proof\.lake\packages\mathlib\.lake\build\lib\lean\Mathlib\Topology\MetricSpace\Pseudo\Lemmas.olean
F:\LaTeX\BVE research\lean-proof\.lake\packages\mathlib\.lake\build\lib\lean\Mathlib\Topology\MetricSpace\Pseudo\Pi.olean
F:\LaTeX\BVE research\lean-proof\.lake\packages\mathlib\.lake\build\lib\lean\Mathlib\Topology\MetricSpace\Pseudo\Real.olean
f:\DevCache\elan\toolchains\leanprover--lean4---v4.31.0\lib\lean\Std\Data\DHashMap\Internal\Defs.olean
f:\DevCache\elan\toolchains\leanprover--lean4---v4.31.0\lib\lean\Std\Data\DHashMap\Internal\HashesTo.olean
f:\DevCache\elan\toolchains\leanprover--lean4---v4.31.0\lib\lean\Std\Data\DHashMap\Internal\Index.olean
f:\DevCache\elan\toolchains\leanprover--lean4---v4.31.0\lib\lean\Std\Data\DHashMap\Internal\Model.olean
f:\DevCache\elan\toolchains\leanprover--lean4---v4.31.0\lib\lean\Std\Data\DHashMap\Internal\Raw.olean
f:\DevCache\elan\toolchains\leanprover--lean4---v4.31.0\lib\lean\Std\Data\DHashMap\Internal\RawLemmas.olean
f:\DevCache\elan\toolchains\leanprover--lean4---v4.31.0\lib\lean\Std\Data\DHashMap\Internal\WF.olean
f:\DevCache\elan\toolchains\leanprover--lean4---v4.31.0\lib\lean\Std\Data\DTreeMap\Internal\Balanced.olean
f:\DevCache\elan\toolchains\leanprover--lean4---v4.31.0\lib\lean\Std\Data\DTreeMap\Internal\Balancing.olean
f:\DevCache\elan\toolchains\leanprover--lean4---v4.31.0\lib\lean\Std\Data\DTreeMap\Internal\Cell.olean
f:\DevCache\elan\toolchains\leanprover--lean4---v4.31.0\lib\lean\Std\Data\DTreeMap\Internal\Def.olean
f:\DevCache\elan\toolchains\leanprover--lean4---v4.31.0\lib\lean\Std\Data\DTreeMap\Internal\Lemmas.olean
f:\DevCache\elan\toolchains\leanprover--lean4---v4.31.0\lib\lean\Std\Data\DTreeMap\Internal\Model.olean
f:\DevCache\elan\toolchains\leanprover--lean4---v4.31.0\lib\lean\Std\Data\DTreeMap\Internal\Operations.olean
f:\DevCache\elan\toolchains\leanprover--lean4---v4.31.0\lib\lean\Std\Data\DTreeMap\Internal\Ordered.olean
f:\DevCache\elan\toolchains\leanprover--lean4---v4.31.0\lib\lean\Std\Data\DTreeMap\Internal\Queries.olean
f:\DevCache\elan\toolchains\leanprover--lean4---v4.31.0\lib\lean\Std\Data\DTreeMap\Internal\Zipper.olean
f:\DevCache\elan\toolchains\leanprover--lean4---v4.31.0\lib\lean\Std\Data\DTreeMap\Raw\AdditionalOperations.olean
f:\DevCache\elan\toolchains\leanprover--lean4---v4.31.0\lib\lean\Std\Data\DTreeMap\Raw\Basic.olean
f:\DevCache\elan\toolchains\leanprover--lean4---v4.31.0\lib\lean\Std\Data\DTreeMap\Raw\DecidableEquiv.olean
f:\DevCache\elan\toolchains\leanprover--lean4---v4.31.0\lib\lean\Std\Data\DTreeMap\Raw\Iterator.olean
f:\DevCache\elan\toolchains\leanprover--lean4---v4.31.0\lib\lean\Std\Data\DTreeMap\Raw\Lemmas.olean
f:\DevCache\elan\toolchains\leanprover--lean4---v4.31.0\lib\lean\Std\Data\DTreeMap\Raw\Slice.olean
f:\DevCache\elan\toolchains\leanprover--lean4---v4.31.0\lib\lean\Std\Data\DTreeMap\Raw\WF.olean
f:\DevCache\elan\toolchains\leanprover--lean4---v4.31.0\lib\lean\Std\Data\Internal\List\Associative.olean
f:\DevCache\elan\toolchains\leanprover--lean4---v4.31.0\lib\lean\Std\Data\Internal\List\Defs.olean
f:\DevCache\elan\toolchains\leanprover--lean4---v4.31.0\lib\lean\Std\Data\Iterators\Combinators\Drop.olean
f:\DevCache\elan\toolchains\leanprover--lean4---v4.31.0\lib\lean\Std\Data\Iterators\Combinators\DropWhile.olean
f:\DevCache\elan\toolchains\leanprover--lean4---v4.31.0\lib\lean\Std\Data\Iterators\Combinators\Monadic.olean
f:\DevCache\elan\toolchains\leanprover--lean4---v4.31.0\lib\lean\Std\Data\Iterators\Combinators\StepSize.olean
f:\DevCache\elan\toolchains\leanprover--lean4---v4.31.0\lib\lean\Std\Data\Iterators\Combinators\TakeWhile.olean
f:\DevCache\elan\toolchains\leanprover--lean4---v4.31.0\lib\lean\Std\Data\Iterators\Combinators\Zip.olean
f:\DevCache\elan\toolchains\leanprover--lean4---v4.31.0\lib\lean\Std\Data\Iterators\Consumers\Monadic.olean
f:\DevCache\elan\toolchains\leanprover--lean4---v4.31.0\lib\lean\Std\Data\Iterators\Consumers\Set.olean
f:\DevCache\elan\toolchains\leanprover--lean4---v4.31.0\lib\lean\Std\Data\Iterators\Lemmas\Combinators.olean
f:\DevCache\elan\toolchains\leanprover--lean4---v4.31.0\lib\lean\Std\Data\Iterators\Lemmas\Consumers.olean
f:\DevCache\elan\toolchains\leanprover--lean4---v4.31.0\lib\lean\Std\Data\Iterators\Lemmas\Equivalence.olean
f:\DevCache\elan\toolchains\leanprover--lean4---v4.31.0\lib\lean\Std\Data\Iterators\Lemmas\Monadic.olean
f:\DevCache\elan\toolchains\leanprover--lean4---v4.31.0\lib\lean\Std\Data\Iterators\Lemmas\Producers.olean
f:\DevCache\elan\toolchains\leanprover--lean4---v4.31.0\lib\lean\Std\Data\Iterators\Producers\Array.olean
f:\DevCache\elan\toolchains\leanprover--lean4---v4.31.0\lib\lean\Std\Data\Iterators\Producers\Empty.olean
f:\DevCache\elan\toolchains\leanprover--lean4---v4.31.0\lib\lean\Std\Data\Iterators\Producers\Monadic.olean
f:\DevCache\elan\toolchains\leanprover--lean4---v4.31.0\lib\lean\Std\Data\Iterators\Producers\Range.olean
f:\DevCache\elan\toolchains\leanprover--lean4---v4.31.0\lib\lean\Std\Data\Iterators\Producers\Repeat.olean
f:\DevCache\elan\toolchains\leanprover--lean4---v4.31.0\lib\lean\Std\Data\Iterators\Producers\Slice.olean
f:\DevCache\elan\toolchains\leanprover--lean4---v4.31.0\lib\lean\Std\Data\Iterators\Producers\Vector.olean
f:\DevCache\elan\toolchains\leanprover--lean4---v4.31.0\lib\lean\Std\Data\TreeMap\Raw\AdditionalOperations.olean
f:\DevCache\elan\toolchains\leanprover--lean4---v4.31.0\lib\lean\Std\Data\TreeMap\Raw\Basic.olean
f:\DevCache\elan\toolchains\leanprover--lean4---v4.31.0\lib\lean\Std\Data\TreeMap\Raw\DecidableEquiv.olean
f:\DevCache\elan\toolchains\leanprover--lean4---v4.31.0\lib\lean\Std\Data\TreeMap\Raw\Iterator.olean
f:\DevCache\elan\toolchains\leanprover--lean4---v4.31.0\lib\lean\Std\Data\TreeMap\Raw\Lemmas.olean
f:\DevCache\elan\toolchains\leanprover--lean4---v4.31.0\lib\lean\Std\Data\TreeMap\Raw\Slice.olean
f:\DevCache\elan\toolchains\leanprover--lean4---v4.31.0\lib\lean\Std\Data\TreeMap\Raw\WF.olean
f:\DevCache\elan\toolchains\leanprover--lean4---v4.31.0\lib\lean\Std\Data\TreeSet\Raw\Basic.olean
f:\DevCache\elan\toolchains\leanprover--lean4---v4.31.0\lib\lean\Std\Data\TreeSet\Raw\DecidableEquiv.olean
f:\DevCache\elan\toolchains\leanprover--lean4---v4.31.0\lib\lean\Std\Data\TreeSet\Raw\Iterator.olean
f:\DevCache\elan\toolchains\leanprover--lean4---v4.31.0\lib\lean\Std\Data\TreeSet\Raw\Lemmas.olean
f:\DevCache\elan\toolchains\leanprover--lean4---v4.31.0\lib\lean\Std\Data\TreeSet\Raw\Slice.olean
f:\DevCache\elan\toolchains\leanprover--lean4---v4.31.0\lib\lean\Std\Data\TreeSet\Raw\WF.olean
f:\DevCache\elan\toolchains\leanprover--lean4---v4.31.0\lib\lean\Std\Do\Internal\Ensures\Def.olean
f:\DevCache\elan\toolchains\leanprover--lean4---v4.31.0\lib\lean\Std\Do\Internal\Ensures\Lemmas.olean
f:\DevCache\elan\toolchains\leanprover--lean4---v4.31.0\lib\lean\Std\Do\SPred\Notation\Basic.olean
f:\DevCache\elan\toolchains\leanprover--lean4---v4.31.0\lib\lean\Std\Http\Data\Body\Any.olean
f:\DevCache\elan\toolchains\leanprover--lean4---v4.31.0\lib\lean\Std\Http\Data\Body\Basic.olean
f:\DevCache\elan\toolchains\leanprover--lean4---v4.31.0\lib\lean\Std\Http\Data\Body\Empty.olean
f:\DevCache\elan\toolchains\leanprover--lean4---v4.31.0\lib\lean\Std\Http\Data\Body\Full.olean
f:\DevCache\elan\toolchains\leanprover--lean4---v4.31.0\lib\lean\Std\Http\Data\Body\Length.olean
f:\DevCache\elan\toolchains\leanprover--lean4---v4.31.0\lib\lean\Std\Http\Data\Body\Stream.olean
f:\DevCache\elan\toolchains\leanprover--lean4---v4.31.0\lib\lean\Std\Http\Data\Headers\Basic.olean
f:\DevCache\elan\toolchains\leanprover--lean4---v4.31.0\lib\lean\Std\Http\Data\Headers\Name.olean
f:\DevCache\elan\toolchains\leanprover--lean4---v4.31.0\lib\lean\Std\Http\Data\Headers\Value.olean
f:\DevCache\elan\toolchains\leanprover--lean4---v4.31.0\lib\lean\Std\Http\Data\URI\Basic.olean
f:\DevCache\elan\toolchains\leanprover--lean4---v4.31.0\lib\lean\Std\Http\Data\URI\Config.olean
f:\DevCache\elan\toolchains\leanprover--lean4---v4.31.0\lib\lean\Std\Http\Data\URI\Encoding.olean
f:\DevCache\elan\toolchains\leanprover--lean4---v4.31.0\lib\lean\Std\Http\Data\URI\Parser.olean
f:\DevCache\elan\toolchains\leanprover--lean4---v4.31.0\lib\lean\Std\Http\Protocol\H1\Config.olean
f:\DevCache\elan\toolchains\leanprover--lean4---v4.31.0\lib\lean\Std\Http\Protocol\H1\Error.olean
f:\DevCache\elan\toolchains\leanprover--lean4---v4.31.0\lib\lean\Std\Http\Protocol\H1\Event.olean
f:\DevCache\elan\toolchains\leanprover--lean4---v4.31.0\lib\lean\Std\Http\Protocol\H1\Message.olean
f:\DevCache\elan\toolchains\leanprover--lean4---v4.31.0\lib\lean\Std\Http\Protocol\H1\Parser.olean
f:\DevCache\elan\toolchains\leanprover--lean4---v4.31.0\lib\lean\Std\Http\Protocol\H1\Reader.olean
f:\DevCache\elan\toolchains\leanprover--lean4---v4.31.0\lib\lean\Std\Http\Protocol\H1\Writer.olean
f:\DevCache\elan\toolchains\leanprover--lean4---v4.31.0\lib\lean\Std\Internal\Do\Triple\Basic.olean
f:\DevCache\elan\toolchains\leanprover--lean4---v4.31.0\lib\lean\Std\Internal\Do\Triple\Gadget.olean
f:\DevCache\elan\toolchains\leanprover--lean4---v4.31.0\lib\lean\Std\Internal\Do\Triple\SpecLemmas.olean
f:\DevCache\elan\toolchains\leanprover--lean4---v4.31.0\lib\lean\Std\Internal\Do\WP\Basic.olean
f:\DevCache\elan\toolchains\leanprover--lean4---v4.31.0\lib\lean\Std\Internal\Do\WP\Lemmas.olean
f:\DevCache\elan\toolchains\leanprover--lean4---v4.31.0\lib\lean\Std\Sat\AIG\RefVecOperator\Fold.olean
f:\DevCache\elan\toolchains\leanprover--lean4---v4.31.0\lib\lean\Std\Sat\AIG\RefVecOperator\Map.olean
f:\DevCache\elan\toolchains\leanprover--lean4---v4.31.0\lib\lean\Std\Sat\AIG\RefVecOperator\Zip.olean
f:\DevCache\elan\toolchains\leanprover--lean4---v4.31.0\lib\lean\Std\Tactic\BVDecide\Bitblast\BVExpr.olean
f:\DevCache\elan\toolchains\leanprover--lean4---v4.31.0\lib\lean\Std\Tactic\BVDecide\Bitblast\BoolExpr.olean
f:\DevCache\elan\toolchains\leanprover--lean4---v4.31.0\lib\lean\Std\Tactic\BVDecide\LRAT\Actions.olean
f:\DevCache\elan\toolchains\leanprover--lean4---v4.31.0\lib\lean\Std\Tactic\BVDecide\LRAT\Checker.olean
f:\DevCache\elan\toolchains\leanprover--lean4---v4.31.0\lib\lean\Std\Tactic\BVDecide\LRAT\Parser.olean
f:\DevCache\elan\toolchains\leanprover--lean4---v4.31.0\lib\lean\Std\Tactic\BVDecide\Normalize\BitVec.olean
f:\DevCache\elan\toolchains\leanprover--lean4---v4.31.0\lib\lean\Std\Tactic\BVDecide\Normalize\Bool.olean
f:\DevCache\elan\toolchains\leanprover--lean4---v4.31.0\lib\lean\Std\Tactic\BVDecide\Normalize\Canonicalize.olean
f:\DevCache\elan\toolchains\leanprover--lean4---v4.31.0\lib\lean\Std\Tactic\BVDecide\Normalize\Equal.olean
f:\DevCache\elan\toolchains\leanprover--lean4---v4.31.0\lib\lean\Std\Tactic\BVDecide\Normalize\Prop.olean
f:\DevCache\elan\toolchains\leanprover--lean4---v4.31.0\lib\lean\Std\Time\Date\Unit\Basic.olean
f:\DevCache\elan\toolchains\leanprover--lean4---v4.31.0\lib\lean\Std\Time\Date\Unit\Day.olean
f:\DevCache\elan\toolchains\leanprover--lean4---v4.31.0\lib\lean\Std\Time\Date\Unit\Month.olean
f:\DevCache\elan\toolchains\leanprover--lean4---v4.31.0\lib\lean\Std\Time\Date\Unit\Week.olean
f:\DevCache\elan\toolchains\leanprover--lean4---v4.31.0\lib\lean\Std\Time\Date\Unit\Weekday.olean
f:\DevCache\elan\toolchains\leanprover--lean4---v4.31.0\lib\lean\Std\Time\Date\Unit\Year.olean
f:\DevCache\elan\toolchains\leanprover--lean4---v4.31.0\lib\lean\Std\Time\Time\Unit\Basic.olean
f:\DevCache\elan\toolchains\leanprover--lean4---v4.31.0\lib\lean\Std\Time\Time\Unit\Hour.olean
f:\DevCache\elan\toolchains\leanprover--lean4---v4.31.0\lib\lean\Std\Time\Time\Unit\Millisecond.olean
f:\DevCache\elan\toolchains\leanprover--lean4---v4.31.0\lib\lean\Std\Time\Time\Unit\Minute.olean
f:\DevCache\elan\toolchains\leanprover--lean4---v4.31.0\lib\lean\Std\Time\Time\Unit\Nanosecond.olean
f:\DevCache\elan\toolchains\leanprover--lean4---v4.31.0\lib\lean\Std\Time\Time\Unit\Second.olean
f:\DevCache\elan\toolchains\leanprover--lean4---v4.31.0\lib\lean\Std\Time\Zoned\Database\Basic.olean
f:\DevCache\elan\toolchains\leanprover--lean4---v4.31.0\lib\lean\Std\Time\Zoned\Database\TZdb.olean
f:\DevCache\elan\toolchains\leanprover--lean4---v4.31.0\lib\lean\Std\Time\Zoned\Database\TzIf.olean
f:\DevCache\elan\toolchains\leanprover--lean4---v4.31.0\lib\lean\Std\Time\Zoned\Database\Windows.olean
f:\DevCache\elan\toolchains\leanprover--lean4---v4.31.0\lib\lean\Init\Data\Iterators\Combinators\Monadic\Append.olean
f:\DevCache\elan\toolchains\leanprover--lean4---v4.31.0\lib\lean\Init\Data\Iterators\Combinators\Monadic\Attach.olean
f:\DevCache\elan\toolchains\leanprover--lean4---v4.31.0\lib\lean\Init\Data\Iterators\Combinators\Monadic\FilterMap.olean
f:\DevCache\elan\toolchains\leanprover--lean4---v4.31.0\lib\lean\Init\Data\Iterators\Combinators\Monadic\FlatMap.olean
f:\DevCache\elan\toolchains\leanprover--lean4---v4.31.0\lib\lean\Init\Data\Iterators\Combinators\Monadic\Take.olean
f:\DevCache\elan\toolchains\leanprover--lean4---v4.31.0\lib\lean\Init\Data\Iterators\Combinators\Monadic\ULift.olean
f:\DevCache\elan\toolchains\leanprover--lean4---v4.31.0\lib\lean\Init\Data\Iterators\Consumers\Monadic\Access.olean
f:\DevCache\elan\toolchains\leanprover--lean4---v4.31.0\lib\lean\Init\Data\Iterators\Consumers\Monadic\Collect.olean
f:\DevCache\elan\toolchains\leanprover--lean4---v4.31.0\lib\lean\Init\Data\Iterators\Consumers\Monadic\Loop.olean
f:\DevCache\elan\toolchains\leanprover--lean4---v4.31.0\lib\lean\Init\Data\Iterators\Consumers\Monadic\Partial.olean
f:\DevCache\elan\toolchains\leanprover--lean4---v4.31.0\lib\lean\Init\Data\Iterators\Consumers\Monadic\Total.olean
f:\DevCache\elan\toolchains\leanprover--lean4---v4.31.0\lib\lean\Init\Data\Iterators\Lemmas\Combinators\Append.olean
f:\DevCache\elan\toolchains\leanprover--lean4---v4.31.0\lib\lean\Init\Data\Iterators\Lemmas\Combinators\Attach.olean
f:\DevCache\elan\toolchains\leanprover--lean4---v4.31.0\lib\lean\Init\Data\Iterators\Lemmas\Combinators\FilterMap.olean
f:\DevCache\elan\toolchains\leanprover--lean4---v4.31.0\lib\lean\Init\Data\Iterators\Lemmas\Combinators\FlatMap.olean
f:\DevCache\elan\toolchains\leanprover--lean4---v4.31.0\lib\lean\Init\Data\Iterators\Lemmas\Combinators\Monadic.olean
f:\DevCache\elan\toolchains\leanprover--lean4---v4.31.0\lib\lean\Init\Data\Iterators\Lemmas\Combinators\Take.olean
f:\DevCache\elan\toolchains\leanprover--lean4---v4.31.0\lib\lean\Init\Data\Iterators\Lemmas\Combinators\ULift.olean
f:\DevCache\elan\toolchains\leanprover--lean4---v4.31.0\lib\lean\Init\Data\Iterators\Lemmas\Consumers\Access.olean
f:\DevCache\elan\toolchains\leanprover--lean4---v4.31.0\lib\lean\Init\Data\Iterators\Lemmas\Consumers\Collect.olean
f:\DevCache\elan\toolchains\leanprover--lean4---v4.31.0\lib\lean\Init\Data\Iterators\Lemmas\Consumers\Loop.olean
f:\DevCache\elan\toolchains\leanprover--lean4---v4.31.0\lib\lean\Init\Data\Iterators\Lemmas\Consumers\Monadic.olean
f:\DevCache\elan\toolchains\leanprover--lean4---v4.31.0\lib\lean\Init\Data\Iterators\Lemmas\Monadic\Basic.olean
f:\DevCache\elan\toolchains\leanprover--lean4---v4.31.0\lib\lean\Init\Data\Iterators\Lemmas\Producers\List.olean
f:\DevCache\elan\toolchains\leanprover--lean4---v4.31.0\lib\lean\Init\Data\Iterators\Lemmas\Producers\Monadic.olean
f:\DevCache\elan\toolchains\leanprover--lean4---v4.31.0\lib\lean\Init\Data\Iterators\Producers\Monadic\List.olean
f:\DevCache\elan\toolchains\leanprover--lean4---v4.31.0\lib\lean\Init\Data\Range\Polymorphic\Internal\SignedBitVec.olean
f:\DevCache\elan\toolchains\leanprover--lean4---v4.31.0\lib\lean\Init\Data\String\Lemmas\Pattern\Basic.olean
f:\DevCache\elan\toolchains\leanprover--lean4---v4.31.0\lib\lean\Init\Data\String\Lemmas\Pattern\Char.olean
f:\DevCache\elan\toolchains\leanprover--lean4---v4.31.0\lib\lean\Init\Data\String\Lemmas\Pattern\Find.olean
f:\DevCache\elan\toolchains\leanprover--lean4---v4.31.0\lib\lean\Init\Data\String\Lemmas\Pattern\Memcmp.olean
f:\DevCache\elan\toolchains\leanprover--lean4---v4.31.0\lib\lean\Init\Data\String\Lemmas\Pattern\Pred.olean
f:\DevCache\elan\toolchains\leanprover--lean4---v4.31.0\lib\lean\Init\Data\String\Lemmas\Pattern\Split.olean
f:\DevCache\elan\toolchains\leanprover--lean4---v4.31.0\lib\lean\Init\Data\String\Lemmas\Pattern\String.olean
f:\DevCache\elan\toolchains\leanprover--lean4---v4.31.0\lib\lean\Init\Data\String\Lemmas\Pattern\TakeDrop.olean
f:\DevCache\elan\toolchains\leanprover--lean4---v4.31.0\lib\lean\Lean\Elab\Tactic\BVDecide\Frontend\Attr.olean
f:\DevCache\elan\toolchains\leanprover--lean4---v4.31.0\lib\lean\Lean\Elab\Tactic\BVDecide\Frontend\BVCheck.olean
f:\DevCache\elan\toolchains\leanprover--lean4---v4.31.0\lib\lean\Lean\Elab\Tactic\BVDecide\Frontend\BVDecide.olean
f:\DevCache\elan\toolchains\leanprover--lean4---v4.31.0\lib\lean\Lean\Elab\Tactic\BVDecide\Frontend\BVTrace.olean
f:\DevCache\elan\toolchains\leanprover--lean4---v4.31.0\lib\lean\Lean\Elab\Tactic\BVDecide\Frontend\LRAT.olean
f:\DevCache\elan\toolchains\leanprover--lean4---v4.31.0\lib\lean\Lean\Elab\Tactic\BVDecide\Frontend\Normalize.olean
f:\DevCache\elan\toolchains\leanprover--lean4---v4.31.0\lib\lean\Lean\Elab\Tactic\BVDecide\LRAT\Trim.olean
f:\DevCache\elan\toolchains\leanprover--lean4---v4.31.0\lib\lean\Lean\Elab\Tactic\Do\Internal\VCGen.olean
f:\DevCache\elan\toolchains\leanprover--lean4---v4.31.0\lib\lean\Lean\Elab\Tactic\Do\ProofMode\Assumption.olean
f:\DevCache\elan\toolchains\leanprover--lean4---v4.31.0\lib\lean\Lean\Elab\Tactic\Do\ProofMode\Basic.olean
f:\DevCache\elan\toolchains\leanprover--lean4---v4.31.0\lib\lean\Lean\Elab\Tactic\Do\ProofMode\Cases.olean
f:\DevCache\elan\toolchains\leanprover--lean4---v4.31.0\lib\lean\Lean\Elab\Tactic\Do\ProofMode\Clear.olean
f:\DevCache\elan\toolchains\leanprover--lean4---v4.31.0\lib\lean\Lean\Elab\Tactic\Do\ProofMode\Constructor.olean
f:\DevCache\elan\toolchains\leanprover--lean4---v4.31.0\lib\lean\Lean\Elab\Tactic\Do\ProofMode\Delab.olean
f:\DevCache\elan\toolchains\leanprover--lean4---v4.31.0\lib\lean\Lean\Elab\Tactic\Do\ProofMode\Exact.olean
f:\DevCache\elan\toolchains\leanprover--lean4---v4.31.0\lib\lean\Lean\Elab\Tactic\Do\ProofMode\Exfalso.olean
f:\DevCache\elan\toolchains\leanprover--lean4---v4.31.0\lib\lean\Lean\Elab\Tactic\Do\ProofMode\Focus.olean
f:\DevCache\elan\toolchains\leanprover--lean4---v4.31.0\lib\lean\Lean\Elab\Tactic\Do\ProofMode\Frame.olean
f:\DevCache\elan\toolchains\leanprover--lean4---v4.31.0\lib\lean\Lean\Elab\Tactic\Do\ProofMode\Have.olean
f:\DevCache\elan\toolchains\leanprover--lean4---v4.31.0\lib\lean\Lean\Elab\Tactic\Do\ProofMode\Intro.olean
f:\DevCache\elan\toolchains\leanprover--lean4---v4.31.0\lib\lean\Lean\Elab\Tactic\Do\ProofMode\LeftRight.olean
f:\DevCache\elan\toolchains\leanprover--lean4---v4.31.0\lib\lean\Lean\Elab\Tactic\Do\ProofMode\MGoal.olean
f:\DevCache\elan\toolchains\leanprover--lean4---v4.31.0\lib\lean\Lean\Elab\Tactic\Do\ProofMode\Pure.olean
f:\DevCache\elan\toolchains\leanprover--lean4---v4.31.0\lib\lean\Lean\Elab\Tactic\Do\ProofMode\Refine.olean
f:\DevCache\elan\toolchains\leanprover--lean4---v4.31.0\lib\lean\Lean\Elab\Tactic\Do\ProofMode\RenameI.olean
f:\DevCache\elan\toolchains\leanprover--lean4---v4.31.0\lib\lean\Lean\Elab\Tactic\Do\ProofMode\Revert.olean
f:\DevCache\elan\toolchains\leanprover--lean4---v4.31.0\lib\lean\Lean\Elab\Tactic\Do\ProofMode\Specialize.olean
f:\DevCache\elan\toolchains\leanprover--lean4---v4.31.0\lib\lean\Lean\Elab\Tactic\Do\VCGen\Basic.olean
f:\DevCache\elan\toolchains\leanprover--lean4---v4.31.0\lib\lean\Lean\Elab\Tactic\Do\VCGen\Split.olean
f:\DevCache\elan\toolchains\leanprover--lean4---v4.31.0\lib\lean\Lean\Elab\Tactic\Do\VCGen\SuggestInvariant.olean
f:\DevCache\elan\toolchains\leanprover--lean4---v4.31.0\lib\lean\Lean\Meta\Tactic\Cbv\BuiltinCbvSimprocs\Array.olean
f:\DevCache\elan\toolchains\leanprover--lean4---v4.31.0\lib\lean\Lean\Meta\Tactic\Cbv\BuiltinCbvSimprocs\Core.olean
f:\DevCache\elan\toolchains\leanprover--lean4---v4.31.0\lib\lean\Lean\Meta\Tactic\Cbv\BuiltinCbvSimprocs\String.olean
f:\DevCache\elan\toolchains\leanprover--lean4---v4.31.0\lib\lean\Lean\Meta\Tactic\Grind\AC\Action.olean
f:\DevCache\elan\toolchains\leanprover--lean4---v4.31.0\lib\lean\Lean\Meta\Tactic\Grind\AC\DenoteExpr.olean
f:\DevCache\elan\toolchains\leanprover--lean4---v4.31.0\lib\lean\Lean\Meta\Tactic\Grind\AC\Eq.olean
f:\DevCache\elan\toolchains\leanprover--lean4---v4.31.0\lib\lean\Lean\Meta\Tactic\Grind\AC\Internalize.olean
f:\DevCache\elan\toolchains\leanprover--lean4---v4.31.0\lib\lean\Lean\Meta\Tactic\Grind\AC\Inv.olean
f:\DevCache\elan\toolchains\leanprover--lean4---v4.31.0\lib\lean\Lean\Meta\Tactic\Grind\AC\PP.olean
f:\DevCache\elan\toolchains\leanprover--lean4---v4.31.0\lib\lean\Lean\Meta\Tactic\Grind\AC\Proof.olean
f:\DevCache\elan\toolchains\leanprover--lean4---v4.31.0\lib\lean\Lean\Meta\Tactic\Grind\AC\Seq.olean
f:\DevCache\elan\toolchains\leanprover--lean4---v4.31.0\lib\lean\Lean\Meta\Tactic\Grind\AC\ToExpr.olean
f:\DevCache\elan\toolchains\leanprover--lean4---v4.31.0\lib\lean\Lean\Meta\Tactic\Grind\AC\Types.olean
f:\DevCache\elan\toolchains\leanprover--lean4---v4.31.0\lib\lean\Lean\Meta\Tactic\Grind\AC\Util.olean
f:\DevCache\elan\toolchains\leanprover--lean4---v4.31.0\lib\lean\Lean\Meta\Tactic\Grind\AC\Var.olean
f:\DevCache\elan\toolchains\leanprover--lean4---v4.31.0\lib\lean\Lean\Meta\Tactic\Grind\AC\VarRename.olean
f:\DevCache\elan\toolchains\leanprover--lean4---v4.31.0\lib\lean\Lean\Meta\Tactic\Grind\Arith\CommRing.olean
f:\DevCache\elan\toolchains\leanprover--lean4---v4.31.0\lib\lean\Lean\Meta\Tactic\Grind\Arith\Cutsat.olean
f:\DevCache\elan\toolchains\leanprover--lean4---v4.31.0\lib\lean\Lean\Meta\Tactic\Grind\Arith\EvalNum.olean
f:\DevCache\elan\toolchains\leanprover--lean4---v4.31.0\lib\lean\Lean\Meta\Tactic\Grind\Arith\FieldNormNum.olean
f:\DevCache\elan\toolchains\leanprover--lean4---v4.31.0\lib\lean\Lean\Meta\Tactic\Grind\Arith\Insts.olean
f:\DevCache\elan\toolchains\leanprover--lean4---v4.31.0\lib\lean\Lean\Meta\Tactic\Grind\Arith\IsRelevant.olean
f:\DevCache\elan\toolchains\leanprover--lean4---v4.31.0\lib\lean\Lean\Meta\Tactic\Grind\Arith\Linear.olean
f:\DevCache\elan\toolchains\leanprover--lean4---v4.31.0\lib\lean\Lean\Meta\Tactic\Grind\Arith\Main.olean
f:\DevCache\elan\toolchains\leanprover--lean4---v4.31.0\lib\lean\Lean\Meta\Tactic\Grind\Arith\Model.olean
f:\DevCache\elan\toolchains\leanprover--lean4---v4.31.0\lib\lean\Lean\Meta\Tactic\Grind\Arith\ModelUtil.olean
f:\DevCache\elan\toolchains\leanprover--lean4---v4.31.0\lib\lean\Lean\Meta\Tactic\Grind\Arith\Propagate.olean
f:\DevCache\elan\toolchains\leanprover--lean4---v4.31.0\lib\lean\Lean\Meta\Tactic\Grind\Arith\Simproc.olean
f:\DevCache\elan\toolchains\leanprover--lean4---v4.31.0\lib\lean\Lean\Meta\Tactic\Grind\Arith\Types.olean
f:\DevCache\elan\toolchains\leanprover--lean4---v4.31.0\lib\lean\Lean\Meta\Tactic\Grind\Arith\Util.olean
f:\DevCache\elan\toolchains\leanprover--lean4---v4.31.0\lib\lean\Lean\Meta\Tactic\Grind\Order\Assert.olean
f:\DevCache\elan\toolchains\leanprover--lean4---v4.31.0\lib\lean\Lean\Meta\Tactic\Grind\Order\Internalize.olean
f:\DevCache\elan\toolchains\leanprover--lean4---v4.31.0\lib\lean\Lean\Meta\Tactic\Grind\Order\OrderM.olean
f:\DevCache\elan\toolchains\leanprover--lean4---v4.31.0\lib\lean\Lean\Meta\Tactic\Grind\Order\Proof.olean
f:\DevCache\elan\toolchains\leanprover--lean4---v4.31.0\lib\lean\Lean\Meta\Tactic\Grind\Order\StructId.olean
f:\DevCache\elan\toolchains\leanprover--lean4---v4.31.0\lib\lean\Lean\Meta\Tactic\Grind\Order\Types.olean
f:\DevCache\elan\toolchains\leanprover--lean4---v4.31.0\lib\lean\Lean\Meta\Tactic\Grind\Order\Util.olean
f:\DevCache\elan\toolchains\leanprover--lean4---v4.31.0\lib\lean\Lean\Meta\Tactic\Simp\Arith\Int.olean
f:\DevCache\elan\toolchains\leanprover--lean4---v4.31.0\lib\lean\Lean\Meta\Tactic\Simp\Arith\Nat.olean
f:\DevCache\elan\toolchains\leanprover--lean4---v4.31.0\lib\lean\Lean\Meta\Tactic\Simp\Arith\Util.olean
f:\DevCache\elan\toolchains\leanprover--lean4---v4.31.0\lib\lean\Lean\Meta\Tactic\Simp\BuiltinSimprocs\Array.olean
f:\DevCache\elan\toolchains\leanprover--lean4---v4.31.0\lib\lean\Lean\Meta\Tactic\Simp\BuiltinSimprocs\BitVec.olean
f:\DevCache\elan\toolchains\leanprover--lean4---v4.31.0\lib\lean\Lean\Meta\Tactic\Simp\BuiltinSimprocs\Char.olean
f:\DevCache\elan\toolchains\leanprover--lean4---v4.31.0\lib\lean\Lean\Meta\Tactic\Simp\BuiltinSimprocs\Core.olean
f:\DevCache\elan\toolchains\leanprover--lean4---v4.31.0\lib\lean\Lean\Meta\Tactic\Simp\BuiltinSimprocs\CtorIdx.olean
f:\DevCache\elan\toolchains\leanprover--lean4---v4.31.0\lib\lean\Lean\Meta\Tactic\Simp\BuiltinSimprocs\Fin.olean
f:\DevCache\elan\toolchains\leanprover--lean4---v4.31.0\lib\lean\Lean\Meta\Tactic\Simp\BuiltinSimprocs\Int.olean
f:\DevCache\elan\toolchains\leanprover--lean4---v4.31.0\lib\lean\Lean\Meta\Tactic\Simp\BuiltinSimprocs\List.olean
f:\DevCache\elan\toolchains\leanprover--lean4---v4.31.0\lib\lean\Lean\Meta\Tactic\Simp\BuiltinSimprocs\MethodSpecs.olean
f:\DevCache\elan\toolchains\leanprover--lean4---v4.31.0\lib\lean\Lean\Meta\Tactic\Simp\BuiltinSimprocs\Nat.olean
f:\DevCache\elan\toolchains\leanprover--lean4---v4.31.0\lib\lean\Lean\Meta\Tactic\Simp\BuiltinSimprocs\SInt.olean
f:\DevCache\elan\toolchains\leanprover--lean4---v4.31.0\lib\lean\Lean\Meta\Tactic\Simp\BuiltinSimprocs\String.olean
f:\DevCache\elan\toolchains\leanprover--lean4---v4.31.0\lib\lean\Lean\Meta\Tactic\Simp\BuiltinSimprocs\UInt.olean
f:\DevCache\elan\toolchains\leanprover--lean4---v4.31.0\lib\lean\Lean\Meta\Tactic\Simp\BuiltinSimprocs\Util.olean
F:\LaTeX\BVE research\lean-proof\.lake\packages\mathlib\.lake\build\lib\lean\Mathlib\Algebra\BigOperators\Group\Finset\Basic.olean
F:\LaTeX\BVE research\lean-proof\.lake\packages\mathlib\.lake\build\lib\lean\Mathlib\Algebra\BigOperators\Group\Finset\Defs.olean
F:\LaTeX\BVE research\lean-proof\.lake\packages\mathlib\.lake\build\lib\lean\Mathlib\Algebra\BigOperators\Group\Finset\Indicator.olean
F:\LaTeX\BVE research\lean-proof\.lake\packages\mathlib\.lake\build\lib\lean\Mathlib\Algebra\BigOperators\Group\Finset\Lemmas.olean
F:\LaTeX\BVE research\lean-proof\.lake\packages\mathlib\.lake\build\lib\lean\Mathlib\Algebra\BigOperators\Group\Finset\Pi.olean
F:\LaTeX\BVE research\lean-proof\.lake\packages\mathlib\.lake\build\lib\lean\Mathlib\Algebra\BigOperators\Group\Finset\Piecewise.olean
F:\LaTeX\BVE research\lean-proof\.lake\packages\mathlib\.lake\build\lib\lean\Mathlib\Algebra\BigOperators\Group\Finset\Powerset.olean
F:\LaTeX\BVE research\lean-proof\.lake\packages\mathlib\.lake\build\lib\lean\Mathlib\Algebra\BigOperators\Group\Finset\Preimage.olean
F:\LaTeX\BVE research\lean-proof\.lake\packages\mathlib\.lake\build\lib\lean\Mathlib\Algebra\BigOperators\Group\Finset\Sigma.olean
F:\LaTeX\BVE research\lean-proof\.lake\packages\mathlib\.lake\build\lib\lean\Mathlib\Algebra\BigOperators\Group\List\Basic.olean
F:\LaTeX\BVE research\lean-proof\.lake\packages\mathlib\.lake\build\lib\lean\Mathlib\Algebra\BigOperators\Group\List\Defs.olean
F:\LaTeX\BVE research\lean-proof\.lake\packages\mathlib\.lake\build\lib\lean\Mathlib\Algebra\BigOperators\Group\List\Lemmas.olean
F:\LaTeX\BVE research\lean-proof\.lake\packages\mathlib\.lake\build\lib\lean\Mathlib\Algebra\BigOperators\Group\Multiset\Basic.olean
F:\LaTeX\BVE research\lean-proof\.lake\packages\mathlib\.lake\build\lib\lean\Mathlib\Algebra\BigOperators\Group\Multiset\Defs.olean
F:\LaTeX\BVE research\lean-proof\.lake\packages\mathlib\.lake\build\lib\lean\Mathlib\Algebra\Group\Pointwise\Finset\Basic.olean
F:\LaTeX\BVE research\lean-proof\.lake\packages\mathlib\.lake\build\lib\lean\Mathlib\Algebra\Group\Pointwise\Finset\Scalar.olean
F:\LaTeX\BVE research\lean-proof\.lake\packages\mathlib\.lake\build\lib\lean\Mathlib\Algebra\Group\Pointwise\Set\Basic.olean
F:\LaTeX\BVE research\lean-proof\.lake\packages\mathlib\.lake\build\lib\lean\Mathlib\Algebra\Group\Pointwise\Set\BigOperators.olean
F:\LaTeX\BVE research\lean-proof\.lake\packages\mathlib\.lake\build\lib\lean\Mathlib\Algebra\Group\Pointwise\Set\Finite.olean
F:\LaTeX\BVE research\lean-proof\.lake\packages\mathlib\.lake\build\lib\lean\Mathlib\Algebra\Group\Pointwise\Set\Lattice.olean
F:\LaTeX\BVE research\lean-proof\.lake\packages\mathlib\.lake\build\lib\lean\Mathlib\Algebra\Group\Pointwise\Set\ListOfFn.olean
F:\LaTeX\BVE research\lean-proof\.lake\packages\mathlib\.lake\build\lib\lean\Mathlib\Algebra\Group\Pointwise\Set\Scalar.olean
F:\LaTeX\BVE research\lean-proof\.lake\packages\mathlib\.lake\build\lib\lean\Mathlib\Algebra\Group\Subgroup\ZPowers\Basic.olean
F:\LaTeX\BVE research\lean-proof\.lake\packages\mathlib\.lake\build\lib\lean\Mathlib\Algebra\Group\Subgroup\ZPowers\Lemmas.olean
F:\LaTeX\BVE research\lean-proof\.lake\packages\mathlib\.lake\build\lib\lean\Mathlib\Algebra\GroupWithZero\Action\Pointwise\Set.olean
F:\LaTeX\BVE research\lean-proof\.lake\packages\mathlib\.lake\build\lib\lean\Mathlib\Algebra\GroupWithZero\Pointwise\Set\Basic.olean
F:\LaTeX\BVE research\lean-proof\.lake\packages\mathlib\.lake\build\lib\lean\Mathlib\Algebra\Order\Archimedean\Real\Basic.olean
F:\LaTeX\BVE research\lean-proof\.lake\packages\mathlib\.lake\build\lib\lean\Mathlib\Algebra\Order\BigOperators\Group\Finset.olean
F:\LaTeX\BVE research\lean-proof\.lake\packages\mathlib\.lake\build\lib\lean\Mathlib\Algebra\Order\BigOperators\Group\List.olean
F:\LaTeX\BVE research\lean-proof\.lake\packages\mathlib\.lake\build\lib\lean\Mathlib\Algebra\Order\BigOperators\Group\LocallyFinite.olean
F:\LaTeX\BVE research\lean-proof\.lake\packages\mathlib\.lake\build\lib\lean\Mathlib\Algebra\Order\BigOperators\Group\Multiset.olean
F:\LaTeX\BVE research\lean-proof\.lake\packages\mathlib\.lake\build\lib\lean\Mathlib\Algebra\Order\BigOperators\GroupWithZero\Finset.olean
F:\LaTeX\BVE research\lean-proof\.lake\packages\mathlib\.lake\build\lib\lean\Mathlib\Algebra\Order\BigOperators\GroupWithZero\List.olean
F:\LaTeX\BVE research\lean-proof\.lake\packages\mathlib\.lake\build\lib\lean\Mathlib\Algebra\Order\BigOperators\GroupWithZero\Multiset.olean
F:\LaTeX\BVE research\lean-proof\.lake\packages\mathlib\.lake\build\lib\lean\Mathlib\Algebra\Order\BigOperators\Ring\Finset.olean
F:\LaTeX\BVE research\lean-proof\.lake\packages\mathlib\.lake\build\lib\lean\Mathlib\Algebra\Order\BigOperators\Ring\List.olean
F:\LaTeX\BVE research\lean-proof\.lake\packages\mathlib\.lake\build\lib\lean\Mathlib\Algebra\Order\BigOperators\Ring\Multiset.olean
F:\LaTeX\BVE research\lean-proof\.lake\packages\mathlib\.lake\build\lib\lean\Mathlib\Algebra\Order\Group\Action\Synonym.olean
F:\LaTeX\BVE research\lean-proof\.lake\packages\mathlib\.lake\build\lib\lean\Mathlib\Algebra\Order\Group\Pointwise\Bounds.olean
F:\LaTeX\BVE research\lean-proof\.lake\packages\mathlib\.lake\build\lib\lean\Mathlib\Algebra\Order\Group\Pointwise\CompleteLattice.olean
F:\LaTeX\BVE research\lean-proof\.lake\packages\mathlib\.lake\build\lib\lean\Mathlib\Algebra\Order\Group\Pointwise\Interval.olean
F:\LaTeX\BVE research\lean-proof\.lake\packages\mathlib\.lake\build\lib\lean\Mathlib\Algebra\Order\Group\Unbundled\Abs.olean
F:\LaTeX\BVE research\lean-proof\.lake\packages\mathlib\.lake\build\lib\lean\Mathlib\Algebra\Order\Group\Unbundled\Basic.olean
F:\LaTeX\BVE research\lean-proof\.lake\packages\mathlib\.lake\build\lib\lean\Mathlib\Algebra\Order\Group\Unbundled\Int.olean
F:\LaTeX\BVE research\lean-proof\.lake\packages\mathlib\.lake\build\lib\lean\Mathlib\Algebra\Order\GroupWithZero\Action\Synonym.olean
F:\LaTeX\BVE research\lean-proof\.lake\packages\mathlib\.lake\build\lib\lean\Mathlib\Algebra\Order\Interval\Finset\Basic.olean
F:\LaTeX\BVE research\lean-proof\.lake\packages\mathlib\.lake\build\lib\lean\Mathlib\Algebra\Order\Interval\Finset\SuccPred.olean
F:\LaTeX\BVE research\lean-proof\.lake\packages\mathlib\.lake\build\lib\lean\Mathlib\Algebra\Order\Interval\Set\Group.olean
F:\LaTeX\BVE research\lean-proof\.lake\packages\mathlib\.lake\build\lib\lean\Mathlib\Algebra\Order\Interval\Set\Instances.olean
F:\LaTeX\BVE research\lean-proof\.lake\packages\mathlib\.lake\build\lib\lean\Mathlib\Algebra\Order\Interval\Set\Monoid.olean
F:\LaTeX\BVE research\lean-proof\.lake\packages\mathlib\.lake\build\lib\lean\Mathlib\Algebra\Order\Monoid\Canonical\Defs.olean
F:\LaTeX\BVE research\lean-proof\.lake\packages\mathlib\.lake\build\lib\lean\Mathlib\Algebra\Order\Monoid\Unbundled\Basic.olean
F:\LaTeX\BVE research\lean-proof\.lake\packages\mathlib\.lake\build\lib\lean\Mathlib\Algebra\Order\Monoid\Unbundled\Defs.olean
F:\LaTeX\BVE research\lean-proof\.lake\packages\mathlib\.lake\build\lib\lean\Mathlib\Algebra\Order\Monoid\Unbundled\ExistsOfLE.olean
F:\LaTeX\BVE research\lean-proof\.lake\packages\mathlib\.lake\build\lib\lean\Mathlib\Algebra\Order\Monoid\Unbundled\MinMax.olean
F:\LaTeX\BVE research\lean-proof\.lake\packages\mathlib\.lake\build\lib\lean\Mathlib\Algebra\Order\Monoid\Unbundled\OrderDual.olean
F:\LaTeX\BVE research\lean-proof\.lake\packages\mathlib\.lake\build\lib\lean\Mathlib\Algebra\Order\Monoid\Unbundled\Pow.olean
F:\LaTeX\BVE research\lean-proof\.lake\packages\mathlib\.lake\build\lib\lean\Mathlib\Algebra\Order\Monoid\Unbundled\TypeTags.olean
F:\LaTeX\BVE research\lean-proof\.lake\packages\mathlib\.lake\build\lib\lean\Mathlib\Algebra\Order\Monoid\Unbundled\WithTop.olean
F:\LaTeX\BVE research\lean-proof\.lake\packages\mathlib\.lake\build\lib\lean\Mathlib\Algebra\Order\Ring\Unbundled\Basic.olean
F:\LaTeX\BVE research\lean-proof\.lake\packages\mathlib\.lake\build\lib\lean\Mathlib\Algebra\Order\Ring\Unbundled\Rat.olean
F:\LaTeX\BVE research\lean-proof\.lake\packages\mathlib\.lake\build\lib\lean\Mathlib\Algebra\Order\Sub\Unbundled\Basic.olean
F:\LaTeX\BVE research\lean-proof\.lake\packages\mathlib\.lake\build\lib\lean\Mathlib\Algebra\Ring\Action\Pointwise\Set.olean
F:\LaTeX\BVE research\lean-proof\.lake\packages\mathlib\.lake\build\lib\lean\Mathlib\Analysis\Normed\Module\Ball\Pointwise.olean
F:\LaTeX\BVE research\lean-proof\.lake\packages\mathlib\.lake\build\lib\lean\Mathlib\Analysis\Normed\Module\Multilinear\Basic.olean
F:\LaTeX\BVE research\lean-proof\.lake\packages\mathlib\.lake\build\lib\lean\Mathlib\Analysis\Normed\Module\RCLike\Basic.olean
F:\LaTeX\BVE research\lean-proof\.lake\packages\mathlib\.lake\build\lib\lean\Mathlib\Analysis\Normed\Module\RCLike\Real.olean
F:\LaTeX\BVE research\lean-proof\.lake\packages\mathlib\.lake\build\lib\lean\Mathlib\Data\Nat\Cast\Order\Basic.olean
F:\LaTeX\BVE research\lean-proof\.lake\packages\mathlib\.lake\build\lib\lean\Mathlib\Data\Nat\Cast\Order\Field.olean
F:\LaTeX\BVE research\lean-proof\.lake\packages\mathlib\.lake\build\lib\lean\Mathlib\Data\Nat\Cast\Order\Ring.olean
F:\LaTeX\BVE research\lean-proof\.lake\packages\mathlib\.lake\build\lib\lean\Mathlib\Tactic\Linarith\Oracle\SimplexAlgorithm\Datatypes.olean
F:\LaTeX\BVE research\lean-proof\.lake\packages\mathlib\.lake\build\lib\lean\Mathlib\Tactic\Linarith\Oracle\SimplexAlgorithm\Gauss.olean
F:\LaTeX\BVE research\lean-proof\.lake\packages\mathlib\.lake\build\lib\lean\Mathlib\Tactic\Linarith\Oracle\SimplexAlgorithm\PositiveVector.olean
F:\LaTeX\BVE research\lean-proof\.lake\packages\mathlib\.lake\build\lib\lean\Mathlib\Tactic\Linarith\Oracle\SimplexAlgorithm\SimplexAlgorithm.olean
F:\LaTeX\BVE research\lean-proof\.lake\packages\mathlib\.lake\build\lib\lean\Mathlib\Topology\Algebra\Module\ContinuousLinearMap\Basic.olean
F:\LaTeX\BVE research\lean-proof\.lake\packages\mathlib\.lake\build\lib\lean\Mathlib\Topology\Algebra\Module\ContinuousLinearMap\Idempotent.olean
F:\LaTeX\BVE research\lean-proof\.lake\packages\mathlib\.lake\build\lib\lean\Mathlib\Topology\Algebra\Module\ContinuousLinearMap\PiProd.olean
F:\LaTeX\BVE research\lean-proof\.lake\packages\mathlib\.lake\build\lib\lean\Mathlib\Topology\Algebra\Module\ContinuousLinearMap\Quotient.olean
F:\LaTeX\BVE research\lean-proof\.lake\packages\mathlib\.lake\build\lib\lean\Mathlib\Topology\Algebra\Module\ContinuousLinearMap\Restrict.olean
F:\LaTeX\BVE research\lean-proof\.lake\packages\mathlib\.lake\build\lib\lean\Mathlib\Topology\Algebra\Module\ContinuousLinearMap\RestrictScalars.olean
F:\LaTeX\BVE research\lean-proof\.lake\packages\mathlib\.lake\build\lib\lean\Mathlib\Topology\Algebra\Module\Multilinear\Basic.olean
F:\LaTeX\BVE research\lean-proof\.lake\packages\mathlib\.lake\build\lib\lean\Mathlib\Topology\Algebra\Module\Multilinear\Bounded.olean
F:\LaTeX\BVE research\lean-proof\.lake\packages\mathlib\.lake\build\lib\lean\Mathlib\Topology\Algebra\Module\Multilinear\Topology.olean
F:\LaTeX\BVE research\lean-proof\.lake\packages\mathlib\.lake\build\lib\lean\Mathlib\Topology\Algebra\Module\Spaces\ContinuousLinearMap.olean
F:\LaTeX\BVE research\lean-proof\.lake\packages\mathlib\.lake\build\lib\lean\Mathlib\Topology\Algebra\Module\Spaces\UniformConvergenceCLM.olean
f:\DevCache\elan\toolchains\leanprover--lean4---v4.31.0\lib\lean\Std\Data\DHashMap\Internal\AssocList\Basic.olean
f:\DevCache\elan\toolchains\leanprover--lean4---v4.31.0\lib\lean\Std\Data\DHashMap\Internal\AssocList\Iterator.olean
f:\DevCache\elan\toolchains\leanprover--lean4---v4.31.0\lib\lean\Std\Data\DHashMap\Internal\AssocList\Lemmas.olean
f:\DevCache\elan\toolchains\leanprover--lean4---v4.31.0\lib\lean\Std\Data\DTreeMap\Internal\WF\Defs.olean
f:\DevCache\elan\toolchains\leanprover--lean4---v4.31.0\lib\lean\Std\Data\DTreeMap\Internal\WF\Lemmas.olean
f:\DevCache\elan\toolchains\leanprover--lean4---v4.31.0\lib\lean\Std\Data\Iterators\Combinators\Monadic\Drop.olean
f:\DevCache\elan\toolchains\leanprover--lean4---v4.31.0\lib\lean\Std\Data\Iterators\Combinators\Monadic\DropWhile.olean
f:\DevCache\elan\toolchains\leanprover--lean4---v4.31.0\lib\lean\Std\Data\Iterators\Combinators\Monadic\StepSize.olean
f:\DevCache\elan\toolchains\leanprover--lean4---v4.31.0\lib\lean\Std\Data\Iterators\Combinators\Monadic\TakeWhile.olean
f:\DevCache\elan\toolchains\leanprover--lean4---v4.31.0\lib\lean\Std\Data\Iterators\Combinators\Monadic\Zip.olean
f:\DevCache\elan\toolchains\leanprover--lean4---v4.31.0\lib\lean\Std\Data\Iterators\Consumers\Monadic\Set.olean
f:\DevCache\elan\toolchains\leanprover--lean4---v4.31.0\lib\lean\Std\Data\Iterators\Lemmas\Combinators\Drop.olean
f:\DevCache\elan\toolchains\leanprover--lean4---v4.31.0\lib\lean\Std\Data\Iterators\Lemmas\Combinators\DropWhile.olean
f:\DevCache\elan\toolchains\leanprover--lean4---v4.31.0\lib\lean\Std\Data\Iterators\Lemmas\Combinators\Monadic.olean
f:\DevCache\elan\toolchains\leanprover--lean4---v4.31.0\lib\lean\Std\Data\Iterators\Lemmas\Combinators\TakeWhile.olean
f:\DevCache\elan\toolchains\leanprover--lean4---v4.31.0\lib\lean\Std\Data\Iterators\Lemmas\Combinators\Zip.olean
f:\DevCache\elan\toolchains\leanprover--lean4---v4.31.0\lib\lean\Std\Data\Iterators\Lemmas\Consumers\Collect.olean
f:\DevCache\elan\toolchains\leanprover--lean4---v4.31.0\lib\lean\Std\Data\Iterators\Lemmas\Consumers\Loop.olean
f:\DevCache\elan\toolchains\leanprover--lean4---v4.31.0\lib\lean\Std\Data\Iterators\Lemmas\Consumers\Monadic.olean
f:\DevCache\elan\toolchains\leanprover--lean4---v4.31.0\lib\lean\Std\Data\Iterators\Lemmas\Consumers\Set.olean
f:\DevCache\elan\toolchains\leanprover--lean4---v4.31.0\lib\lean\Std\Data\Iterators\Lemmas\Equivalence\Basic.olean
f:\DevCache\elan\toolchains\leanprover--lean4---v4.31.0\lib\lean\Std\Data\Iterators\Lemmas\Equivalence\HetT.olean
f:\DevCache\elan\toolchains\leanprover--lean4---v4.31.0\lib\lean\Std\Data\Iterators\Lemmas\Equivalence\StepCongr.olean
f:\DevCache\elan\toolchains\leanprover--lean4---v4.31.0\lib\lean\Std\Data\Iterators\Lemmas\Producers\Array.olean
f:\DevCache\elan\toolchains\leanprover--lean4---v4.31.0\lib\lean\Std\Data\Iterators\Lemmas\Producers\Empty.olean
f:\DevCache\elan\toolchains\leanprover--lean4---v4.31.0\lib\lean\Std\Data\Iterators\Lemmas\Producers\Monadic.olean
f:\DevCache\elan\toolchains\leanprover--lean4---v4.31.0\lib\lean\Std\Data\Iterators\Lemmas\Producers\Range.olean
f:\DevCache\elan\toolchains\leanprover--lean4---v4.31.0\lib\lean\Std\Data\Iterators\Lemmas\Producers\Repeat.olean
f:\DevCache\elan\toolchains\leanprover--lean4---v4.31.0\lib\lean\Std\Data\Iterators\Lemmas\Producers\Slice.olean
f:\DevCache\elan\toolchains\leanprover--lean4---v4.31.0\lib\lean\Std\Data\Iterators\Lemmas\Producers\Vector.olean
f:\DevCache\elan\toolchains\leanprover--lean4---v4.31.0\lib\lean\Std\Data\Iterators\Producers\Monadic\Array.olean
f:\DevCache\elan\toolchains\leanprover--lean4---v4.31.0\lib\lean\Std\Data\Iterators\Producers\Monadic\Empty.olean
f:\DevCache\elan\toolchains\leanprover--lean4---v4.31.0\lib\lean\Std\Data\Iterators\Producers\Monadic\Vector.olean
f:\DevCache\elan\toolchains\leanprover--lean4---v4.31.0\lib\lean\Std\Tactic\BVDecide\Bitblast\BVExpr\Basic.olean
f:\DevCache\elan\toolchains\leanprover--lean4---v4.31.0\lib\lean\Std\Tactic\BVDecide\Bitblast\BVExpr\Circuit.olean
f:\DevCache\elan\toolchains\leanprover--lean4---v4.31.0\lib\lean\Std\Tactic\BVDecide\Bitblast\BoolExpr\Basic.olean
f:\DevCache\elan\toolchains\leanprover--lean4---v4.31.0\lib\lean\Std\Tactic\BVDecide\LRAT\Internal\Actions.olean
f:\DevCache\elan\toolchains\leanprover--lean4---v4.31.0\lib\lean\Std\Tactic\BVDecide\LRAT\Internal\Assignment.olean
f:\DevCache\elan\toolchains\leanprover--lean4---v4.31.0\lib\lean\Std\Tactic\BVDecide\LRAT\Internal\CNF.olean
f:\DevCache\elan\toolchains\leanprover--lean4---v4.31.0\lib\lean\Std\Tactic\BVDecide\LRAT\Internal\Clause.olean
f:\DevCache\elan\toolchains\leanprover--lean4---v4.31.0\lib\lean\Std\Tactic\BVDecide\LRAT\Internal\CompactLRATChecker.olean
f:\DevCache\elan\toolchains\leanprover--lean4---v4.31.0\lib\lean\Std\Tactic\BVDecide\LRAT\Internal\CompactLRATCheckerSound.olean
f:\DevCache\elan\toolchains\leanprover--lean4---v4.31.0\lib\lean\Std\Tactic\BVDecide\LRAT\Internal\Convert.olean
f:\DevCache\elan\toolchains\leanprover--lean4---v4.31.0\lib\lean\Std\Tactic\BVDecide\LRAT\Internal\Entails.olean
f:\DevCache\elan\toolchains\leanprover--lean4---v4.31.0\lib\lean\Std\Tactic\BVDecide\LRAT\Internal\Formula.olean
f:\DevCache\elan\toolchains\leanprover--lean4---v4.31.0\lib\lean\Std\Tactic\BVDecide\LRAT\Internal\LRATChecker.olean
f:\DevCache\elan\toolchains\leanprover--lean4---v4.31.0\lib\lean\Std\Tactic\BVDecide\LRAT\Internal\LRATCheckerSound.olean
f:\DevCache\elan\toolchains\leanprover--lean4---v4.31.0\lib\lean\Std\Tactic\BVDecide\LRAT\Internal\PosFin.olean
f:\DevCache\elan\toolchains\leanprover--lean4---v4.31.0\lib\lean\Init\Data\Iterators\Lemmas\Combinators\Monadic\Append.olean
f:\DevCache\elan\toolchains\leanprover--lean4---v4.31.0\lib\lean\Init\Data\Iterators\Lemmas\Combinators\Monadic\Attach.olean
f:\DevCache\elan\toolchains\leanprover--lean4---v4.31.0\lib\lean\Init\Data\Iterators\Lemmas\Combinators\Monadic\FilterMap.olean
f:\DevCache\elan\toolchains\leanprover--lean4---v4.31.0\lib\lean\Init\Data\Iterators\Lemmas\Combinators\Monadic\FlatMap.olean
f:\DevCache\elan\toolchains\leanprover--lean4---v4.31.0\lib\lean\Init\Data\Iterators\Lemmas\Combinators\Monadic\Take.olean
f:\DevCache\elan\toolchains\leanprover--lean4---v4.31.0\lib\lean\Init\Data\Iterators\Lemmas\Combinators\Monadic\ULift.olean
f:\DevCache\elan\toolchains\leanprover--lean4---v4.31.0\lib\lean\Init\Data\Iterators\Lemmas\Consumers\Monadic\Collect.olean
f:\DevCache\elan\toolchains\leanprover--lean4---v4.31.0\lib\lean\Init\Data\Iterators\Lemmas\Consumers\Monadic\Loop.olean
f:\DevCache\elan\toolchains\leanprover--lean4---v4.31.0\lib\lean\Init\Data\Iterators\Lemmas\Producers\Monadic\List.olean
f:\DevCache\elan\toolchains\leanprover--lean4---v4.31.0\lib\lean\Init\Data\String\Lemmas\Pattern\Find\Basic.olean
f:\DevCache\elan\toolchains\leanprover--lean4---v4.31.0\lib\lean\Init\Data\String\Lemmas\Pattern\Find\Char.olean
f:\DevCache\elan\toolchains\leanprover--lean4---v4.31.0\lib\lean\Init\Data\String\Lemmas\Pattern\Find\Pred.olean
f:\DevCache\elan\toolchains\leanprover--lean4---v4.31.0\lib\lean\Init\Data\String\Lemmas\Pattern\Find\String.olean
f:\DevCache\elan\toolchains\leanprover--lean4---v4.31.0\lib\lean\Init\Data\String\Lemmas\Pattern\Split\Basic.olean
f:\DevCache\elan\toolchains\leanprover--lean4---v4.31.0\lib\lean\Init\Data\String\Lemmas\Pattern\Split\Char.olean
f:\DevCache\elan\toolchains\leanprover--lean4---v4.31.0\lib\lean\Init\Data\String\Lemmas\Pattern\Split\Pred.olean
f:\DevCache\elan\toolchains\leanprover--lean4---v4.31.0\lib\lean\Init\Data\String\Lemmas\Pattern\String\Basic.olean
f:\DevCache\elan\toolchains\leanprover--lean4---v4.31.0\lib\lean\Init\Data\String\Lemmas\Pattern\String\ForwardPattern.olean
f:\DevCache\elan\toolchains\leanprover--lean4---v4.31.0\lib\lean\Init\Data\String\Lemmas\Pattern\String\ForwardSearcher.olean
f:\DevCache\elan\toolchains\leanprover--lean4---v4.31.0\lib\lean\Init\Data\String\Lemmas\Pattern\TakeDrop\Basic.olean
f:\DevCache\elan\toolchains\leanprover--lean4---v4.31.0\lib\lean\Init\Data\String\Lemmas\Pattern\TakeDrop\Char.olean
f:\DevCache\elan\toolchains\leanprover--lean4---v4.31.0\lib\lean\Init\Data\String\Lemmas\Pattern\TakeDrop\Pred.olean
f:\DevCache\elan\toolchains\leanprover--lean4---v4.31.0\lib\lean\Init\Data\String\Lemmas\Pattern\TakeDrop\String.olean
f:\DevCache\elan\toolchains\leanprover--lean4---v4.31.0\lib\lean\Lean\Elab\Tactic\BVDecide\Frontend\BVDecide\Reflect.olean
f:\DevCache\elan\toolchains\leanprover--lean4---v4.31.0\lib\lean\Lean\Elab\Tactic\BVDecide\Frontend\BVDecide\ReifiedBVExpr.olean
f:\DevCache\elan\toolchains\leanprover--lean4---v4.31.0\lib\lean\Lean\Elab\Tactic\BVDecide\Frontend\BVDecide\ReifiedBVLogical.olean
f:\DevCache\elan\toolchains\leanprover--lean4---v4.31.0\lib\lean\Lean\Elab\Tactic\BVDecide\Frontend\BVDecide\ReifiedBVPred.olean
f:\DevCache\elan\toolchains\leanprover--lean4---v4.31.0\lib\lean\Lean\Elab\Tactic\BVDecide\Frontend\BVDecide\ReifiedLemmas.olean
f:\DevCache\elan\toolchains\leanprover--lean4---v4.31.0\lib\lean\Lean\Elab\Tactic\BVDecide\Frontend\BVDecide\Reify.olean
f:\DevCache\elan\toolchains\leanprover--lean4---v4.31.0\lib\lean\Lean\Elab\Tactic\BVDecide\Frontend\BVDecide\SatAtBVLogical.olean
f:\DevCache\elan\toolchains\leanprover--lean4---v4.31.0\lib\lean\Lean\Elab\Tactic\BVDecide\Frontend\Normalize\AC.olean
f:\DevCache\elan\toolchains\leanprover--lean4---v4.31.0\lib\lean\Lean\Elab\Tactic\BVDecide\Frontend\Normalize\AndFlatten.olean
f:\DevCache\elan\toolchains\leanprover--lean4---v4.31.0\lib\lean\Lean\Elab\Tactic\BVDecide\Frontend\Normalize\ApplyControlFlow.olean
f:\DevCache\elan\toolchains\leanprover--lean4---v4.31.0\lib\lean\Lean\Elab\Tactic\BVDecide\Frontend\Normalize\Basic.olean
f:\DevCache\elan\toolchains\leanprover--lean4---v4.31.0\lib\lean\Lean\Elab\Tactic\BVDecide\Frontend\Normalize\EmbeddedConstraint.olean
f:\DevCache\elan\toolchains\leanprover--lean4---v4.31.0\lib\lean\Lean\Elab\Tactic\BVDecide\Frontend\Normalize\Enums.olean
f:\DevCache\elan\toolchains\leanprover--lean4---v4.31.0\lib\lean\Lean\Elab\Tactic\BVDecide\Frontend\Normalize\IntToBitVec.olean
f:\DevCache\elan\toolchains\leanprover--lean4---v4.31.0\lib\lean\Lean\Elab\Tactic\BVDecide\Frontend\Normalize\Rewrite.olean
f:\DevCache\elan\toolchains\leanprover--lean4---v4.31.0\lib\lean\Lean\Elab\Tactic\BVDecide\Frontend\Normalize\ShortCircuit.olean
f:\DevCache\elan\toolchains\leanprover--lean4---v4.31.0\lib\lean\Lean\Elab\Tactic\BVDecide\Frontend\Normalize\Simproc.olean
f:\DevCache\elan\toolchains\leanprover--lean4---v4.31.0\lib\lean\Lean\Elab\Tactic\BVDecide\Frontend\Normalize\Structures.olean
f:\DevCache\elan\toolchains\leanprover--lean4---v4.31.0\lib\lean\Lean\Elab\Tactic\BVDecide\Frontend\Normalize\TypeAnalysis.olean
f:\DevCache\elan\toolchains\leanprover--lean4---v4.31.0\lib\lean\Lean\Elab\Tactic\Do\Internal\VCGen\Context.olean
f:\DevCache\elan\toolchains\leanprover--lean4---v4.31.0\lib\lean\Lean\Elab\Tactic\Do\Internal\VCGen\Driver.olean
f:\DevCache\elan\toolchains\leanprover--lean4---v4.31.0\lib\lean\Lean\Elab\Tactic\Do\Internal\VCGen\Entails.olean
f:\DevCache\elan\toolchains\leanprover--lean4---v4.31.0\lib\lean\Lean\Elab\Tactic\Do\Internal\VCGen\Frontend.olean
f:\DevCache\elan\toolchains\leanprover--lean4---v4.31.0\lib\lean\Lean\Elab\Tactic\Do\Internal\VCGen\Reduce.olean
f:\DevCache\elan\toolchains\leanprover--lean4---v4.31.0\lib\lean\Lean\Elab\Tactic\Do\Internal\VCGen\RuleCache.olean
f:\DevCache\elan\toolchains\leanprover--lean4---v4.31.0\lib\lean\Lean\Elab\Tactic\Do\Internal\VCGen\RuleConstruction.olean
f:\DevCache\elan\toolchains\leanprover--lean4---v4.31.0\lib\lean\Lean\Elab\Tactic\Do\Internal\VCGen\Solve.olean
f:\DevCache\elan\toolchains\leanprover--lean4---v4.31.0\lib\lean\Lean\Elab\Tactic\Do\Internal\VCGen\SpecDB.olean
f:\DevCache\elan\toolchains\leanprover--lean4---v4.31.0\lib\lean\Lean\Elab\Tactic\Do\Internal\VCGen\Util.olean
f:\DevCache\elan\toolchains\leanprover--lean4---v4.31.0\lib\lean\Lean\Meta\Tactic\Grind\Arith\CommRing\Action.olean
f:\DevCache\elan\toolchains\leanprover--lean4---v4.31.0\lib\lean\Lean\Meta\Tactic\Grind\Arith\CommRing\DenoteExpr.olean
f:\DevCache\elan\toolchains\leanprover--lean4---v4.31.0\lib\lean\Lean\Meta\Tactic\Grind\Arith\CommRing\EqCnstr.olean
f:\DevCache\elan\toolchains\leanprover--lean4---v4.31.0\lib\lean\Lean\Meta\Tactic\Grind\Arith\CommRing\Functions.olean
f:\DevCache\elan\toolchains\leanprover--lean4---v4.31.0\lib\lean\Lean\Meta\Tactic\Grind\Arith\CommRing\Internalize.olean
f:\DevCache\elan\toolchains\leanprover--lean4---v4.31.0\lib\lean\Lean\Meta\Tactic\Grind\Arith\CommRing\Inv.olean
f:\DevCache\elan\toolchains\leanprover--lean4---v4.31.0\lib\lean\Lean\Meta\Tactic\Grind\Arith\CommRing\MonadRing.olean
f:\DevCache\elan\toolchains\leanprover--lean4---v4.31.0\lib\lean\Lean\Meta\Tactic\Grind\Arith\CommRing\MonadSemiring.olean
f:\DevCache\elan\toolchains\leanprover--lean4---v4.31.0\lib\lean\Lean\Meta\Tactic\Grind\Arith\CommRing\NonCommRingM.olean
f:\DevCache\elan\toolchains\leanprover--lean4---v4.31.0\lib\lean\Lean\Meta\Tactic\Grind\Arith\CommRing\NonCommSemiringM.olean
f:\DevCache\elan\toolchains\leanprover--lean4---v4.31.0\lib\lean\Lean\Meta\Tactic\Grind\Arith\CommRing\PP.olean
f:\DevCache\elan\toolchains\leanprover--lean4---v4.31.0\lib\lean\Lean\Meta\Tactic\Grind\Arith\CommRing\Power.olean
f:\DevCache\elan\toolchains\leanprover--lean4---v4.31.0\lib\lean\Lean\Meta\Tactic\Grind\Arith\CommRing\Proof.olean
f:\DevCache\elan\toolchains\leanprover--lean4---v4.31.0\lib\lean\Lean\Meta\Tactic\Grind\Arith\CommRing\Reify.olean
f:\DevCache\elan\toolchains\leanprover--lean4---v4.31.0\lib\lean\Lean\Meta\Tactic\Grind\Arith\CommRing\RingId.olean
f:\DevCache\elan\toolchains\leanprover--lean4---v4.31.0\lib\lean\Lean\Meta\Tactic\Grind\Arith\CommRing\RingM.olean
f:\DevCache\elan\toolchains\leanprover--lean4---v4.31.0\lib\lean\Lean\Meta\Tactic\Grind\Arith\CommRing\SafePoly.olean
f:\DevCache\elan\toolchains\leanprover--lean4---v4.31.0\lib\lean\Lean\Meta\Tactic\Grind\Arith\CommRing\SemiringM.olean
f:\DevCache\elan\toolchains\leanprover--lean4---v4.31.0\lib\lean\Lean\Meta\Tactic\Grind\Arith\CommRing\Types.olean
f:\DevCache\elan\toolchains\leanprover--lean4---v4.31.0\lib\lean\Lean\Meta\Tactic\Grind\Arith\Cutsat\Action.olean
f:\DevCache\elan\toolchains\leanprover--lean4---v4.31.0\lib\lean\Lean\Meta\Tactic\Grind\Arith\Cutsat\CommRing.olean
f:\DevCache\elan\toolchains\leanprover--lean4---v4.31.0\lib\lean\Lean\Meta\Tactic\Grind\Arith\Cutsat\DvdCnstr.olean
f:\DevCache\elan\toolchains\leanprover--lean4---v4.31.0\lib\lean\Lean\Meta\Tactic\Grind\Arith\Cutsat\EqCnstr.olean
f:\DevCache\elan\toolchains\leanprover--lean4---v4.31.0\lib\lean\Lean\Meta\Tactic\Grind\Arith\Cutsat\Inv.olean
f:\DevCache\elan\toolchains\leanprover--lean4---v4.31.0\lib\lean\Lean\Meta\Tactic\Grind\Arith\Cutsat\LeCnstr.olean
f:\DevCache\elan\toolchains\leanprover--lean4---v4.31.0\lib\lean\Lean\Meta\Tactic\Grind\Arith\Cutsat\MBTC.olean
f:\DevCache\elan\toolchains\leanprover--lean4---v4.31.0\lib\lean\Lean\Meta\Tactic\Grind\Arith\Cutsat\Model.olean
f:\DevCache\elan\toolchains\leanprover--lean4---v4.31.0\lib\lean\Lean\Meta\Tactic\Grind\Arith\Cutsat\Nat.olean
f:\DevCache\elan\toolchains\leanprover--lean4---v4.31.0\lib\lean\Lean\Meta\Tactic\Grind\Arith\Cutsat\Norm.olean
f:\DevCache\elan\toolchains\leanprover--lean4---v4.31.0\lib\lean\Lean\Meta\Tactic\Grind\Arith\Cutsat\Proof.olean
f:\DevCache\elan\toolchains\leanprover--lean4---v4.31.0\lib\lean\Lean\Meta\Tactic\Grind\Arith\Cutsat\ReorderVars.olean
f:\DevCache\elan\toolchains\leanprover--lean4---v4.31.0\lib\lean\Lean\Meta\Tactic\Grind\Arith\Cutsat\Search.olean
f:\DevCache\elan\toolchains\leanprover--lean4---v4.31.0\lib\lean\Lean\Meta\Tactic\Grind\Arith\Cutsat\SearchM.olean
f:\DevCache\elan\toolchains\leanprover--lean4---v4.31.0\lib\lean\Lean\Meta\Tactic\Grind\Arith\Cutsat\ToInt.olean
f:\DevCache\elan\toolchains\leanprover--lean4---v4.31.0\lib\lean\Lean\Meta\Tactic\Grind\Arith\Cutsat\ToIntInfo.olean
f:\DevCache\elan\toolchains\leanprover--lean4---v4.31.0\lib\lean\Lean\Meta\Tactic\Grind\Arith\Cutsat\Types.olean
f:\DevCache\elan\toolchains\leanprover--lean4---v4.31.0\lib\lean\Lean\Meta\Tactic\Grind\Arith\Cutsat\Util.olean
f:\DevCache\elan\toolchains\leanprover--lean4---v4.31.0\lib\lean\Lean\Meta\Tactic\Grind\Arith\Cutsat\Var.olean
f:\DevCache\elan\toolchains\leanprover--lean4---v4.31.0\lib\lean\Lean\Meta\Tactic\Grind\Arith\Cutsat\VarRename.olean
f:\DevCache\elan\toolchains\leanprover--lean4---v4.31.0\lib\lean\Lean\Meta\Tactic\Grind\Arith\Linear\Action.olean
f:\DevCache\elan\toolchains\leanprover--lean4---v4.31.0\lib\lean\Lean\Meta\Tactic\Grind\Arith\Linear\Den.olean
f:\DevCache\elan\toolchains\leanprover--lean4---v4.31.0\lib\lean\Lean\Meta\Tactic\Grind\Arith\Linear\DenoteExpr.olean
f:\DevCache\elan\toolchains\leanprover--lean4---v4.31.0\lib\lean\Lean\Meta\Tactic\Grind\Arith\Linear\IneqCnstr.olean
f:\DevCache\elan\toolchains\leanprover--lean4---v4.31.0\lib\lean\Lean\Meta\Tactic\Grind\Arith\Linear\Internalize.olean
f:\DevCache\elan\toolchains\leanprover--lean4---v4.31.0\lib\lean\Lean\Meta\Tactic\Grind\Arith\Linear\Inv.olean
f:\DevCache\elan\toolchains\leanprover--lean4---v4.31.0\lib\lean\Lean\Meta\Tactic\Grind\Arith\Linear\LinearM.olean
f:\DevCache\elan\toolchains\leanprover--lean4---v4.31.0\lib\lean\Lean\Meta\Tactic\Grind\Arith\Linear\MBTC.olean
f:\DevCache\elan\toolchains\leanprover--lean4---v4.31.0\lib\lean\Lean\Meta\Tactic\Grind\Arith\Linear\Model.olean
f:\DevCache\elan\toolchains\leanprover--lean4---v4.31.0\lib\lean\Lean\Meta\Tactic\Grind\Arith\Linear\OfNatModule.olean
f:\DevCache\elan\toolchains\leanprover--lean4---v4.31.0\lib\lean\Lean\Meta\Tactic\Grind\Arith\Linear\PP.olean
f:\DevCache\elan\toolchains\leanprover--lean4---v4.31.0\lib\lean\Lean\Meta\Tactic\Grind\Arith\Linear\Proof.olean
f:\DevCache\elan\toolchains\leanprover--lean4---v4.31.0\lib\lean\Lean\Meta\Tactic\Grind\Arith\Linear\PropagateEq.olean
f:\DevCache\elan\toolchains\leanprover--lean4---v4.31.0\lib\lean\Lean\Meta\Tactic\Grind\Arith\Linear\Reify.olean
f:\DevCache\elan\toolchains\leanprover--lean4---v4.31.0\lib\lean\Lean\Meta\Tactic\Grind\Arith\Linear\Search.olean
f:\DevCache\elan\toolchains\leanprover--lean4---v4.31.0\lib\lean\Lean\Meta\Tactic\Grind\Arith\Linear\SearchM.olean
f:\DevCache\elan\toolchains\leanprover--lean4---v4.31.0\lib\lean\Lean\Meta\Tactic\Grind\Arith\Linear\StructId.olean
f:\DevCache\elan\toolchains\leanprover--lean4---v4.31.0\lib\lean\Lean\Meta\Tactic\Grind\Arith\Linear\ToExpr.olean
f:\DevCache\elan\toolchains\leanprover--lean4---v4.31.0\lib\lean\Lean\Meta\Tactic\Grind\Arith\Linear\Types.olean
f:\DevCache\elan\toolchains\leanprover--lean4---v4.31.0\lib\lean\Lean\Meta\Tactic\Grind\Arith\Linear\Util.olean
f:\DevCache\elan\toolchains\leanprover--lean4---v4.31.0\lib\lean\Lean\Meta\Tactic\Grind\Arith\Linear\Var.olean
f:\DevCache\elan\toolchains\leanprover--lean4---v4.31.0\lib\lean\Lean\Meta\Tactic\Grind\Arith\Linear\VarRename.olean
f:\DevCache\elan\toolchains\leanprover--lean4---v4.31.0\lib\lean\Lean\Meta\Tactic\Simp\Arith\Int\Basic.olean
f:\DevCache\elan\toolchains\leanprover--lean4---v4.31.0\lib\lean\Lean\Meta\Tactic\Simp\Arith\Int\Simp.olean
f:\DevCache\elan\toolchains\leanprover--lean4---v4.31.0\lib\lean\Lean\Meta\Tactic\Simp\Arith\Nat\Basic.olean
f:\DevCache\elan\toolchains\leanprover--lean4---v4.31.0\lib\lean\Lean\Meta\Tactic\Simp\Arith\Nat\Simp.olean
F:\LaTeX\BVE research\lean-proof\.lake\packages\mathlib\.lake\build\lib\lean\Mathlib\Algebra\Group\Action\Pointwise\Set\Basic.olean
f:\DevCache\elan\toolchains\leanprover--lean4---v4.31.0\lib\lean\Std\Data\Iterators\Lemmas\Combinators\Monadic\Drop.olean
f:\DevCache\elan\toolchains\leanprover--lean4---v4.31.0\lib\lean\Std\Data\Iterators\Lemmas\Combinators\Monadic\DropWhile.olean
f:\DevCache\elan\toolchains\leanprover--lean4---v4.31.0\lib\lean\Std\Data\Iterators\Lemmas\Combinators\Monadic\FilterMap.olean
f:\DevCache\elan\toolchains\leanprover--lean4---v4.31.0\lib\lean\Std\Data\Iterators\Lemmas\Combinators\Monadic\TakeWhile.olean
f:\DevCache\elan\toolchains\leanprover--lean4---v4.31.0\lib\lean\Std\Data\Iterators\Lemmas\Combinators\Monadic\Zip.olean
f:\DevCache\elan\toolchains\leanprover--lean4---v4.31.0\lib\lean\Std\Data\Iterators\Lemmas\Consumers\Monadic\Collect.olean
f:\DevCache\elan\toolchains\leanprover--lean4---v4.31.0\lib\lean\Std\Data\Iterators\Lemmas\Consumers\Monadic\Loop.olean
f:\DevCache\elan\toolchains\leanprover--lean4---v4.31.0\lib\lean\Std\Data\Iterators\Lemmas\Consumers\Monadic\Set.olean
f:\DevCache\elan\toolchains\leanprover--lean4---v4.31.0\lib\lean\Std\Data\Iterators\Lemmas\Producers\Monadic\Array.olean
f:\DevCache\elan\toolchains\leanprover--lean4---v4.31.0\lib\lean\Std\Data\Iterators\Lemmas\Producers\Monadic\Empty.olean
f:\DevCache\elan\toolchains\leanprover--lean4---v4.31.0\lib\lean\Std\Data\Iterators\Lemmas\Producers\Monadic\List.olean
f:\DevCache\elan\toolchains\leanprover--lean4---v4.31.0\lib\lean\Std\Data\Iterators\Lemmas\Producers\Monadic\Vector.olean
f:\DevCache\elan\toolchains\leanprover--lean4---v4.31.0\lib\lean\Std\Tactic\BVDecide\Bitblast\BVExpr\Circuit\Impl.olean
f:\DevCache\elan\toolchains\leanprover--lean4---v4.31.0\lib\lean\Std\Tactic\BVDecide\Bitblast\BVExpr\Circuit\Lemmas.olean
f:\DevCache\elan\toolchains\leanprover--lean4---v4.31.0\lib\lean\Std\Tactic\BVDecide\LRAT\Internal\Formula\Class.olean
f:\DevCache\elan\toolchains\leanprover--lean4---v4.31.0\lib\lean\Std\Tactic\BVDecide\LRAT\Internal\Formula\Implementation.olean
f:\DevCache\elan\toolchains\leanprover--lean4---v4.31.0\lib\lean\Std\Tactic\BVDecide\LRAT\Internal\Formula\Instance.olean
f:\DevCache\elan\toolchains\leanprover--lean4---v4.31.0\lib\lean\Std\Tactic\BVDecide\LRAT\Internal\Formula\Lemmas.olean
f:\DevCache\elan\toolchains\leanprover--lean4---v4.31.0\lib\lean\Std\Tactic\BVDecide\LRAT\Internal\Formula\RatAddResult.olean
f:\DevCache\elan\toolchains\leanprover--lean4---v4.31.0\lib\lean\Std\Tactic\BVDecide\LRAT\Internal\Formula\RatAddSound.olean
f:\DevCache\elan\toolchains\leanprover--lean4---v4.31.0\lib\lean\Std\Tactic\BVDecide\LRAT\Internal\Formula\RupAddResult.olean
f:\DevCache\elan\toolchains\leanprover--lean4---v4.31.0\lib\lean\Std\Tactic\BVDecide\LRAT\Internal\Formula\RupAddSound.olean
f:\DevCache\elan\toolchains\leanprover--lean4---v4.31.0\lib\lean\Std\Tactic\BVDecide\Bitblast\BVExpr\Circuit\Impl\Carry.olean
f:\DevCache\elan\toolchains\leanprover--lean4---v4.31.0\lib\lean\Std\Tactic\BVDecide\Bitblast\BVExpr\Circuit\Impl\Const.olean
f:\DevCache\elan\toolchains\leanprover--lean4---v4.31.0\lib\lean\Std\Tactic\BVDecide\Bitblast\BVExpr\Circuit\Impl\Expr.olean
f:\DevCache\elan\toolchains\leanprover--lean4---v4.31.0\lib\lean\Std\Tactic\BVDecide\Bitblast\BVExpr\Circuit\Impl\Pred.olean
f:\DevCache\elan\toolchains\leanprover--lean4---v4.31.0\lib\lean\Std\Tactic\BVDecide\Bitblast\BVExpr\Circuit\Impl\Substructure.olean
f:\DevCache\elan\toolchains\leanprover--lean4---v4.31.0\lib\lean\Std\Tactic\BVDecide\Bitblast\BVExpr\Circuit\Impl\Var.olean
f:\DevCache\elan\toolchains\leanprover--lean4---v4.31.0\lib\lean\Std\Tactic\BVDecide\Bitblast\BVExpr\Circuit\Lemmas\Basic.olean
f:\DevCache\elan\toolchains\leanprover--lean4---v4.31.0\lib\lean\Std\Tactic\BVDecide\Bitblast\BVExpr\Circuit\Lemmas\Carry.olean
f:\DevCache\elan\toolchains\leanprover--lean4---v4.31.0\lib\lean\Std\Tactic\BVDecide\Bitblast\BVExpr\Circuit\Lemmas\Const.olean
f:\DevCache\elan\toolchains\leanprover--lean4---v4.31.0\lib\lean\Std\Tactic\BVDecide\Bitblast\BVExpr\Circuit\Lemmas\Expr.olean
f:\DevCache\elan\toolchains\leanprover--lean4---v4.31.0\lib\lean\Std\Tactic\BVDecide\Bitblast\BVExpr\Circuit\Lemmas\Pred.olean
f:\DevCache\elan\toolchains\leanprover--lean4---v4.31.0\lib\lean\Std\Tactic\BVDecide\Bitblast\BVExpr\Circuit\Lemmas\Var.olean
f:\DevCache\elan\toolchains\leanprover--lean4---v4.31.0\lib\lean\Std\Tactic\BVDecide\Bitblast\BVExpr\Circuit\Impl\Operations\Add.olean
f:\DevCache\elan\toolchains\leanprover--lean4---v4.31.0\lib\lean\Std\Tactic\BVDecide\Bitblast\BVExpr\Circuit\Impl\Operations\Append.olean
f:\DevCache\elan\toolchains\leanprover--lean4---v4.31.0\lib\lean\Std\Tactic\BVDecide\Bitblast\BVExpr\Circuit\Impl\Operations\Clz.olean
f:\DevCache\elan\toolchains\leanprover--lean4---v4.31.0\lib\lean\Std\Tactic\BVDecide\Bitblast\BVExpr\Circuit\Impl\Operations\Cpop.olean
f:\DevCache\elan\toolchains\leanprover--lean4---v4.31.0\lib\lean\Std\Tactic\BVDecide\Bitblast\BVExpr\Circuit\Impl\Operations\Eq.olean
f:\DevCache\elan\toolchains\leanprover--lean4---v4.31.0\lib\lean\Std\Tactic\BVDecide\Bitblast\BVExpr\Circuit\Impl\Operations\Extract.olean
f:\DevCache\elan\toolchains\leanprover--lean4---v4.31.0\lib\lean\Std\Tactic\BVDecide\Bitblast\BVExpr\Circuit\Impl\Operations\GetLsbD.olean
f:\DevCache\elan\toolchains\leanprover--lean4---v4.31.0\lib\lean\Std\Tactic\BVDecide\Bitblast\BVExpr\Circuit\Impl\Operations\Mul.olean
f:\DevCache\elan\toolchains\leanprover--lean4---v4.31.0\lib\lean\Std\Tactic\BVDecide\Bitblast\BVExpr\Circuit\Impl\Operations\Neg.olean
f:\DevCache\elan\toolchains\leanprover--lean4---v4.31.0\lib\lean\Std\Tactic\BVDecide\Bitblast\BVExpr\Circuit\Impl\Operations\Not.olean
f:\DevCache\elan\toolchains\leanprover--lean4---v4.31.0\lib\lean\Std\Tactic\BVDecide\Bitblast\BVExpr\Circuit\Impl\Operations\Replicate.olean
f:\DevCache\elan\toolchains\leanprover--lean4---v4.31.0\lib\lean\Std\Tactic\BVDecide\Bitblast\BVExpr\Circuit\Impl\Operations\Reverse.olean
f:\DevCache\elan\toolchains\leanprover--lean4---v4.31.0\lib\lean\Std\Tactic\BVDecide\Bitblast\BVExpr\Circuit\Impl\Operations\RotateLeft.olean
f:\DevCache\elan\toolchains\leanprover--lean4---v4.31.0\lib\lean\Std\Tactic\BVDecide\Bitblast\BVExpr\Circuit\Impl\Operations\RotateRight.olean
f:\DevCache\elan\toolchains\leanprover--lean4---v4.31.0\lib\lean\Std\Tactic\BVDecide\Bitblast\BVExpr\Circuit\Impl\Operations\ShiftLeft.olean
f:\DevCache\elan\toolchains\leanprover--lean4---v4.31.0\lib\lean\Std\Tactic\BVDecide\Bitblast\BVExpr\Circuit\Impl\Operations\ShiftRight.olean
f:\DevCache\elan\toolchains\leanprover--lean4---v4.31.0\lib\lean\Std\Tactic\BVDecide\Bitblast\BVExpr\Circuit\Impl\Operations\Sub.olean
f:\DevCache\elan\toolchains\leanprover--lean4---v4.31.0\lib\lean\Std\Tactic\BVDecide\Bitblast\BVExpr\Circuit\Impl\Operations\Udiv.olean
f:\DevCache\elan\toolchains\leanprover--lean4---v4.31.0\lib\lean\Std\Tactic\BVDecide\Bitblast\BVExpr\Circuit\Impl\Operations\Ult.olean
f:\DevCache\elan\toolchains\leanprover--lean4---v4.31.0\lib\lean\Std\Tactic\BVDecide\Bitblast\BVExpr\Circuit\Impl\Operations\Umod.olean
f:\DevCache\elan\toolchains\leanprover--lean4---v4.31.0\lib\lean\Std\Tactic\BVDecide\Bitblast\BVExpr\Circuit\Impl\Operations\ZeroExtend.olean
f:\DevCache\elan\toolchains\leanprover--lean4---v4.31.0\lib\lean\Std\Tactic\BVDecide\Bitblast\BVExpr\Circuit\Lemmas\Operations\Add.olean
f:\DevCache\elan\toolchains\leanprover--lean4---v4.31.0\lib\lean\Std\Tactic\BVDecide\Bitblast\BVExpr\Circuit\Lemmas\Operations\Append.olean
f:\DevCache\elan\toolchains\leanprover--lean4---v4.31.0\lib\lean\Std\Tactic\BVDecide\Bitblast\BVExpr\Circuit\Lemmas\Operations\Clz.olean
f:\DevCache\elan\toolchains\leanprover--lean4---v4.31.0\lib\lean\Std\Tactic\BVDecide\Bitblast\BVExpr\Circuit\Lemmas\Operations\Cpop.olean
f:\DevCache\elan\toolchains\leanprover--lean4---v4.31.0\lib\lean\Std\Tactic\BVDecide\Bitblast\BVExpr\Circuit\Lemmas\Operations\Eq.olean
f:\DevCache\elan\toolchains\leanprover--lean4---v4.31.0\lib\lean\Std\Tactic\BVDecide\Bitblast\BVExpr\Circuit\Lemmas\Operations\Extract.olean
f:\DevCache\elan\toolchains\leanprover--lean4---v4.31.0\lib\lean\Std\Tactic\BVDecide\Bitblast\BVExpr\Circuit\Lemmas\Operations\GetLsbD.olean
f:\DevCache\elan\toolchains\leanprover--lean4---v4.31.0\lib\lean\Std\Tactic\BVDecide\Bitblast\BVExpr\Circuit\Lemmas\Operations\Mul.olean
f:\DevCache\elan\toolchains\leanprover--lean4---v4.31.0\lib\lean\Std\Tactic\BVDecide\Bitblast\BVExpr\Circuit\Lemmas\Operations\Neg.olean
f:\DevCache\elan\toolchains\leanprover--lean4---v4.31.0\lib\lean\Std\Tactic\BVDecide\Bitblast\BVExpr\Circuit\Lemmas\Operations\Not.olean
f:\DevCache\elan\toolchains\leanprover--lean4---v4.31.0\lib\lean\Std\Tactic\BVDecide\Bitblast\BVExpr\Circuit\Lemmas\Operations\Replicate.olean
f:\DevCache\elan\toolchains\leanprover--lean4---v4.31.0\lib\lean\Std\Tactic\BVDecide\Bitblast\BVExpr\Circuit\Lemmas\Operations\Reverse.olean
f:\DevCache\elan\toolchains\leanprover--lean4---v4.31.0\lib\lean\Std\Tactic\BVDecide\Bitblast\BVExpr\Circuit\Lemmas\Operations\RotateLeft.olean
f:\DevCache\elan\toolchains\leanprover--lean4---v4.31.0\lib\lean\Std\Tactic\BVDecide\Bitblast\BVExpr\Circuit\Lemmas\Operations\RotateRight.olean
f:\DevCache\elan\toolchains\leanprover--lean4---v4.31.0\lib\lean\Std\Tactic\BVDecide\Bitblast\BVExpr\Circuit\Lemmas\Operations\ShiftLeft.olean
f:\DevCache\elan\toolchains\leanprover--lean4---v4.31.0\lib\lean\Std\Tactic\BVDecide\Bitblast\BVExpr\Circuit\Lemmas\Operations\ShiftRight.olean
f:\DevCache\elan\toolchains\leanprover--lean4---v4.31.0\lib\lean\Std\Tactic\BVDecide\Bitblast\BVExpr\Circuit\Lemmas\Operations\Sub.olean
f:\DevCache\elan\toolchains\leanprover--lean4---v4.31.0\lib\lean\Std\Tactic\BVDecide\Bitblast\BVExpr\Circuit\Lemmas\Operations\Udiv.olean
f:\DevCache\elan\toolchains\leanprover--lean4---v4.31.0\lib\lean\Std\Tactic\BVDecide\Bitblast\BVExpr\Circuit\Lemmas\Operations\Ult.olean
f:\DevCache\elan\toolchains\leanprover--lean4---v4.31.0\lib\lean\Std\Tactic\BVDecide\Bitblast\BVExpr\Circuit\Lemmas\Operations\Umod.olean
f:\DevCache\elan\toolchains\leanprover--lean4---v4.31.0\lib\lean\Std\Tactic\BVDecide\Bitblast\BVExpr\Circuit\Lemmas\Operations\ZeroExtend.olean
