theorem AuditRound10Controls.flip_not_projection : @Ne.{1}
  (AuditRound10.Vec (@OfNat.ofNat.{0} Nat (nat_lit 1) (instOfNatNat (nat_lit 1))))
  (@DFunLike.coe.{1, 1, 1}
    (@LinearMap.{0, 0, 0, 0} Real Real Real.semiring Real.semiring
      (@RingHom.id.{0} Real (@Semiring.toNonAssocSemiring.{0} Real Real.semiring))
      (AuditRound10.Vec (@OfNat.ofNat.{0} Nat (nat_lit 1) (instOfNatNat (nat_lit 1))))
      (AuditRound10.Vec (@OfNat.ofNat.{0} Nat (nat_lit 1) (instOfNatNat (nat_lit 1))))
      (@Pi.addCommMonoid.{0, 0}
        (Fin
          (@HMul.hMul.{0, 0, 0} Nat Nat Nat (@instHMul.{0} Nat instMulNat)
            (@OfNat.ofNat.{0} Nat (nat_lit 2) (instOfNatNat (nat_lit 2)))
            (@OfNat.ofNat.{0} Nat (nat_lit 1) (instOfNatNat (nat_lit 1)))))
        (fun a => Real) fun i => Real.instAddCommMonoid)
      (@Pi.addCommMonoid.{0, 0}
        (Fin
          (@HMul.hMul.{0, 0, 0} Nat Nat Nat (@instHMul.{0} Nat instMulNat)
            (@OfNat.ofNat.{0} Nat (nat_lit 2) (instOfNatNat (nat_lit 2)))
            (@OfNat.ofNat.{0} Nat (nat_lit 1) (instOfNatNat (nat_lit 1)))))
        (fun a => Real) fun i => Real.instAddCommMonoid)
      (@Pi.Function.module.{0, 0, 0}
        (Fin
          (@HMul.hMul.{0, 0, 0} Nat Nat Nat (@instHMul.{0} Nat instMulNat)
            (@OfNat.ofNat.{0} Nat (nat_lit 2) (instOfNatNat (nat_lit 2)))
            (@OfNat.ofNat.{0} Nat (nat_lit 1) (instOfNatNat (nat_lit 1)))))
        Real Real Real.semiring Real.instAddCommMonoid (@Semiring.toModule.{0} Real Real.semiring))
      (@Pi.Function.module.{0, 0, 0}
        (Fin
          (@HMul.hMul.{0, 0, 0} Nat Nat Nat (@instHMul.{0} Nat instMulNat)
            (@OfNat.ofNat.{0} Nat (nat_lit 2) (instOfNatNat (nat_lit 2)))
            (@OfNat.ofNat.{0} Nat (nat_lit 1) (instOfNatNat (nat_lit 1)))))
        Real Real Real.semiring Real.instAddCommMonoid (@Semiring.toModule.{0} Real Real.semiring)))
    (AuditRound10.Vec (@OfNat.ofNat.{0} Nat (nat_lit 1) (instOfNatNat (nat_lit 1))))
    (fun x => AuditRound10.Vec (@OfNat.ofNat.{0} Nat (nat_lit 1) (instOfNatNat (nat_lit 1))))
    (@LinearMap.instFunLike.{0, 0, 0, 0} Real Real
      (AuditRound10.Vec (@OfNat.ofNat.{0} Nat (nat_lit 1) (instOfNatNat (nat_lit 1))))
      (AuditRound10.Vec (@OfNat.ofNat.{0} Nat (nat_lit 1) (instOfNatNat (nat_lit 1)))) Real.semiring Real.semiring
      (@Pi.addCommMonoid.{0, 0}
        (Fin
          (@HMul.hMul.{0, 0, 0} Nat Nat Nat (@instHMul.{0} Nat instMulNat)
            (@OfNat.ofNat.{0} Nat (nat_lit 2) (instOfNatNat (nat_lit 2)))
            (@OfNat.ofNat.{0} Nat (nat_lit 1) (instOfNatNat (nat_lit 1)))))
        (fun a => Real) fun i => Real.instAddCommMonoid)
      (@Pi.addCommMonoid.{0, 0}
        (Fin
          (@HMul.hMul.{0, 0, 0} Nat Nat Nat (@instHMul.{0} Nat instMulNat)
            (@OfNat.ofNat.{0} Nat (nat_lit 2) (instOfNatNat (nat_lit 2)))
            (@OfNat.ofNat.{0} Nat (nat_lit 1) (instOfNatNat (nat_lit 1)))))
        (fun a => Real) fun i => Real.instAddCommMonoid)
      (@Pi.Function.module.{0, 0, 0}
        (Fin
          (@HMul.hMul.{0, 0, 0} Nat Nat Nat (@instHMul.{0} Nat instMulNat)
            (@OfNat.ofNat.{0} Nat (nat_lit 2) (instOfNatNat (nat_lit 2)))
            (@OfNat.ofNat.{0} Nat (nat_lit 1) (instOfNatNat (nat_lit 1)))))
        Real Real Real.semiring Real.instAddCommMonoid (@Semiring.toModule.{0} Real Real.semiring))
      (@Pi.Function.module.{0, 0, 0}
        (Fin
          (@HMul.hMul.{0, 0, 0} Nat Nat Nat (@instHMul.{0} Nat instMulNat)
            (@OfNat.ofNat.{0} Nat (nat_lit 2) (instOfNatNat (nat_lit 2)))
            (@OfNat.ofNat.{0} Nat (nat_lit 1) (instOfNatNat (nat_lit 1)))))
        Real Real Real.semiring Real.instAddCommMonoid (@Semiring.toModule.{0} Real Real.semiring))
      (@RingHom.id.{0} Real (@Semiring.toNonAssocSemiring.{0} Real Real.semiring)))
    (@Neg.neg.{0}
      (@LinearMap.{0, 0, 0, 0} Real Real Real.semiring Real.semiring
        (@RingHom.id.{0} Real (@Semiring.toNonAssocSemiring.{0} Real Real.semiring))
        (AuditRound10.Vec (@OfNat.ofNat.{0} Nat (nat_lit 1) (instOfNatNat (nat_lit 1))))
        (AuditRound10.Vec (@OfNat.ofNat.{0} Nat (nat_lit 1) (instOfNatNat (nat_lit 1))))
        (@Pi.addCommMonoid.{0, 0}
          (Fin
            (@HMul.hMul.{0, 0, 0} Nat Nat Nat (@instHMul.{0} Nat instMulNat)
              (@OfNat.ofNat.{0} Nat (nat_lit 2) (instOfNatNat (nat_lit 2)))
              (@OfNat.ofNat.{0} Nat (nat_lit 1) (instOfNatNat (nat_lit 1)))))
          (fun a => Real) fun i => Real.instAddCommMonoid)
        (@Pi.addCommMonoid.{0, 0}
          (Fin
            (@HMul.hMul.{0, 0, 0} Nat Nat Nat (@instHMul.{0} Nat instMulNat)
              (@OfNat.ofNat.{0} Nat (nat_lit 2) (instOfNatNat (nat_lit 2)))
              (@OfNat.ofNat.{0} Nat (nat_lit 1) (instOfNatNat (nat_lit 1)))))
          (fun a => Real) fun i => Real.instAddCommMonoid)
        (@Pi.Function.module.{0, 0, 0}
          (Fin
            (@HMul.hMul.{0, 0, 0} Nat Nat Nat (@instHMul.{0} Nat instMulNat)
              (@OfNat.ofNat.{0} Nat (nat_lit 2) (instOfNatNat (nat_lit 2)))
              (@OfNat.ofNat.{0} Nat (nat_lit 1) (instOfNatNat (nat_lit 1)))))
          Real Real Real.semiring Real.instAddCommMonoid (@Semiring.toModule.{0} Real Real.semiring))
        (@Pi.Function.module.{0, 0, 0}
          (Fin
            (@HMul.hMul.{0, 0, 0} Nat Nat Nat (@instHMul.{0} Nat instMulNat)
              (@OfNat.ofNat.{0} Nat (nat_lit 2) (instOfNatNat (nat_lit 2)))
              (@OfNat.ofNat.{0} Nat (nat_lit 1) (instOfNatNat (nat_lit 1)))))
          Real Real Real.semiring Real.instAddCommMonoid (@Semiring.toModule.{0} Real Real.semiring)))
      (@LinearMap.instNeg.{0, 0, 0, 0} Real Real
        (AuditRound10.Vec (@OfNat.ofNat.{0} Nat (nat_lit 1) (instOfNatNat (nat_lit 1))))
        (AuditRound10.Vec (@OfNat.ofNat.{0} Nat (nat_lit 1) (instOfNatNat (nat_lit 1)))) Real.semiring Real.semiring
        (@Pi.addCommMonoid.{0, 0}
          (Fin
            (@HMul.hMul.{0, 0, 0} Nat Nat Nat (@instHMul.{0} Nat instMulNat)
              (@OfNat.ofNat.{0} Nat (nat_lit 2) (instOfNatNat (nat_lit 2)))
              (@OfNat.ofNat.{0} Nat (nat_lit 1) (instOfNatNat (nat_lit 1)))))
          (fun a => Real) fun i => Real.instAddCommMonoid)
        (@Pi.addCommGroup.{0, 0}
          (Fin
            (@HMul.hMul.{0, 0, 0} Nat Nat Nat (@instHMul.{0} Nat instMulNat)
              (@OfNat.ofNat.{0} Nat (nat_lit 2) (instOfNatNat (nat_lit 2)))
              (@OfNat.ofNat.{0} Nat (nat_lit 1) (instOfNatNat (nat_lit 1)))))
          (fun a => Real) fun i => Real.instAddCommGroup)
        (@Pi.Function.module.{0, 0, 0}
          (Fin
            (@HMul.hMul.{0, 0, 0} Nat Nat Nat (@instHMul.{0} Nat instMulNat)
              (@OfNat.ofNat.{0} Nat (nat_lit 2) (instOfNatNat (nat_lit 2)))
              (@OfNat.ofNat.{0} Nat (nat_lit 1) (instOfNatNat (nat_lit 1)))))
          Real Real Real.semiring Real.instAddCommMonoid (@Semiring.toModule.{0} Real Real.semiring))
        (@Pi.Function.module.{0, 0, 0}
          (Fin
            (@HMul.hMul.{0, 0, 0} Nat Nat Nat (@instHMul.{0} Nat instMulNat)
              (@OfNat.ofNat.{0} Nat (nat_lit 2) (instOfNatNat (nat_lit 2)))
              (@OfNat.ofNat.{0} Nat (nat_lit 1) (instOfNatNat (nat_lit 1)))))
          Real Real Real.semiring Real.instAddCommMonoid (@Semiring.toModule.{0} Real Real.semiring))
        (@RingHom.id.{0} Real (@Semiring.toNonAssocSemiring.{0} Real Real.semiring)))
      (AuditRound10.J (@OfNat.ofNat.{0} Nat (nat_lit 1) (instOfNatNat (nat_lit 1)))))
    (@DFunLike.coe.{1, 1, 1}
      (@LinearMap.{0, 0, 0, 0} Real Real Real.semiring Real.semiring
        (@RingHom.id.{0} Real (@Semiring.toNonAssocSemiring.{0} Real Real.semiring))
        (AuditRound10.Vec (@OfNat.ofNat.{0} Nat (nat_lit 1) (instOfNatNat (nat_lit 1))))
        (AuditRound10.Vec (@OfNat.ofNat.{0} Nat (nat_lit 1) (instOfNatNat (nat_lit 1))))
        (@Pi.addCommMonoid.{0, 0}
          (Fin
            (@HMul.hMul.{0, 0, 0} Nat Nat Nat (@instHMul.{0} Nat instMulNat)
              (@OfNat.ofNat.{0} Nat (nat_lit 2) (instOfNatNat (nat_lit 2)))
              (@OfNat.ofNat.{0} Nat (nat_lit 1) (instOfNatNat (nat_lit 1)))))
          (fun a => Real) fun i => Real.instAddCommMonoid)
        (@Pi.addCommMonoid.{0, 0}
          (Fin
            (@HMul.hMul.{0, 0, 0} Nat Nat Nat (@instHMul.{0} Nat instMulNat)
              (@OfNat.ofNat.{0} Nat (nat_lit 2) (instOfNatNat (nat_lit 2)))
              (@OfNat.ofNat.{0} Nat (nat_lit 1) (instOfNatNat (nat_lit 1)))))
          (fun a => Real) fun i => Real.instAddCommMonoid)
        (@Pi.Function.module.{0, 0, 0}
          (Fin
            (@HMul.hMul.{0, 0, 0} Nat Nat Nat (@instHMul.{0} Nat instMulNat)
              (@OfNat.ofNat.{0} Nat (nat_lit 2) (instOfNatNat (nat_lit 2)))
              (@OfNat.ofNat.{0} Nat (nat_lit 1) (instOfNatNat (nat_lit 1)))))
          Real Real Real.semiring Real.instAddCommMonoid (@Semiring.toModule.{0} Real Real.semiring))
        (@Pi.Function.module.{0, 0, 0}
          (Fin
            (@HMul.hMul.{0, 0, 0} Nat Nat Nat (@instHMul.{0} Nat instMulNat)
              (@OfNat.ofNat.{0} Nat (nat_lit 2) (instOfNatNat (nat_lit 2)))
              (@OfNat.ofNat.{0} Nat (nat_lit 1) (instOfNatNat (nat_lit 1)))))
          Real Real Real.semiring Real.instAddCommMonoid (@Semiring.toModule.{0} Real Real.semiring)))
      (AuditRound10.Vec (@OfNat.ofNat.{0} Nat (nat_lit 1) (instOfNatNat (nat_lit 1))))
      (fun x => AuditRound10.Vec (@OfNat.ofNat.{0} Nat (nat_lit 1) (instOfNatNat (nat_lit 1))))
      (@LinearMap.instFunLike.{0, 0, 0, 0} Real Real
        (AuditRound10.Vec (@OfNat.ofNat.{0} Nat (nat_lit 1) (instOfNatNat (nat_lit 1))))
        (AuditRound10.Vec (@OfNat.ofNat.{0} Nat (nat_lit 1) (instOfNatNat (nat_lit 1)))) Real.semiring Real.semiring
        (@Pi.addCommMonoid.{0, 0}
          (Fin
            (@HMul.hMul.{0, 0, 0} Nat Nat Nat (@instHMul.{0} Nat instMulNat)
              (@OfNat.ofNat.{0} Nat (nat_lit 2) (instOfNatNat (nat_lit 2)))
              (@OfNat.ofNat.{0} Nat (nat_lit 1) (instOfNatNat (nat_lit 1)))))
          (fun a => Real) fun i => Real.instAddCommMonoid)
        (@Pi.addCommMonoid.{0, 0}
          (Fin
            (@HMul.hMul.{0, 0, 0} Nat Nat Nat (@instHMul.{0} Nat instMulNat)
              (@OfNat.ofNat.{0} Nat (nat_lit 2) (instOfNatNat (nat_lit 2)))
              (@OfNat.ofNat.{0} Nat (nat_lit 1) (instOfNatNat (nat_lit 1)))))
          (fun a => Real) fun i => Real.instAddCommMonoid)
        (@Pi.Function.module.{0, 0, 0}
          (Fin
            (@HMul.hMul.{0, 0, 0} Nat Nat Nat (@instHMul.{0} Nat instMulNat)
              (@OfNat.ofNat.{0} Nat (nat_lit 2) (instOfNatNat (nat_lit 2)))
              (@OfNat.ofNat.{0} Nat (nat_lit 1) (instOfNatNat (nat_lit 1)))))
          Real Real Real.semiring Real.instAddCommMonoid (@Semiring.toModule.{0} Real Real.semiring))
        (@Pi.Function.module.{0, 0, 0}
          (Fin
            (@HMul.hMul.{0, 0, 0} Nat Nat Nat (@instHMul.{0} Nat instMulNat)
              (@OfNat.ofNat.{0} Nat (nat_lit 2) (instOfNatNat (nat_lit 2)))
              (@OfNat.ofNat.{0} Nat (nat_lit 1) (instOfNatNat (nat_lit 1)))))
          Real Real Real.semiring Real.instAddCommMonoid (@Semiring.toModule.{0} Real Real.semiring))
        (@RingHom.id.{0} Real (@Semiring.toNonAssocSemiring.{0} Real Real.semiring)))
      (@Neg.neg.{0}
        (@LinearMap.{0, 0, 0, 0} Real Real Real.semiring Real.semiring
          (@RingHom.id.{0} Real (@Semiring.toNonAssocSemiring.{0} Real Real.semiring))
          (AuditRound10.Vec (@OfNat.ofNat.{0} Nat (nat_lit 1) (instOfNatNat (nat_lit 1))))
          (AuditRound10.Vec (@OfNat.ofNat.{0} Nat (nat_lit 1) (instOfNatNat (nat_lit 1))))
          (@Pi.addCommMonoid.{0, 0}
            (Fin
              (@HMul.hMul.{0, 0, 0} Nat Nat Nat (@instHMul.{0} Nat instMulNat)
                (@OfNat.ofNat.{0} Nat (nat_lit 2) (instOfNatNat (nat_lit 2)))
                (@OfNat.ofNat.{0} Nat (nat_lit 1) (instOfNatNat (nat_lit 1)))))
            (fun a => Real) fun i => Real.instAddCommMonoid)
          (@Pi.addCommMonoid.{0, 0}
            (Fin
              (@HMul.hMul.{0, 0, 0} Nat Nat Nat (@instHMul.{0} Nat instMulNat)
                (@OfNat.ofNat.{0} Nat (nat_lit 2) (instOfNatNat (nat_lit 2)))
                (@OfNat.ofNat.{0} Nat (nat_lit 1) (instOfNatNat (nat_lit 1)))))
            (fun a => Real) fun i => Real.instAddCommMonoid)
          (@Pi.Function.module.{0, 0, 0}
            (Fin
              (@HMul.hMul.{0, 0, 0} Nat Nat Nat (@instHMul.{0} Nat instMulNat)
                (@OfNat.ofNat.{0} Nat (nat_lit 2) (instOfNatNat (nat_lit 2)))
                (@OfNat.ofNat.{0} Nat (nat_lit 1) (instOfNatNat (nat_lit 1)))))
            Real Real Real.semiring Real.instAddCommMonoid (@Semiring.toModule.{0} Real Real.semiring))
          (@Pi.Function.module.{0, 0, 0}
            (Fin
              (@HMul.hMul.{0, 0, 0} Nat Nat Nat (@instHMul.{0} Nat instMulNat)
                (@OfNat.ofNat.{0} Nat (nat_lit 2) (instOfNatNat (nat_lit 2)))
                (@OfNat.ofNat.{0} Nat (nat_lit 1) (instOfNatNat (nat_lit 1)))))
            Real Real Real.semiring Real.instAddCommMonoid (@Semiring.toModule.{0} Real Real.semiring)))
        (@LinearMap.instNeg.{0, 0, 0, 0} Real Real
          (AuditRound10.Vec (@OfNat.ofNat.{0} Nat (nat_lit 1) (instOfNatNat (nat_lit 1))))
          (AuditRound10.Vec (@OfNat.ofNat.{0} Nat (nat_lit 1) (instOfNatNat (nat_lit 1)))) Real.semiring Real.semiring
          (@Pi.addCommMonoid.{0, 0}
            (Fin
              (@HMul.hMul.{0, 0, 0} Nat Nat Nat (@instHMul.{0} Nat instMulNat)
                (@OfNat.ofNat.{0} Nat (nat_lit 2) (instOfNatNat (nat_lit 2)))
                (@OfNat.ofNat.{0} Nat (nat_lit 1) (instOfNatNat (nat_lit 1)))))
            (fun a => Real) fun i => Real.instAddCommMonoid)
          (@Pi.addCommGroup.{0, 0}
            (Fin
              (@HMul.hMul.{0, 0, 0} Nat Nat Nat (@instHMul.{0} Nat instMulNat)
                (@OfNat.ofNat.{0} Nat (nat_lit 2) (instOfNatNat (nat_lit 2)))
                (@OfNat.ofNat.{0} Nat (nat_lit 1) (instOfNatNat (nat_lit 1)))))
            (fun a => Real) fun i => Real.instAddCommGroup)
          (@Pi.Function.module.{0, 0, 0}
            (Fin
              (@HMul.hMul.{0, 0, 0} Nat Nat Nat (@instHMul.{0} Nat instMulNat)
                (@OfNat.ofNat.{0} Nat (nat_lit 2) (instOfNatNat (nat_lit 2)))
                (@OfNat.ofNat.{0} Nat (nat_lit 1) (instOfNatNat (nat_lit 1)))))
            Real Real Real.semiring Real.instAddCommMonoid (@Semiring.toModule.{0} Real Real.semiring))
          (@Pi.Function.module.{0, 0, 0}
            (Fin
              (@HMul.hMul.{0, 0, 0} Nat Nat Nat (@instHMul.{0} Nat instMulNat)
                (@OfNat.ofNat.{0} Nat (nat_lit 2) (instOfNatNat (nat_lit 2)))
                (@OfNat.ofNat.{0} Nat (nat_lit 1) (instOfNatNat (nat_lit 1)))))
            Real Real Real.semiring Real.instAddCommMonoid (@Semiring.toModule.{0} Real Real.semiring))
          (@RingHom.id.{0} Real (@Semiring.toNonAssocSemiring.{0} Real Real.semiring)))
        (AuditRound10.J (@OfNat.ofNat.{0} Nat (nat_lit 1) (instOfNatNat (nat_lit 1)))))
      fun x => @OfNat.ofNat.{0} Real (nat_lit 1) (@One.toOfNat1.{0} Real Real.instOne)))
  (@DFunLike.coe.{1, 1, 1}
    (@LinearMap.{0, 0, 0, 0} Real Real Real.semiring Real.semiring
      (@RingHom.id.{0} Real (@Semiring.toNonAssocSemiring.{0} Real Real.semiring))
      (AuditRound10.Vec (@OfNat.ofNat.{0} Nat (nat_lit 1) (instOfNatNat (nat_lit 1))))
      (AuditRound10.Vec (@OfNat.ofNat.{0} Nat (nat_lit 1) (instOfNatNat (nat_lit 1))))
      (@Pi.addCommMonoid.{0, 0}
        (Fin
          (@HMul.hMul.{0, 0, 0} Nat Nat Nat (@instHMul.{0} Nat instMulNat)
            (@OfNat.ofNat.{0} Nat (nat_lit 2) (instOfNatNat (nat_lit 2)))
            (@OfNat.ofNat.{0} Nat (nat_lit 1) (instOfNatNat (nat_lit 1)))))
        (fun a => Real) fun i => Real.instAddCommMonoid)
      (@Pi.addCommMonoid.{0, 0}
        (Fin
          (@HMul.hMul.{0, 0, 0} Nat Nat Nat (@instHMul.{0} Nat instMulNat)
            (@OfNat.ofNat.{0} Nat (nat_lit 2) (instOfNatNat (nat_lit 2)))
            (@OfNat.ofNat.{0} Nat (nat_lit 1) (instOfNatNat (nat_lit 1)))))
        (fun a => Real) fun i => Real.instAddCommMonoid)
      (@Pi.Function.module.{0, 0, 0}
        (Fin
          (@HMul.hMul.{0, 0, 0} Nat Nat Nat (@instHMul.{0} Nat instMulNat)
            (@OfNat.ofNat.{0} Nat (nat_lit 2) (instOfNatNat (nat_lit 2)))
            (@OfNat.ofNat.{0} Nat (nat_lit 1) (instOfNatNat (nat_lit 1)))))
        Real Real Real.semiring Real.instAddCommMonoid (@Semiring.toModule.{0} Real Real.semiring))
      (@Pi.Function.module.{0, 0, 0}
        (Fin
          (@HMul.hMul.{0, 0, 0} Nat Nat Nat (@instHMul.{0} Nat instMulNat)
            (@OfNat.ofNat.{0} Nat (nat_lit 2) (instOfNatNat (nat_lit 2)))
            (@OfNat.ofNat.{0} Nat (nat_lit 1) (instOfNatNat (nat_lit 1)))))
        Real Real Real.semiring Real.instAddCommMonoid (@Semiring.toModule.{0} Real Real.semiring)))
    (AuditRound10.Vec (@OfNat.ofNat.{0} Nat (nat_lit 1) (instOfNatNat (nat_lit 1))))
    (fun x => AuditRound10.Vec (@OfNat.ofNat.{0} Nat (nat_lit 1) (instOfNatNat (nat_lit 1))))
    (@LinearMap.instFunLike.{0, 0, 0, 0} Real Real
      (AuditRound10.Vec (@OfNat.ofNat.{0} Nat (nat_lit 1) (instOfNatNat (nat_lit 1))))
      (AuditRound10.Vec (@OfNat.ofNat.{0} Nat (nat_lit 1) (instOfNatNat (nat_lit 1)))) Real.semiring Real.semiring
      (@Pi.addCommMonoid.{0, 0}
        (Fin
          (@HMul.hMul.{0, 0, 0} Nat Nat Nat (@instHMul.{0} Nat instMulNat)
            (@OfNat.ofNat.{0} Nat (nat_lit 2) (instOfNatNat (nat_lit 2)))
            (@OfNat.ofNat.{0} Nat (nat_lit 1) (instOfNatNat (nat_lit 1)))))
        (fun a => Real) fun i => Real.instAddCommMonoid)
      (@Pi.addCommMonoid.{0, 0}
        (Fin
          (@HMul.hMul.{0, 0, 0} Nat Nat Nat (@instHMul.{0} Nat instMulNat)
            (@OfNat.ofNat.{0} Nat (nat_lit 2) (instOfNatNat (nat_lit 2)))
            (@OfNat.ofNat.{0} Nat (nat_lit 1) (instOfNatNat (nat_lit 1)))))
        (fun a => Real) fun i => Real.instAddCommMonoid)
      (@Pi.Function.module.{0, 0, 0}
        (Fin
          (@HMul.hMul.{0, 0, 0} Nat Nat Nat (@instHMul.{0} Nat instMulNat)
            (@OfNat.ofNat.{0} Nat (nat_lit 2) (instOfNatNat (nat_lit 2)))
            (@OfNat.ofNat.{0} Nat (nat_lit 1) (instOfNatNat (nat_lit 1)))))
        Real Real Real.semiring Real.instAddCommMonoid (@Semiring.toModule.{0} Real Real.semiring))
      (@Pi.Function.module.{0, 0, 0}
        (Fin
          (@HMul.hMul.{0, 0, 0} Nat Nat Nat (@instHMul.{0} Nat instMulNat)
            (@OfNat.ofNat.{0} Nat (nat_lit 2) (instOfNatNat (nat_lit 2)))
            (@OfNat.ofNat.{0} Nat (nat_lit 1) (instOfNatNat (nat_lit 1)))))
        Real Real Real.semiring Real.instAddCommMonoid (@Semiring.toModule.{0} Real Real.semiring))
      (@RingHom.id.{0} Real (@Semiring.toNonAssocSemiring.{0} Real Real.semiring)))
    (@Neg.neg.{0}
      (@LinearMap.{0, 0, 0, 0} Real Real Real.semiring Real.semiring
        (@RingHom.id.{0} Real (@Semiring.toNonAssocSemiring.{0} Real Real.semiring))
        (AuditRound10.Vec (@OfNat.ofNat.{0} Nat (nat_lit 1) (instOfNatNat (nat_lit 1))))
        (AuditRound10.Vec (@OfNat.ofNat.{0} Nat (nat_lit 1) (instOfNatNat (nat_lit 1))))
        (@Pi.addCommMonoid.{0, 0}
          (Fin
            (@HMul.hMul.{0, 0, 0} Nat Nat Nat (@instHMul.{0} Nat instMulNat)
              (@OfNat.ofNat.{0} Nat (nat_lit 2) (instOfNatNat (nat_lit 2)))
              (@OfNat.ofNat.{0} Nat (nat_lit 1) (instOfNatNat (nat_lit 1)))))
          (fun a => Real) fun i => Real.instAddCommMonoid)
        (@Pi.addCommMonoid.{0, 0}
          (Fin
            (@HMul.hMul.{0, 0, 0} Nat Nat Nat (@instHMul.{0} Nat instMulNat)
              (@OfNat.ofNat.{0} Nat (nat_lit 2) (instOfNatNat (nat_lit 2)))
              (@OfNat.ofNat.{0} Nat (nat_lit 1) (instOfNatNat (nat_lit 1)))))
          (fun a => Real) fun i => Real.instAddCommMonoid)
        (@Pi.Function.module.{0, 0, 0}
          (Fin
            (@HMul.hMul.{0, 0, 0} Nat Nat Nat (@instHMul.{0} Nat instMulNat)
              (@OfNat.ofNat.{0} Nat (nat_lit 2) (instOfNatNat (nat_lit 2)))
              (@OfNat.ofNat.{0} Nat (nat_lit 1) (instOfNatNat (nat_lit 1)))))
          Real Real Real.semiring Real.instAddCommMonoid (@Semiring.toModule.{0} Real Real.semiring))
        (@Pi.Function.module.{0, 0, 0}
          (Fin
            (@HMul.hMul.{0, 0, 0} Nat Nat Nat (@instHMul.{0} Nat instMulNat)
              (@OfNat.ofNat.{0} Nat (nat_lit 2) (instOfNatNat (nat_lit 2)))
              (@OfNat.ofNat.{0} Nat (nat_lit 1) (instOfNatNat (nat_lit 1)))))
          Real Real Real.semiring Real.instAddCommMonoid (@Semiring.toModule.{0} Real Real.semiring)))
      (@LinearMap.instNeg.{0, 0, 0, 0} Real Real
        (AuditRound10.Vec (@OfNat.ofNat.{0} Nat (nat_lit 1) (instOfNatNat (nat_lit 1))))
        (AuditRound10.Vec (@OfNat.ofNat.{0} Nat (nat_lit 1) (instOfNatNat (nat_lit 1)))) Real.semiring Real.semiring
        (@Pi.addCommMonoid.{0, 0}
          (Fin
            (@HMul.hMul.{0, 0, 0} Nat Nat Nat (@instHMul.{0} Nat instMulNat)
              (@OfNat.ofNat.{0} Nat (nat_lit 2) (instOfNatNat (nat_lit 2)))
              (@OfNat.ofNat.{0} Nat (nat_lit 1) (instOfNatNat (nat_lit 1)))))
          (fun a => Real) fun i => Real.instAddCommMonoid)
        (@Pi.addCommGroup.{0, 0}
          (Fin
            (@HMul.hMul.{0, 0, 0} Nat Nat Nat (@instHMul.{0} Nat instMulNat)
              (@OfNat.ofNat.{0} Nat (nat_lit 2) (instOfNatNat (nat_lit 2)))
              (@OfNat.ofNat.{0} Nat (nat_lit 1) (instOfNatNat (nat_lit 1)))))
          (fun a => Real) fun i => Real.instAddCommGroup)
        (@Pi.Function.module.{0, 0, 0}
          (Fin
            (@HMul.hMul.{0, 0, 0} Nat Nat Nat (@instHMul.{0} Nat instMulNat)
              (@OfNat.ofNat.{0} Nat (nat_lit 2) (instOfNatNat (nat_lit 2)))
              (@OfNat.ofNat.{0} Nat (nat_lit 1) (instOfNatNat (nat_lit 1)))))
          Real Real Real.semiring Real.instAddCommMonoid (@Semiring.toModule.{0} Real Real.semiring))
        (@Pi.Function.module.{0, 0, 0}
          (Fin
            (@HMul.hMul.{0, 0, 0} Nat Nat Nat (@instHMul.{0} Nat instMulNat)
              (@OfNat.ofNat.{0} Nat (nat_lit 2) (instOfNatNat (nat_lit 2)))
              (@OfNat.ofNat.{0} Nat (nat_lit 1) (instOfNatNat (nat_lit 1)))))
          Real Real Real.semiring Real.instAddCommMonoid (@Semiring.toModule.{0} Real Real.semiring))
        (@RingHom.id.{0} Real (@Semiring.toNonAssocSemiring.{0} Real Real.semiring)))
      (AuditRound10.J (@OfNat.ofNat.{0} Nat (nat_lit 1) (instOfNatNat (nat_lit 1)))))
    fun x => @OfNat.ofNat.{0} Real (nat_lit 1) (@One.toOfNat1.{0} Real Real.instOne)) :=
fun h =>
  have hi :=
    @congrFun.{1, 1}
      (Fin
        (@HMul.hMul.{0, 0, 0} Nat Nat Nat (@instHMul.{0} Nat instMulNat)
          (@OfNat.ofNat.{0} Nat (nat_lit 2) (instOfNatNat (nat_lit 2)))
          (@OfNat.ofNat.{0} Nat (nat_lit 1) (instOfNatNat (nat_lit 1)))))
      (fun x => Real)
      (@DFunLike.coe.{1, 1, 1}
        (@LinearMap.{0, 0, 0, 0} Real Real Real.semiring Real.semiring
          (@RingHom.id.{0} Real (@Semiring.toNonAssocSemiring.{0} Real Real.semiring))
          (AuditRound10.Vec (@OfNat.ofNat.{0} Nat (nat_lit 1) (instOfNatNat (nat_lit 1))))
          (AuditRound10.Vec (@OfNat.ofNat.{0} Nat (nat_lit 1) (instOfNatNat (nat_lit 1))))
          (@Pi.addCommMonoid.{0, 0}
            (Fin
              (@HMul.hMul.{0, 0, 0} Nat Nat Nat (@instHMul.{0} Nat instMulNat)
                (@OfNat.ofNat.{0} Nat (nat_lit 2) (instOfNatNat (nat_lit 2)))
                (@OfNat.ofNat.{0} Nat (nat_lit 1) (instOfNatNat (nat_lit 1)))))
            (fun a => Real) fun i => Real.instAddCommMonoid)
          (@Pi.addCommMonoid.{0, 0}
            (Fin
              (@HMul.hMul.{0, 0, 0} Nat Nat Nat (@instHMul.{0} Nat instMulNat)
                (@OfNat.ofNat.{0} Nat (nat_lit 2) (instOfNatNat (nat_lit 2)))
                (@OfNat.ofNat.{0} Nat (nat_lit 1) (instOfNatNat (nat_lit 1)))))
            (fun a => Real) fun i => Real.instAddCommMonoid)
          (@Pi.Function.module.{0, 0, 0}
            (Fin
              (@HMul.hMul.{0, 0, 0} Nat Nat Nat (@instHMul.{0} Nat instMulNat)
                (@OfNat.ofNat.{0} Nat (nat_lit 2) (instOfNatNat (nat_lit 2)))
                (@OfNat.ofNat.{0} Nat (nat_lit 1) (instOfNatNat (nat_lit 1)))))
            Real Real Real.semiring Real.instAddCommMonoid (@Semiring.toModule.{0} Real Real.semiring))
          (@Pi.Function.module.{0, 0, 0}
            (Fin
              (@HMul.hMul.{0, 0, 0} Nat Nat Nat (@instHMul.{0} Nat instMulNat)
                (@OfNat.ofNat.{0} Nat (nat_lit 2) (instOfNatNat (nat_lit 2)))
                (@OfNat.ofNat.{0} Nat (nat_lit 1) (instOfNatNat (nat_lit 1)))))
            Real Real Real.semiring Real.instAddCommMonoid (@Semiring.toModule.{0} Real Real.semiring)))
        (AuditRound10.Vec (@OfNat.ofNat.{0} Nat (nat_lit 1) (instOfNatNat (nat_lit 1))))
        (fun x => AuditRound10.Vec (@OfNat.ofNat.{0} Nat (nat_lit 1) (instOfNatNat (nat_lit 1))))
        (@LinearMap.instFunLike.{0, 0, 0, 0} Real Real
          (AuditRound10.Vec (@OfNat.ofNat.{0} Nat (nat_lit 1) (instOfNatNat (nat_lit 1))))
          (AuditRound10.Vec (@OfNat.ofNat.{0} Nat (nat_lit 1) (instOfNatNat (nat_lit 1)))) Real.semiring Real.semiring
          (@Pi.addCommMonoid.{0, 0}
            (Fin
              (@HMul.hMul.{0, 0, 0} Nat Nat Nat (@instHMul.{0} Nat instMulNat)
                (@OfNat.ofNat.{0} Nat (nat_lit 2) (instOfNatNat (nat_lit 2)))
                (@OfNat.ofNat.{0} Nat (nat_lit 1) (instOfNatNat (nat_lit 1)))))
            (fun a => Real) fun i => Real.instAddCommMonoid)
          (@Pi.addCommMonoid.{0, 0}
            (Fin
              (@HMul.hMul.{0, 0, 0} Nat Nat Nat (@instHMul.{0} Nat instMulNat)
                (@OfNat.ofNat.{0} Nat (nat_lit 2) (instOfNatNat (nat_lit 2)))
                (@OfNat.ofNat.{0} Nat (nat_lit 1) (instOfNatNat (nat_lit 1)))))
            (fun a => Real) fun i => Real.instAddCommMonoid)
          (@Pi.Function.module.{0, 0, 0}
            (Fin
              (@HMul.hMul.{0, 0, 0} Nat Nat Nat (@instHMul.{0} Nat instMulNat)
                (@OfNat.ofNat.{0} Nat (nat_lit 2) (instOfNatNat (nat_lit 2)))
                (@OfNat.ofNat.{0} Nat (nat_lit 1) (instOfNatNat (nat_lit 1)))))
            Real Real Real.semiring Real.instAddCommMonoid (@Semiring.toModule.{0} Real Real.semiring))
          (@Pi.Function.module.{0, 0, 0}
            (Fin
              (@HMul.hMul.{0, 0, 0} Nat Nat Nat (@instHMul.{0} Nat instMulNat)
                (@OfNat.ofNat.{0} Nat (nat_lit 2) (instOfNatNat (nat_lit 2)))
                (@OfNat.ofNat.{0} Nat (nat_lit 1) (instOfNatNat (nat_lit 1)))))
            Real Real Real.semiring Real.instAddCommMonoid (@Semiring.toModule.{0} Real Real.semiring))
          (@RingHom.id.{0} Real (@Semiring.toNonAssocSemiring.{0} Real Real.semiring)))
        (@Neg.neg.{0}
          (@LinearMap.{0, 0, 0, 0} Real Real Real.semiring Real.semiring
            (@RingHom.id.{0} Real (@Semiring.toNonAssocSemiring.{0} Real Real.semiring))
            (AuditRound10.Vec (@OfNat.ofNat.{0} Nat (nat_lit 1) (instOfNatNat (nat_lit 1))))
            (AuditRound10.Vec (@OfNat.ofNat.{0} Nat (nat_lit 1) (instOfNatNat (nat_lit 1))))
            (@Pi.addCommMonoid.{0, 0}
              (Fin
                (@HMul.hMul.{0, 0, 0} Nat Nat Nat (@instHMul.{0} Nat instMulNat)
                  (@OfNat.ofNat.{0} Nat (nat_lit 2) (instOfNatNat (nat_lit 2)))
                  (@OfNat.ofNat.{0} Nat (nat_lit 1) (instOfNatNat (nat_lit 1)))))
              (fun a => Real) fun i => Real.instAddCommMonoid)
            (@Pi.addCommMonoid.{0, 0}
              (Fin
                (@HMul.hMul.{0, 0, 0} Nat Nat Nat (@instHMul.{0} Nat instMulNat)
                  (@OfNat.ofNat.{0} Nat (nat_lit 2) (instOfNatNat (nat_lit 2)))
                  (@OfNat.ofNat.{0} Nat (nat_lit 1) (instOfNatNat (nat_lit 1)))))
              (fun a => Real) fun i => Real.instAddCommMonoid)
            (@Pi.Function.module.{0, 0, 0}
              (Fin
                (@HMul.hMul.{0, 0, 0} Nat Nat Nat (@instHMul.{0} Nat instMulNat)
                  (@OfNat.ofNat.{0} Nat (nat_lit 2) (instOfNatNat (nat_lit 2)))
                  (@OfNat.ofNat.{0} Nat (nat_lit 1) (instOfNatNat (nat_lit 1)))))
              Real Real Real.semiring Real.instAddCommMonoid (@Semiring.toModule.{0} Real Real.semiring))
            (@Pi.Function.module.{0, 0, 0}
              (Fin
                (@HMul.hMul.{0, 0, 0} Nat Nat Nat (@instHMul.{0} Nat instMulNat)
                  (@OfNat.ofNat.{0} Nat (nat_lit 2) (instOfNatNat (nat_lit 2)))
                  (@OfNat.ofNat.{0} Nat (nat_lit 1) (instOfNatNat (nat_lit 1)))))
              Real Real Real.semiring Real.instAddCommMonoid (@Semiring.toModule.{0} Real Real.semiring)))
          (@LinearMap.instNeg.{0, 0, 0, 0} Real Real
            (AuditRound10.Vec (@OfNat.ofNat.{0} Nat (nat_lit 1) (instOfNatNat (nat_lit 1))))
            (AuditRound10.Vec (@OfNat.ofNat.{0} Nat (nat_lit 1) (instOfNatNat (nat_lit 1)))) Real.semiring Real.semiring
            (@Pi.addCommMonoid.{0, 0}
              (Fin
                (@HMul.hMul.{0, 0, 0} Nat Nat Nat (@instHMul.{0} Nat instMulNat)
                  (@OfNat.ofNat.{0} Nat (nat_lit 2) (instOfNatNat (nat_lit 2)))
                  (@OfNat.ofNat.{0} Nat (nat_lit 1) (instOfNatNat (nat_lit 1)))))
              (fun a => Real) fun i => Real.instAddCommMonoid)
            (@Pi.addCommGroup.{0, 0}
              (Fin
                (@HMul.hMul.{0, 0, 0} Nat Nat Nat (@instHMul.{0} Nat instMulNat)
                  (@OfNat.ofNat.{0} Nat (nat_lit 2) (instOfNatNat (nat_lit 2)))
                  (@OfNat.ofNat.{0} Nat (nat_lit 1) (instOfNatNat (nat_lit 1)))))
              (fun a => Real) fun i => Real.instAddCommGroup)
            (@Pi.Function.module.{0, 0, 0}
              (Fin
                (@HMul.hMul.{0, 0, 0} Nat Nat Nat (@instHMul.{0} Nat instMulNat)
                  (@OfNat.ofNat.{0} Nat (nat_lit 2) (instOfNatNat (nat_lit 2)))
                  (@OfNat.ofNat.{0} Nat (nat_lit 1) (instOfNatNat (nat_lit 1)))))
              Real Real Real.semiring Real.instAddCommMonoid (@Semiring.toModule.{0} Real Real.semiring))
            (@Pi.Function.module.{0, 0, 0}
              (Fin
                (@HMul.hMul.{0, 0, 0} Nat Nat Nat (@instHMul.{0} Nat instMulNat)
                  (@OfNat.ofNat.{0} Nat (nat_lit 2) (instOfNatNat (nat_lit 2)))
                  (@OfNat.ofNat.{0} Nat (nat_lit 1) (instOfNatNat (nat_lit 1)))))
              Real Real Real.semiring Real.instAddCommMonoid (@Semiring.toModule.{0} Real Real.semiring))
            (@RingHom.id.{0} Real (@Semiring.toNonAssocSemiring.{0} Real Real.semiring)))
          (AuditRound10.J (@OfNat.ofNat.{0} Nat (nat_lit 1) (instOfNatNat (nat_lit 1)))))
        (@DFunLike.coe.{1, 1, 1}
          (@LinearMap.{0, 0, 0, 0} Real Real Real.semiring Real.semiring
            (@RingHom.id.{0} Real (@Semiring.toNonAssocSemiring.{0} Real Real.semiring))
            (AuditRound10.Vec (@OfNat.ofNat.{0} Nat (nat_lit 1) (instOfNatNat (nat_lit 1))))
            (AuditRound10.Vec (@OfNat.ofNat.{0} Nat (nat_lit 1) (instOfNatNat (nat_lit 1))))
            (@Pi.addCommMonoid.{0, 0}
              (Fin
                (@HMul.hMul.{0, 0, 0} Nat Nat Nat (@instHMul.{0} Nat instMulNat)
                  (@OfNat.ofNat.{0} Nat (nat_lit 2) (instOfNatNat (nat_lit 2)))
                  (@OfNat.ofNat.{0} Nat (nat_lit 1) (instOfNatNat (nat_lit 1)))))
              (fun a => Real) fun i => Real.instAddCommMonoid)
            (@Pi.addCommMonoid.{0, 0}
              (Fin
                (@HMul.hMul.{0, 0, 0} Nat Nat Nat (@instHMul.{0} Nat instMulNat)
                  (@OfNat.ofNat.{0} Nat (nat_lit 2) (instOfNatNat (nat_lit 2)))
                  (@OfNat.ofNat.{0} Nat (nat_lit 1) (instOfNatNat (nat_lit 1)))))
              (fun a => Real) fun i => Real.instAddCommMonoid)
            (@Pi.Function.module.{0, 0, 0}
              (Fin
                (@HMul.hMul.{0, 0, 0} Nat Nat Nat (@instHMul.{0} Nat instMulNat)
                  (@OfNat.ofNat.{0} Nat (nat_lit 2) (instOfNatNat (nat_lit 2)))
                  (@OfNat.ofNat.{0} Nat (nat_lit 1) (instOfNatNat (nat_lit 1)))))
              Real Real Real.semiring Real.instAddCommMonoid (@Semiring.toModule.{0} Real Real.semiring))
            (@Pi.Function.module.{0, 0, 0}
              (Fin
                (@HMul.hMul.{0, 0, 0} Nat Nat Nat (@instHMul.{0} Nat instMulNat)
                  (@OfNat.ofNat.{0} Nat (nat_lit 2) (instOfNatNat (nat_lit 2)))
                  (@OfNat.ofNat.{0} Nat (nat_lit 1) (instOfNatNat (nat_lit 1)))))
              Real Real Real.semiring Real.instAddCommMonoid (@Semiring.toModule.{0} Real Real.semiring)))
          (AuditRound10.Vec (@OfNat.ofNat.{0} Nat (nat_lit 1) (instOfNatNat (nat_lit 1))))
          (fun x => AuditRound10.Vec (@OfNat.ofNat.{0} Nat (nat_lit 1) (instOfNatNat (nat_lit 1))))
          (@LinearMap.instFunLike.{0, 0, 0, 0} Real Real
            (AuditRound10.Vec (@OfNat.ofNat.{0} Nat (nat_lit 1) (instOfNatNat (nat_lit 1))))
            (AuditRound10.Vec (@OfNat.ofNat.{0} Nat (nat_lit 1) (instOfNatNat (nat_lit 1)))) Real.semiring Real.semiring
            (@Pi.addCommMonoid.{0, 0}
              (Fin
                (@HMul.hMul.{0, 0, 0} Nat Nat Nat (@instHMul.{0} Nat instMulNat)
                  (@OfNat.ofNat.{0} Nat (nat_lit 2) (instOfNatNat (nat_lit 2)))
                  (@OfNat.ofNat.{0} Nat (nat_lit 1) (instOfNatNat (nat_lit 1)))))
              (fun a => Real) fun i => Real.instAddCommMonoid)
            (@Pi.addCommMonoid.{0, 0}
              (Fin
                (@HMul.hMul.{0, 0, 0} Nat Nat Nat (@instHMul.{0} Nat instMulNat)
                  (@OfNat.ofNat.{0} Nat (nat_lit 2) (instOfNatNat (nat_lit 2)))
                  (@OfNat.ofNat.{0} Nat (nat_lit 1) (instOfNatNat (nat_lit 1)))))
              (fun a => Real) fun i => Real.instAddCommMonoid)
            (@Pi.Function.module.{0, 0, 0}
              (Fin
                (@HMul.hMul.{0, 0, 0} Nat Nat Nat (@instHMul.{0} Nat instMulNat)
                  (@OfNat.ofNat.{0} Nat (nat_lit 2) (instOfNatNat (nat_lit 2)))
                  (@OfNat.ofNat.{0} Nat (nat_lit 1) (instOfNatNat (nat_lit 1)))))
              Real Real Real.semiring Real.instAddCommMonoid (@Semiring.toModule.{0} Real Real.semiring))
            (@Pi.Function.module.{0, 0, 0}
              (Fin
                (@HMul.hMul.{0, 0, 0} Nat Nat Nat (@instHMul.{0} Nat instMulNat)
                  (@OfNat.ofNat.{0} Nat (nat_lit 2) (instOfNatNat (nat_lit 2)))
                  (@OfNat.ofNat.{0} Nat (nat_lit 1) (instOfNatNat (nat_lit 1)))))
              Real Real Real.semiring Real.instAddCommMonoid (@Semiring.toModule.{0} Real Real.semiring))
            (@RingHom.id.{0} Real (@Semiring.toNonAssocSemiring.{0} Real Real.semiring)))
          (@Neg.neg.{0}
            (@LinearMap.{0, 0, 0, 0} Real Real Real.semiring Real.semiring
              (@RingHom.id.{0} Real (@Semiring.toNonAssocSemiring.{0} Real Real.semiring))
              (AuditRound10.Vec (@OfNat.ofNat.{0} Nat (nat_lit 1) (instOfNatNat (nat_lit 1))))
              (AuditRound10.Vec (@OfNat.ofNat.{0} Nat (nat_lit 1) (instOfNatNat (nat_lit 1))))
              (@Pi.addCommMonoid.{0, 0}
                (Fin
                  (@HMul.hMul.{0, 0, 0} Nat Nat Nat (@instHMul.{0} Nat instMulNat)
                    (@OfNat.ofNat.{0} Nat (nat_lit 2) (instOfNatNat (nat_lit 2)))
                    (@OfNat.ofNat.{0} Nat (nat_lit 1) (instOfNatNat (nat_lit 1)))))
                (fun a => Real) fun i => Real.instAddCommMonoid)
              (@Pi.addCommMonoid.{0, 0}
                (Fin
                  (@HMul.hMul.{0, 0, 0} Nat Nat Nat (@instHMul.{0} Nat instMulNat)
                    (@OfNat.ofNat.{0} Nat (nat_lit 2) (instOfNatNat (nat_lit 2)))
                    (@OfNat.ofNat.{0} Nat (nat_lit 1) (instOfNatNat (nat_lit 1)))))
                (fun a => Real) fun i => Real.instAddCommMonoid)
              (@Pi.Function.module.{0, 0, 0}
                (Fin
                  (@HMul.hMul.{0, 0, 0} Nat Nat Nat (@instHMul.{0} Nat instMulNat)
                    (@OfNat.ofNat.{0} Nat (nat_lit 2) (instOfNatNat (nat_lit 2)))
                    (@OfNat.ofNat.{0} Nat (nat_lit 1) (instOfNatNat (nat_lit 1)))))
                Real Real Real.semiring Real.instAddCommMonoid (@Semiring.toModule.{0} Real Real.semiring))
              (@Pi.Function.module.{0, 0, 0}
                (Fin
                  (@HMul.hMul.{0, 0, 0} Nat Nat Nat (@instHMul.{0} Nat instMulNat)
                    (@OfNat.ofNat.{0} Nat (nat_lit 2) (instOfNatNat (nat_lit 2)))
                    (@OfNat.ofNat.{0} Nat (nat_lit 1) (instOfNatNat (nat_lit 1)))))
                Real Real Real.semiring Real.instAddCommMonoid (@Semiring.toModule.{0} Real Real.semiring)))
            (@LinearMap.instNeg.{0, 0, 0, 0} Real Real
              (AuditRound10.Vec (@OfNat.ofNat.{0} Nat (nat_lit 1) (instOfNatNat (nat_lit 1))))
              (AuditRound10.Vec (@OfNat.ofNat.{0} Nat (nat_lit 1) (instOfNatNat (nat_lit 1)))) Real.semiring
              Real.semiring
              (@Pi.addCommMonoid.{0, 0}
                (Fin
                  (@HMul.hMul.{0, 0, 0} Nat Nat Nat (@instHMul.{0} Nat instMulNat)
                    (@OfNat.ofNat.{0} Nat (nat_lit 2) (instOfNatNat (nat_lit 2)))
                    (@OfNat.ofNat.{0} Nat (nat_lit 1) (instOfNatNat (nat_lit 1)))))
                (fun a => Real) fun i => Real.instAddCommMonoid)
              (@Pi.addCommGroup.{0, 0}
                (Fin
                  (@HMul.hMul.{0, 0, 0} Nat Nat Nat (@instHMul.{0} Nat instMulNat)
                    (@OfNat.ofNat.{0} Nat (nat_lit 2) (instOfNatNat (nat_lit 2)))
                    (@OfNat.ofNat.{0} Nat (nat_lit 1) (instOfNatNat (nat_lit 1)))))
                (fun a => Real) fun i => Real.instAddCommGroup)
              (@Pi.Function.module.{0, 0, 0}
                (Fin
                  (@HMul.hMul.{0, 0, 0} Nat Nat Nat (@instHMul.{0} Nat instMulNat)
                    (@OfNat.ofNat.{0} Nat (nat_lit 2) (instOfNatNat (nat_lit 2)))
                    (@OfNat.ofNat.{0} Nat (nat_lit 1) (instOfNatNat (nat_lit 1)))))
                Real Real Real.semiring Real.instAddCommMonoid (@Semiring.toModule.{0} Real Real.semiring))
              (@Pi.Function.module.{0, 0, 0}
                (Fin
                  (@HMul.hMul.{0, 0, 0} Nat Nat Nat (@instHMul.{0} Nat instMulNat)
                    (@OfNat.ofNat.{0} Nat (nat_lit 2) (instOfNatNat (nat_lit 2)))
                    (@OfNat.ofNat.{0} Nat (nat_lit 1) (instOfNatNat (nat_lit 1)))))
                Real Real Real.semiring Real.instAddCommMonoid (@Semiring.toModule.{0} Real Real.semiring))
              (@RingHom.id.{0} Real (@Semiring.toNonAssocSemiring.{0} Real Real.semiring)))
            (AuditRound10.J (@OfNat.ofNat.{0} Nat (nat_lit 1) (instOfNatNat (nat_lit 1)))))
          fun x => @OfNat.ofNat.{0} Real (nat_lit 1) (@One.toOfNat1.{0} Real Real.instOne)))
      (@DFunLike.coe.{1, 1, 1}
        (@LinearMap.{0, 0, 0, 0} Real Real Real.semiring Real.semiring
          (@RingHom.id.{0} Real (@Semiring.toNonAssocSemiring.{0} Real Real.semiring))
          (AuditRound10.Vec (@OfNat.ofNat.{0} Nat (nat_lit 1) (instOfNatNat (nat_lit 1))))
          (AuditRound10.Vec (@OfNat.ofNat.{0} Nat (nat_lit 1) (instOfNatNat (nat_lit 1))))
          (@Pi.addCommMonoid.{0, 0}
            (Fin
              (@HMul.hMul.{0, 0, 0} Nat Nat Nat (@instHMul.{0} Nat instMulNat)
                (@OfNat.ofNat.{0} Nat (nat_lit 2) (instOfNatNat (nat_lit 2)))
                (@OfNat.ofNat.{0} Nat (nat_lit 1) (instOfNatNat (nat_lit 1)))))
            (fun a => Real) fun i => Real.instAddCommMonoid)
          (@Pi.addCommMonoid.{0, 0}
            (Fin
              (@HMul.hMul.{0, 0, 0} Nat Nat Nat (@instHMul.{0} Nat instMulNat)
                (@OfNat.ofNat.{0} Nat (nat_lit 2) (instOfNatNat (nat_lit 2)))
                (@OfNat.ofNat.{0} Nat (nat_lit 1) (instOfNatNat (nat_lit 1)))))
            (fun a => Real) fun i => Real.instAddCommMonoid)
          (@Pi.Function.module.{0, 0, 0}
            (Fin
              (@HMul.hMul.{0, 0, 0} Nat Nat Nat (@instHMul.{0} Nat instMulNat)
                (@OfNat.ofNat.{0} Nat (nat_lit 2) (instOfNatNat (nat_lit 2)))
                (@OfNat.ofNat.{0} Nat (nat_lit 1) (instOfNatNat (nat_lit 1)))))
            Real Real Real.semiring Real.instAddCommMonoid (@Semiring.toModule.{0} Real Real.semiring))
          (@Pi.Function.module.{0, 0, 0}
            (Fin
              (@HMul.hMul.{0, 0, 0} Nat Nat Nat (@instHMul.{0} Nat instMulNat)
                (@OfNat.ofNat.{0} Nat (nat_lit 2) (instOfNatNat (nat_lit 2)))
                (@OfNat.ofNat.{0} Nat (nat_lit 1) (instOfNatNat (nat_lit 1)))))
            Real Real Real.semiring Real.instAddCommMonoid (@Semiring.toModule.{0} Real Real.semiring)))
        (AuditRound10.Vec (@OfNat.ofNat.{0} Nat (nat_lit 1) (instOfNatNat (nat_lit 1))))
        (fun x => AuditRound10.Vec (@OfNat.ofNat.{0} Nat (nat_lit 1) (instOfNatNat (nat_lit 1))))
        (@LinearMap.instFunLike.{0, 0, 0, 0} Real Real
          (AuditRound10.Vec (@OfNat.ofNat.{0} Nat (nat_lit 1) (instOfNatNat (nat_lit 1))))
          (AuditRound10.Vec (@OfNat.ofNat.{0} Nat (nat_lit 1) (instOfNatNat (nat_lit 1)))) Real.semiring Real.semiring
          (@Pi.addCommMonoid.{0, 0}
            (Fin
              (@HMul.hMul.{0, 0, 0} Nat Nat Nat (@instHMul.{0} Nat instMulNat)
                (@OfNat.ofNat.{0} Nat (nat_lit 2) (instOfNatNat (nat_lit 2)))
                (@OfNat.ofNat.{0} Nat (nat_lit 1) (instOfNatNat (nat_lit 1)))))
            (fun a => Real) fun i => Real.instAddCommMonoid)
          (@Pi.addCommMonoid.{0, 0}
            (Fin
              (@HMul.hMul.{0, 0, 0} Nat Nat Nat (@instHMul.{0} Nat instMulNat)
                (@OfNat.ofNat.{0} Nat (nat_lit 2) (instOfNatNat (nat_lit 2)))
                (@OfNat.ofNat.{0} Nat (nat_lit 1) (instOfNatNat (nat_lit 1)))))
            (fun a => Real) fun i => Real.instAddCommMonoid)
          (@Pi.Function.module.{0, 0, 0}
            (Fin
              (@HMul.hMul.{0, 0, 0} Nat Nat Nat (@instHMul.{0} Nat instMulNat)
                (@OfNat.ofNat.{0} Nat (nat_lit 2) (instOfNatNat (nat_lit 2)))
                (@OfNat.ofNat.{0} Nat (nat_lit 1) (instOfNatNat (nat_lit 1)))))
            Real Real Real.semiring Real.instAddCommMonoid (@Semiring.toModule.{0} Real Real.semiring))
          (@Pi.Function.module.{0, 0, 0}
            (Fin
              (@HMul.hMul.{0, 0, 0} Nat Nat Nat (@instHMul.{0} Nat instMulNat)
                (@OfNat.ofNat.{0} Nat (nat_lit 2) (instOfNatNat (nat_lit 2)))
                (@OfNat.ofNat.{0} Nat (nat_lit 1) (instOfNatNat (nat_lit 1)))))
            Real Real Real.semiring Real.instAddCommMonoid (@Semiring.toModule.{0} Real Real.semiring))
          (@RingHom.id.{0} Real (@Semiring.toNonAssocSemiring.{0} Real Real.semiring)))
        (@Neg.neg.{0}
          (@LinearMap.{0, 0, 0, 0} Real Real Real.semiring Real.semiring
            (@RingHom.id.{0} Real (@Semiring.toNonAssocSemiring.{0} Real Real.semiring))
            (AuditRound10.Vec (@OfNat.ofNat.{0} Nat (nat_lit 1) (instOfNatNat (nat_lit 1))))
            (AuditRound10.Vec (@OfNat.ofNat.{0} Nat (nat_lit 1) (instOfNatNat (nat_lit 1))))
            (@Pi.addCommMonoid.{0, 0}
              (Fin
                (@HMul.hMul.{0, 0, 0} Nat Nat Nat (@instHMul.{0} Nat instMulNat)
                  (@OfNat.ofNat.{0} Nat (nat_lit 2) (instOfNatNat (nat_lit 2)))
                  (@OfNat.ofNat.{0} Nat (nat_lit 1) (instOfNatNat (nat_lit 1)))))
              (fun a => Real) fun i => Real.instAddCommMonoid)
            (@Pi.addCommMonoid.{0, 0}
              (Fin
                (@HMul.hMul.{0, 0, 0} Nat Nat Nat (@instHMul.{0} Nat instMulNat)
                  (@OfNat.ofNat.{0} Nat (nat_lit 2) (instOfNatNat (nat_lit 2)))
                  (@OfNat.ofNat.{0} Nat (nat_lit 1) (instOfNatNat (nat_lit 1)))))
              (fun a => Real) fun i => Real.instAddCommMonoid)
            (@Pi.Function.module.{0, 0, 0}
              (Fin
                (@HMul.hMul.{0, 0, 0} Nat Nat Nat (@instHMul.{0} Nat instMulNat)
                  (@OfNat.ofNat.{0} Nat (nat_lit 2) (instOfNatNat (nat_lit 2)))
                  (@OfNat.ofNat.{0} Nat (nat_lit 1) (instOfNatNat (nat_lit 1)))))
              Real Real Real.semiring Real.instAddCommMonoid (@Semiring.toModule.{0} Real Real.semiring))
            (@Pi.Function.module.{0, 0, 0}
              (Fin
                (@HMul.hMul.{0, 0, 0} Nat Nat Nat (@instHMul.{0} Nat instMulNat)
                  (@OfNat.ofNat.{0} Nat (nat_lit 2) (instOfNatNat (nat_lit 2)))
                  (@OfNat.ofNat.{0} Nat (nat_lit 1) (instOfNatNat (nat_lit 1)))))
              Real Real Real.semiring Real.instAddCommMonoid (@Semiring.toModule.{0} Real Real.semiring)))
          (@LinearMap.instNeg.{0, 0, 0, 0} Real Real
            (AuditRound10.Vec (@OfNat.ofNat.{0} Nat (nat_lit 1) (instOfNatNat (nat_lit 1))))
            (AuditRound10.Vec (@OfNat.ofNat.{0} Nat (nat_lit 1) (instOfNatNat (nat_lit 1)))) Real.semiring Real.semiring
            (@Pi.addCommMonoid.{0, 0}
              (Fin
                (@HMul.hMul.{0, 0, 0} Nat Nat Nat (@instHMul.{0} Nat instMulNat)
                  (@OfNat.ofNat.{0} Nat (nat_lit 2) (instOfNatNat (nat_lit 2)))
                  (@OfNat.ofNat.{0} Nat (nat_lit 1) (instOfNatNat (nat_lit 1)))))
              (fun a => Real) fun i => Real.instAddCommMonoid)
            (@Pi.addCommGroup.{0, 0}
              (Fin
                (@HMul.hMul.{0, 0, 0} Nat Nat Nat (@instHMul.{0} Nat instMulNat)
                  (@OfNat.ofNat.{0} Nat (nat_lit 2) (instOfNatNat (nat_lit 2)))
                  (@OfNat.ofNat.{0} Nat (nat_lit 1) (instOfNatNat (nat_lit 1)))))
              (fun a => Real) fun i => Real.instAddCommGroup)
            (@Pi.Function.module.{0, 0, 0}
              (Fin
                (@HMul.hMul.{0, 0, 0} Nat Nat Nat (@instHMul.{0} Nat instMulNat)
                  (@OfNat.ofNat.{0} Nat (nat_lit 2) (instOfNatNat (nat_lit 2)))
                  (@OfNat.ofNat.{0} Nat (nat_lit 1) (instOfNatNat (nat_lit 1)))))
              Real Real Real.semiring Real.instAddCommMonoid (@Semiring.toModule.{0} Real Real.semiring))
            (@Pi.Function.module.{0, 0, 0}
              (Fin
                (@HMul.hMul.{0, 0, 0} Nat Nat Nat (@instHMul.{0} Nat instMulNat)
                  (@OfNat.ofNat.{0} Nat (nat_lit 2) (instOfNatNat (nat_lit 2)))
                  (@OfNat.ofNat.{0} Nat (nat_lit 1) (instOfNatNat (nat_lit 1)))))
              Real Real Real.semiring Real.instAddCommMonoid (@Semiring.toModule.{0} Real Real.semiring))
            (@RingHom.id.{0} Real (@Semiring.toNonAssocSemiring.{0} Real Real.semiring)))
          (AuditRound10.J (@OfNat.ofNat.{0} Nat (nat_lit 1) (instOfNatNat (nat_lit 1)))))
        fun x => @OfNat.ofNat.{0} Real (nat_lit 1) (@One.toOfNat1.{0} Real Real.instOne))
      h
      (@OfNat.ofNat.{0}
        (Fin
          (@HMul.hMul.{0, 0, 0} Nat Nat Nat (@instHMul.{0} Nat instMulNat)
            (@OfNat.ofNat.{0} Nat (nat_lit 2) (instOfNatNat (nat_lit 2)))
            (@OfNat.ofNat.{0} Nat (nat_lit 1) (instOfNatNat (nat_lit 1)))))
        (nat_lit 0)
        (@Fin.instOfNat
          (@HMul.hMul.{0, 0, 0} Nat Nat Nat (@instHMul.{0} Nat instMulNat)
            (@OfNat.ofNat.{0} Nat (nat_lit 2) (instOfNatNat (nat_lit 2)))
            (@OfNat.ofNat.{0} Nat (nat_lit 1) (instOfNatNat (nat_lit 1))))
          (@instNeZeroNatHMul (@OfNat.ofNat.{0} Nat (nat_lit 2) (instOfNatNat (nat_lit 2)))
            (@OfNat.ofNat.{0} Nat (nat_lit 1) (instOfNatNat (nat_lit 1)))
            (@Nat.instNeZeroSucc (@OfNat.ofNat.{0} Nat (nat_lit 1) (instOfNatNat (nat_lit 1))))
            (@Nat.instNeZeroSucc (@OfNat.ofNat.{0} Nat (nat_lit 0) (instOfNatNat (nat_lit 0)))))
          (nat_lit 0)));
  @False.elim.{0} False
    (@Eq.mp.{0}
      (@Eq.{1} Real
        (@DFunLike.coe.{1, 1, 1}
          (@LinearMap.{0, 0, 0, 0} Real Real Real.semiring Real.semiring
            (@RingHom.id.{0} Real (@Semiring.toNonAssocSemiring.{0} Real Real.semiring))
            (AuditRound10.Vec (@OfNat.ofNat.{0} Nat (nat_lit 1) (instOfNatNat (nat_lit 1))))
            (AuditRound10.Vec (@OfNat.ofNat.{0} Nat (nat_lit 1) (instOfNatNat (nat_lit 1))))
            (@Pi.addCommMonoid.{0, 0}
              (Fin
                (@HMul.hMul.{0, 0, 0} Nat Nat Nat (@instHMul.{0} Nat instMulNat)
                  (@OfNat.ofNat.{0} Nat (nat_lit 2) (instOfNatNat (nat_lit 2)))
                  (@OfNat.ofNat.{0} Nat (nat_lit 1) (instOfNatNat (nat_lit 1)))))
              (fun a => Real) fun i => Real.instAddCommMonoid)
            (@Pi.addCommMonoid.{0, 0}
              (Fin
                (@HMul.hMul.{0, 0, 0} Nat Nat Nat (@instHMul.{0} Nat instMulNat)
                  (@OfNat.ofNat.{0} Nat (nat_lit 2) (instOfNatNat (nat_lit 2)))
                  (@OfNat.ofNat.{0} Nat (nat_lit 1) (instOfNatNat (nat_lit 1)))))
              (fun a => Real) fun i => Real.instAddCommMonoid)
            (@Pi.Function.module.{0, 0, 0}
              (Fin
                (@HMul.hMul.{0, 0, 0} Nat Nat Nat (@instHMul.{0} Nat instMulNat)
                  (@OfNat.ofNat.{0} Nat (nat_lit 2) (instOfNatNat (nat_lit 2)))
                  (@OfNat.ofNat.{0} Nat (nat_lit 1) (instOfNatNat (nat_lit 1)))))
              Real Real Real.semiring Real.instAddCommMonoid (@Semiring.toModule.{0} Real Real.semiring))
            (@Pi.Function.module.{0, 0, 0}
              (Fin
                (@HMul.hMul.{0, 0, 0} Nat Nat Nat (@instHMul.{0} Nat instMulNat)
                  (@OfNat.ofNat.{0} Nat (nat_lit 2) (instOfNatNat (nat_lit 2)))
                  (@OfNat.ofNat.{0} Nat (nat_lit 1) (instOfNatNat (nat_lit 1)))))
              Real Real Real.semiring Real.instAddCommMonoid (@Semiring.toModule.{0} Real Real.semiring)))
          (AuditRound10.Vec (@OfNat.ofNat.{0} Nat (nat_lit 1) (instOfNatNat (nat_lit 1))))
          (fun x => AuditRound10.Vec (@OfNat.ofNat.{0} Nat (nat_lit 1) (instOfNatNat (nat_lit 1))))
          (@LinearMap.instFunLike.{0, 0, 0, 0} Real Real
            (AuditRound10.Vec (@OfNat.ofNat.{0} Nat (nat_lit 1) (instOfNatNat (nat_lit 1))))
            (AuditRound10.Vec (@OfNat.ofNat.{0} Nat (nat_lit 1) (instOfNatNat (nat_lit 1)))) Real.semiring Real.semiring
            (@Pi.addCommMonoid.{0, 0}
              (Fin
                (@HMul.hMul.{0, 0, 0} Nat Nat Nat (@instHMul.{0} Nat instMulNat)
                  (@OfNat.ofNat.{0} Nat (nat_lit 2) (instOfNatNat (nat_lit 2)))
                  (@OfNat.ofNat.{0} Nat (nat_lit 1) (instOfNatNat (nat_lit 1)))))
              (fun a => Real) fun i => Real.instAddCommMonoid)
            (@Pi.addCommMonoid.{0, 0}
              (Fin
                (@HMul.hMul.{0, 0, 0} Nat Nat Nat (@instHMul.{0} Nat instMulNat)
                  (@OfNat.ofNat.{0} Nat (nat_lit 2) (instOfNatNat (nat_lit 2)))
                  (@OfNat.ofNat.{0} Nat (nat_lit 1) (instOfNatNat (nat_lit 1)))))
              (fun a => Real) fun i => Real.instAddCommMonoid)
            (@Pi.Function.module.{0, 0, 0}
              (Fin
                (@HMul.hMul.{0, 0, 0} Nat Nat Nat (@instHMul.{0} Nat instMulNat)
                  (@OfNat.ofNat.{0} Nat (nat_lit 2) (instOfNatNat (nat_lit 2)))
                  (@OfNat.ofNat.{0} Nat (nat_lit 1) (instOfNatNat (nat_lit 1)))))
              Real Real Real.semiring Real.instAddCommMonoid (@Semiring.toModule.{0} Real Real.semiring))
            (@Pi.Function.module.{0, 0, 0}
              (Fin
                (@HMul.hMul.{0, 0, 0} Nat Nat Nat (@instHMul.{0} Nat instMulNat)
                  (@OfNat.ofNat.{0} Nat (nat_lit 2) (instOfNatNat (nat_lit 2)))
                  (@OfNat.ofNat.{0} Nat (nat_lit 1) (instOfNatNat (nat_lit 1)))))
              Real Real Real.semiring Real.instAddCommMonoid (@Semiring.toModule.{0} Real Real.semiring))
            (@RingHom.id.{0} Real (@Semiring.toNonAssocSemiring.{0} Real Real.semiring)))
          (@Neg.neg.{0}
            (@LinearMap.{0, 0, 0, 0} Real Real Real.semiring Real.semiring
              (@RingHom.id.{0} Real (@Semiring.toNonAssocSemiring.{0} Real Real.semiring))
              (AuditRound10.Vec (@OfNat.ofNat.{0} Nat (nat_lit 1) (instOfNatNat (nat_lit 1))))
              (AuditRound10.Vec (@OfNat.ofNat.{0} Nat (nat_lit 1) (instOfNatNat (nat_lit 1))))
              (@Pi.addCommMonoid.{0, 0}
                (Fin
                  (@HMul.hMul.{0, 0, 0} Nat Nat Nat (@instHMul.{0} Nat instMulNat)
                    (@OfNat.ofNat.{0} Nat (nat_lit 2) (instOfNatNat (nat_lit 2)))
                    (@OfNat.ofNat.{0} Nat (nat_lit 1) (instOfNatNat (nat_lit 1)))))
                (fun a => Real) fun i => Real.instAddCommMonoid)
              (@Pi.addCommMonoid.{0, 0}
                (Fin
                  (@HMul.hMul.{0, 0, 0} Nat Nat Nat (@instHMul.{0} Nat instMulNat)
                    (@OfNat.ofNat.{0} Nat (nat_lit 2) (instOfNatNat (nat_lit 2)))
                    (@OfNat.ofNat.{0} Nat (nat_lit 1) (instOfNatNat (nat_lit 1)))))
                (fun a => Real) fun i => Real.instAddCommMonoid)
              (@Pi.Function.module.{0, 0, 0}
                (Fin
                  (@HMul.hMul.{0, 0, 0} Nat Nat Nat (@instHMul.{0} Nat instMulNat)
                    (@OfNat.ofNat.{0} Nat (nat_lit 2) (instOfNatNat (nat_lit 2)))
                    (@OfNat.ofNat.{0} Nat (nat_lit 1) (instOfNatNat (nat_lit 1)))))
                Real Real Real.semiring Real.instAddCommMonoid (@Semiring.toModule.{0} Real Real.semiring))
              (@Pi.Function.module.{0, 0, 0}
                (Fin
                  (@HMul.hMul.{0, 0, 0} Nat Nat Nat (@instHMul.{0} Nat instMulNat)
                    (@OfNat.ofNat.{0} Nat (nat_lit 2) (instOfNatNat (nat_lit 2)))
                    (@OfNat.ofNat.{0} Nat (nat_lit 1) (instOfNatNat (nat_lit 1)))))
                Real Real Real.semiring Real.instAddCommMonoid (@Semiring.toModule.{0} Real Real.semiring)))
            (@LinearMap.instNeg.{0, 0, 0, 0} Real Real
              (AuditRound10.Vec (@OfNat.ofNat.{0} Nat (nat_lit 1) (instOfNatNat (nat_lit 1))))
              (AuditRound10.Vec (@OfNat.ofNat.{0} Nat (nat_lit 1) (instOfNatNat (nat_lit 1)))) Real.semiring
              Real.semiring
              (@Pi.addCommMonoid.{0, 0}
                (Fin
                  (@HMul.hMul.{0, 0, 0} Nat Nat Nat (@instHMul.{0} Nat instMulNat)
                    (@OfNat.ofNat.{0} Nat (nat_lit 2) (instOfNatNat (nat_lit 2)))
                    (@OfNat.ofNat.{0} Nat (nat_lit 1) (instOfNatNat (nat_lit 1)))))
                (fun a => Real) fun i => Real.instAddCommMonoid)
              (@Pi.addCommGroup.{0, 0}
                (Fin
                  (@HMul.hMul.{0, 0, 0} Nat Nat Nat (@instHMul.{0} Nat instMulNat)
                    (@OfNat.ofNat.{0} Nat (nat_lit 2) (instOfNatNat (nat_lit 2)))
                    (@OfNat.ofNat.{0} Nat (nat_lit 1) (instOfNatNat (nat_lit 1)))))
                (fun a => Real) fun i => Real.instAddCommGroup)
              (@Pi.Function.module.{0, 0, 0}
                (Fin
                  (@HMul.hMul.{0, 0, 0} Nat Nat Nat (@instHMul.{0} Nat instMulNat)
                    (@OfNat.ofNat.{0} Nat (nat_lit 2) (instOfNatNat (nat_lit 2)))
                    (@OfNat.ofNat.{0} Nat (nat_lit 1) (instOfNatNat (nat_lit 1)))))
                Real Real Real.semiring Real.instAddCommMonoid (@Semiring.toModule.{0} Real Real.semiring))
              (@Pi.Function.module.{0, 0, 0}
                (Fin
                  (@HMul.hMul.{0, 0, 0} Nat Nat Nat (@instHMul.{0} Nat instMulNat)
                    (@OfNat.ofNat.{0} Nat (nat_lit 2) (instOfNatNat (nat_lit 2)))
                    (@OfNat.ofNat.{0} Nat (nat_lit 1) (instOfNatNat (nat_lit 1)))))
                Real Real Real.semiring Real.instAddCommMonoid (@Semiring.toModule.{0} Real Real.semiring))
              (@RingHom.id.{0} Real (@Semiring.toNonAssocSemiring.{0} Real Real.semiring)))
            (AuditRound10.J (@OfNat.ofNat.{0} Nat (nat_lit 1) (instOfNatNat (nat_lit 1)))))
          (@DFunLike.coe.{1, 1, 1}
            (@LinearMap.{0, 0, 0, 0} Real Real Real.semiring Real.semiring
              (@RingHom.id.{0} Real (@Semiring.toNonAssocSemiring.{0} Real Real.semiring))
              (AuditRound10.Vec (@OfNat.ofNat.{0} Nat (nat_lit 1) (instOfNatNat (nat_lit 1))))
              (AuditRound10.Vec (@OfNat.ofNat.{0} Nat (nat_lit 1) (instOfNatNat (nat_lit 1))))
              (@Pi.addCommMonoid.{0, 0}
                (Fin
                  (@HMul.hMul.{0, 0, 0} Nat Nat Nat (@instHMul.{0} Nat instMulNat)
                    (@OfNat.ofNat.{0} Nat (nat_lit 2) (instOfNatNat (nat_lit 2)))
                    (@OfNat.ofNat.{0} Nat (nat_lit 1) (instOfNatNat (nat_lit 1)))))
                (fun a => Real) fun i => Real.instAddCommMonoid)
              (@Pi.addCommMonoid.{0, 0}
                (Fin
                  (@HMul.hMul.{0, 0, 0} Nat Nat Nat (@instHMul.{0} Nat instMulNat)
                    (@OfNat.ofNat.{0} Nat (nat_lit 2) (instOfNatNat (nat_lit 2)))
                    (@OfNat.ofNat.{0} Nat (nat_lit 1) (instOfNatNat (nat_lit 1)))))
                (fun a => Real) fun i => Real.instAddCommMonoid)
              (@Pi.Function.module.{0, 0, 0}
                (Fin
                  (@HMul.hMul.{0, 0, 0} Nat Nat Nat (@instHMul.{0} Nat instMulNat)
                    (@OfNat.ofNat.{0} Nat (nat_lit 2) (instOfNatNat (nat_lit 2)))
                    (@OfNat.ofNat.{0} Nat (nat_lit 1) (instOfNatNat (nat_lit 1)))))
                Real Real Real.semiring Real.instAddCommMonoid (@Semiring.toModule.{0} Real Real.semiring))
              (@Pi.Function.module.{0, 0, 0}
                (Fin
                  (@HMul.hMul.{0, 0, 0} Nat Nat Nat (@instHMul.{0} Nat instMulNat)
                    (@OfNat.ofNat.{0} Nat (nat_lit 2) (instOfNatNat (nat_lit 2)))
                    (@OfNat.ofNat.{0} Nat (nat_lit 1) (instOfNatNat (nat_lit 1)))))
                Real Real Real.semiring Real.instAddCommMonoid (@Semiring.toModule.{0} Real Real.semiring)))
            (AuditRound10.Vec (@OfNat.ofNat.{0} Nat (nat_lit 1) (instOfNatNat (nat_lit 1))))
            (fun x => AuditRound10.Vec (@OfNat.ofNat.{0} Nat (nat_lit 1) (instOfNatNat (nat_lit 1))))
            (@LinearMap.instFunLike.{0, 0, 0, 0} Real Real
              (AuditRound10.Vec (@OfNat.ofNat.{0} Nat (nat_lit 1) (instOfNatNat (nat_lit 1))))
              (AuditRound10.Vec (@OfNat.ofNat.{0} Nat (nat_lit 1) (instOfNatNat (nat_lit 1)))) Real.semiring
              Real.semiring
              (@Pi.addCommMonoid.{0, 0}
                (Fin
                  (@HMul.hMul.{0, 0, 0} Nat Nat Nat (@instHMul.{0} Nat instMulNat)
                    (@OfNat.ofNat.{0} Nat (nat_lit 2) (instOfNatNat (nat_lit 2)))
                    (@OfNat.ofNat.{0} Nat (nat_lit 1) (instOfNatNat (nat_lit 1)))))
                (fun a => Real) fun i => Real.instAddCommMonoid)
              (@Pi.addCommMonoid.{0, 0}
                (Fin
                  (@HMul.hMul.{0, 0, 0} Nat Nat Nat (@instHMul.{0} Nat instMulNat)
                    (@OfNat.ofNat.{0} Nat (nat_lit 2) (instOfNatNat (nat_lit 2)))
                    (@OfNat.ofNat.{0} Nat (nat_lit 1) (instOfNatNat (nat_lit 1)))))
                (fun a => Real) fun i => Real.instAddCommMonoid)
              (@Pi.Function.module.{0, 0, 0}
                (Fin
                  (@HMul.hMul.{0, 0, 0} Nat Nat Nat (@instHMul.{0} Nat instMulNat)
                    (@OfNat.ofNat.{0} Nat (nat_lit 2) (instOfNatNat (nat_lit 2)))
                    (@OfNat.ofNat.{0} Nat (nat_lit 1) (instOfNatNat (nat_lit 1)))))
                Real Real Real.semiring Real.instAddCommMonoid (@Semiring.toModule.{0} Real Real.semiring))
              (@Pi.Function.module.{0, 0, 0}
                (Fin
                  (@HMul.hMul.{0, 0, 0} Nat Nat Nat (@instHMul.{0} Nat instMulNat)
                    (@OfNat.ofNat.{0} Nat (nat_lit 2) (instOfNatNat (nat_lit 2)))
                    (@OfNat.ofNat.{0} Nat (nat_lit 1) (instOfNatNat (nat_lit 1)))))
                Real Real Real.semiring Real.instAddCommMonoid (@Semiring.toModule.{0} Real Real.semiring))
              (@RingHom.id.{0} Real (@Semiring.toNonAssocSemiring.{0} Real Real.semiring)))
            (@Neg.neg.{0}
              (@LinearMap.{0, 0, 0, 0} Real Real Real.semiring Real.semiring
                (@RingHom.id.{0} Real (@Semiring.toNonAssocSemiring.{0} Real Real.semiring))
                (AuditRound10.Vec (@OfNat.ofNat.{0} Nat (nat_lit 1) (instOfNatNat (nat_lit 1))))
                (AuditRound10.Vec (@OfNat.ofNat.{0} Nat (nat_lit 1) (instOfNatNat (nat_lit 1))))
                (@Pi.addCommMonoid.{0, 0}
                  (Fin
                    (@HMul.hMul.{0, 0, 0} Nat Nat Nat (@instHMul.{0} Nat instMulNat)
                      (@OfNat.ofNat.{0} Nat (nat_lit 2) (instOfNatNat (nat_lit 2)))
                      (@OfNat.ofNat.{0} Nat (nat_lit 1) (instOfNatNat (nat_lit 1)))))
                  (fun a => Real) fun i => Real.instAddCommMonoid)
                (@Pi.addCommMonoid.{0, 0}
                  (Fin
                    (@HMul.hMul.{0, 0, 0} Nat Nat Nat (@instHMul.{0} Nat instMulNat)
                      (@OfNat.ofNat.{0} Nat (nat_lit 2) (instOfNatNat (nat_lit 2)))
                      (@OfNat.ofNat.{0} Nat (nat_lit 1) (instOfNatNat (nat_lit 1)))))
                  (fun a => Real) fun i => Real.instAddCommMonoid)
                (@Pi.Function.module.{0, 0, 0}
                  (Fin
                    (@HMul.hMul.{0, 0, 0} Nat Nat Nat (@instHMul.{0} Nat instMulNat)
                      (@OfNat.ofNat.{0} Nat (nat_lit 2) (instOfNatNat (nat_lit 2)))
                      (@OfNat.ofNat.{0} Nat (nat_lit 1) (instOfNatNat (nat_lit 1)))))
                  Real Real Real.semiring Real.instAddCommMonoid (@Semiring.toModule.{0} Real Real.semiring))
                (@Pi.Function.module.{0, 0, 0}
                  (Fin
                    (@HMul.hMul.{0, 0, 0} Nat Nat Nat (@instHMul.{0} Nat instMulNat)
                      (@OfNat.ofNat.{0} Nat (nat_lit 2) (instOfNatNat (nat_lit 2)))
                      (@OfNat.ofNat.{0} Nat (nat_lit 1) (instOfNatNat (nat_lit 1)))))
                  Real Real Real.semiring Real.instAddCommMonoid (@Semiring.toModule.{0} Real Real.semiring)))
              (@LinearMap.instNeg.{0, 0, 0, 0} Real Real
                (AuditRound10.Vec (@OfNat.ofNat.{0} Nat (nat_lit 1) (instOfNatNat (nat_lit 1))))
                (AuditRound10.Vec (@OfNat.ofNat.{0} Nat (nat_lit 1) (instOfNatNat (nat_lit 1)))) Real.semiring
                Real.semiring
                (@Pi.addCommMonoid.{0, 0}
                  (Fin
                    (@HMul.hMul.{0, 0, 0} Nat Nat Nat (@instHMul.{0} Nat instMulNat)
                      (@OfNat.ofNat.{0} Nat (nat_lit 2) (instOfNatNat (nat_lit 2)))
                      (@OfNat.ofNat.{0} Nat (nat_lit 1) (instOfNatNat (nat_lit 1)))))
                  (fun a => Real) fun i => Real.instAddCommMonoid)
                (@Pi.addCommGroup.{0, 0}
                  (Fin
                    (@HMul.hMul.{0, 0, 0} Nat Nat Nat (@instHMul.{0} Nat instMulNat)
                      (@OfNat.ofNat.{0} Nat (nat_lit 2) (instOfNatNat (nat_lit 2)))
                      (@OfNat.ofNat.{0} Nat (nat_lit 1) (instOfNatNat (nat_lit 1)))))
                  (fun a => Real) fun i => Real.instAddCommGroup)
                (@Pi.Function.module.{0, 0, 0}
                  (Fin
                    (@HMul.hMul.{0, 0, 0} Nat Nat Nat (@instHMul.{0} Nat instMulNat)
                      (@OfNat.ofNat.{0} Nat (nat_lit 2) (instOfNatNat (nat_lit 2)))
                      (@OfNat.ofNat.{0} Nat (nat_lit 1) (instOfNatNat (nat_lit 1)))))
                  Real Real Real.semiring Real.instAddCommMonoid (@Semiring.toModule.{0} Real Real.semiring))
                (@Pi.Function.module.{0, 0, 0}
                  (Fin
                    (@HMul.hMul.{0, 0, 0} Nat Nat Nat (@instHMul.{0} Nat instMulNat)
                      (@OfNat.ofNat.{0} Nat (nat_lit 2) (instOfNatNat (nat_lit 2)))
                      (@OfNat.ofNat.{0} Nat (nat_lit 1) (instOfNatNat (nat_lit 1)))))
                  Real Real Real.semiring Real.instAddCommMonoid (@Semiring.toModule.{0} Real Real.semiring))
                (@RingHom.id.{0} Real (@Semiring.toNonAssocSemiring.{0} Real Real.semiring)))
              (AuditRound10.J (@OfNat.ofNat.{0} Nat (nat_lit 1) (instOfNatNat (nat_lit 1)))))
            fun x => @OfNat.ofNat.{0} Real (nat_lit 1) (@One.toOfNat1.{0} Real Real.instOne))
          (@OfNat.ofNat.{0}
            (Fin
              (@HMul.hMul.{0, 0, 0} Nat Nat Nat (@instHMul.{0} Nat instMulNat)
                (@OfNat.ofNat.{0} Nat (nat_lit 2) (instOfNatNat (nat_lit 2)))
                (@OfNat.ofNat.{0} Nat (nat_lit 1) (instOfNatNat (nat_lit 1)))))
            (nat_lit 0)
            (@Fin.instOfNat
              (@HMul.hMul.{0, 0, 0} Nat Nat Nat (@instHMul.{0} Nat instMulNat)
                (@OfNat.ofNat.{0} Nat (nat_lit 2) (instOfNatNat (nat_lit 2)))
                (@OfNat.ofNat.{0} Nat (nat_lit 1) (instOfNatNat (nat_lit 1))))
              (@instNeZeroNatHMul (@OfNat.ofNat.{0} Nat (nat_lit 2) (instOfNatNat (nat_lit 2)))
                (@OfNat.ofNat.{0} Nat (nat_lit 1) (instOfNatNat (nat_lit 1)))
                (@Nat.instNeZeroSucc (@OfNat.ofNat.{0} Nat (nat_lit 1) (instOfNatNat (nat_lit 1))))
                (@Nat.instNeZeroSucc (@OfNat.ofNat.{0} Nat (nat_lit 0) (instOfNatNat (nat_lit 0)))))
              (nat_lit 0))))
        (@DFunLike.coe.{1, 1, 1}
          (@LinearMap.{0, 0, 0, 0} Real Real Real.semiring Real.semiring
            (@RingHom.id.{0} Real (@Semiring.toNonAssocSemiring.{0} Real Real.semiring))
            (AuditRound10.Vec (@OfNat.ofNat.{0} Nat (nat_lit 1) (instOfNatNat (nat_lit 1))))
            (AuditRound10.Vec (@OfNat.ofNat.{0} Nat (nat_lit 1) (instOfNatNat (nat_lit 1))))
            (@Pi.addCommMonoid.{0, 0}
              (Fin
                (@HMul.hMul.{0, 0, 0} Nat Nat Nat (@instHMul.{0} Nat instMulNat)
                  (@OfNat.ofNat.{0} Nat (nat_lit 2) (instOfNatNat (nat_lit 2)))
                  (@OfNat.ofNat.{0} Nat (nat_lit 1) (instOfNatNat (nat_lit 1)))))
              (fun a => Real) fun i => Real.instAddCommMonoid)
            (@Pi.addCommMonoid.{0, 0}
              (Fin
                (@HMul.hMul.{0, 0, 0} Nat Nat Nat (@instHMul.{0} Nat instMulNat)
                  (@OfNat.ofNat.{0} Nat (nat_lit 2) (instOfNatNat (nat_lit 2)))
                  (@OfNat.ofNat.{0} Nat (nat_lit 1) (instOfNatNat (nat_lit 1)))))
              (fun a => Real) fun i => Real.instAddCommMonoid)
            (@Pi.Function.module.{0, 0, 0}
              (Fin
                (@HMul.hMul.{0, 0, 0} Nat Nat Nat (@instHMul.{0} Nat instMulNat)
                  (@OfNat.ofNat.{0} Nat (nat_lit 2) (instOfNatNat (nat_lit 2)))
                  (@OfNat.ofNat.{0} Nat (nat_lit 1) (instOfNatNat (nat_lit 1)))))
              Real Real Real.semiring Real.instAddCommMonoid (@Semiring.toModule.{0} Real Real.semiring))
            (@Pi.Function.module.{0, 0, 0}
              (Fin
                (@HMul.hMul.{0, 0, 0} Nat Nat Nat (@instHMul.{0} Nat instMulNat)
                  (@OfNat.ofNat.{0} Nat (nat_lit 2) (instOfNatNat (nat_lit 2)))
                  (@OfNat.ofNat.{0} Nat (nat_lit 1) (instOfNatNat (nat_lit 1)))))
              Real Real Real.semiring Real.instAddCommMonoid (@Semiring.toModule.{0} Real Real.semiring)))
          (AuditRound10.Vec (@OfNat.ofNat.{0} Nat (nat_lit 1) (instOfNatNat (nat_lit 1))))
          (fun x => AuditRound10.Vec (@OfNat.ofNat.{0} Nat (nat_lit 1) (instOfNatNat (nat_lit 1))))
          (@LinearMap.instFunLike.{0, 0, 0, 0} Real Real
            (AuditRound10.Vec (@OfNat.ofNat.{0} Nat (nat_lit 1) (instOfNatNat (nat_lit 1))))
            (AuditRound10.Vec (@OfNat.ofNat.{0} Nat (nat_lit 1) (instOfNatNat (nat_lit 1)))) Real.semiring Real.semiring
            (@Pi.addCommMonoid.{0, 0}
              (Fin
                (@HMul.hMul.{0, 0, 0} Nat Nat Nat (@instHMul.{0} Nat instMulNat)
                  (@OfNat.ofNat.{0} Nat (nat_lit 2) (instOfNatNat (nat_lit 2)))
                  (@OfNat.ofNat.{0} Nat (nat_lit 1) (instOfNatNat (nat_lit 1)))))
              (fun a => Real) fun i => Real.instAddCommMonoid)
            (@Pi.addCommMonoid.{0, 0}
              (Fin
                (@HMul.hMul.{0, 0, 0} Nat Nat Nat (@instHMul.{0} Nat instMulNat)
                  (@OfNat.ofNat.{0} Nat (nat_lit 2) (instOfNatNat (nat_lit 2)))
                  (@OfNat.ofNat.{0} Nat (nat_lit 1) (instOfNatNat (nat_lit 1)))))
              (fun a => Real) fun i => Real.instAddCommMonoid)
            (@Pi.Function.module.{0, 0, 0}
              (Fin
                (@HMul.hMul.{0, 0, 0} Nat Nat Nat (@instHMul.{0} Nat instMulNat)
                  (@OfNat.ofNat.{0} Nat (nat_lit 2) (instOfNatNat (nat_lit 2)))
                  (@OfNat.ofNat.{0} Nat (nat_lit 1) (instOfNatNat (nat_lit 1)))))
              Real Real Real.semiring Real.instAddCommMonoid (@Semiring.toModule.{0} Real Real.semiring))
            (@Pi.Function.module.{0, 0, 0}
              (Fin
                (@HMul.hMul.{0, 0, 0} Nat Nat Nat (@instHMul.{0} Nat instMulNat)
                  (@OfNat.ofNat.{0} Nat (nat_lit 2) (instOfNatNat (nat_lit 2)))
                  (@OfNat.ofNat.{0} Nat (nat_lit 1) (instOfNatNat (nat_lit 1)))))
              Real Real Real.semiring Real.instAddCommMonoid (@Semiring.toModule.{0} Real Real.semiring))
            (@RingHom.id.{0} Real (@Semiring.toNonAssocSemiring.{0} Real Real.semiring)))
          (@Neg.neg.{0}
            (@LinearMap.{0, 0, 0, 0} Real Real Real.semiring Real.semiring
              (@RingHom.id.{0} Real (@Semiring.toNonAssocSemiring.{0} Real Real.semiring))
              (AuditRound10.Vec (@OfNat.ofNat.{0} Nat (nat_lit 1) (instOfNatNat (nat_lit 1))))
              (AuditRound10.Vec (@OfNat.ofNat.{0} Nat (nat_lit 1) (instOfNatNat (nat_lit 1))))
              (@Pi.addCommMonoid.{0, 0}
                (Fin
                  (@HMul.hMul.{0, 0, 0} Nat Nat Nat (@instHMul.{0} Nat instMulNat)
                    (@OfNat.ofNat.{0} Nat (nat_lit 2) (instOfNatNat (nat_lit 2)))
                    (@OfNat.ofNat.{0} Nat (nat_lit 1) (instOfNatNat (nat_lit 1)))))
                (fun a => Real) fun i => Real.instAddCommMonoid)
              (@Pi.addCommMonoid.{0, 0}
                (Fin
                  (@HMul.hMul.{0, 0, 0} Nat Nat Nat (@instHMul.{0} Nat instMulNat)
                    (@OfNat.ofNat.{0} Nat (nat_lit 2) (instOfNatNat (nat_lit 2)))
                    (@OfNat.ofNat.{0} Nat (nat_lit 1) (instOfNatNat (nat_lit 1)))))
                (fun a => Real) fun i => Real.instAddCommMonoid)
              (@Pi.Function.module.{0, 0, 0}
                (Fin
                  (@HMul.hMul.{0, 0, 0} Nat Nat Nat (@instHMul.{0} Nat instMulNat)
                    (@OfNat.ofNat.{0} Nat (nat_lit 2) (instOfNatNat (nat_lit 2)))
                    (@OfNat.ofNat.{0} Nat (nat_lit 1) (instOfNatNat (nat_lit 1)))))
                Real Real Real.semiring Real.instAddCommMonoid (@Semiring.toModule.{0} Real Real.semiring))
              (@Pi.Function.module.{0, 0, 0}
                (Fin
                  (@HMul.hMul.{0, 0, 0} Nat Nat Nat (@instHMul.{0} Nat instMulNat)
                    (@OfNat.ofNat.{0} Nat (nat_lit 2) (instOfNatNat (nat_lit 2)))
                    (@OfNat.ofNat.{0} Nat (nat_lit 1) (instOfNatNat (nat_lit 1)))))
                Real Real Real.semiring Real.instAddCommMonoid (@Semiring.toModule.{0} Real Real.semiring)))
            (@LinearMap.instNeg.{0, 0, 0, 0} Real Real
              (AuditRound10.Vec (@OfNat.ofNat.{0} Nat (nat_lit 1) (instOfNatNat (nat_lit 1))))
              (AuditRound10.Vec (@OfNat.ofNat.{0} Nat (nat_lit 1) (instOfNatNat (nat_lit 1)))) Real.semiring
              Real.semiring
              (@Pi.addCommMonoid.{0, 0}
                (Fin
                  (@HMul.hMul.{0, 0, 0} Nat Nat Nat (@instHMul.{0} Nat instMulNat)
                    (@OfNat.ofNat.{0} Nat (nat_lit 2) (instOfNatNat (nat_lit 2)))
                    (@OfNat.ofNat.{0} Nat (nat_lit 1) (instOfNatNat (nat_lit 1)))))
                (fun a => Real) fun i => Real.instAddCommMonoid)
              (@Pi.addCommGroup.{0, 0}
                (Fin
                  (@HMul.hMul.{0, 0, 0} Nat Nat Nat (@instHMul.{0} Nat instMulNat)
                    (@OfNat.ofNat.{0} Nat (nat_lit 2) (instOfNatNat (nat_lit 2)))
                    (@OfNat.ofNat.{0} Nat (nat_lit 1) (instOfNatNat (nat_lit 1)))))
                (fun a => Real) fun i => Real.instAddCommGroup)
              (@Pi.Function.module.{0, 0, 0}
                (Fin
                  (@HMul.hMul.{0, 0, 0} Nat Nat Nat (@instHMul.{0} Nat instMulNat)
                    (@OfNat.ofNat.{0} Nat (nat_lit 2) (instOfNatNat (nat_lit 2)))
                    (@OfNat.ofNat.{0} Nat (nat_lit 1) (instOfNatNat (nat_lit 1)))))
                Real Real Real.semiring Real.instAddCommMonoid (@Semiring.toModule.{0} Real Real.semiring))
              (@Pi.Function.module.{0, 0, 0}
                (Fin
                  (@HMul.hMul.{0, 0, 0} Nat Nat Nat (@instHMul.{0} Nat instMulNat)
                    (@OfNat.ofNat.{0} Nat (nat_lit 2) (instOfNatNat (nat_lit 2)))
                    (@OfNat.ofNat.{0} Nat (nat_lit 1) (instOfNatNat (nat_lit 1)))))
                Real Real Real.semiring Real.instAddCommMonoid (@Semiring.toModule.{0} Real Real.semiring))
              (@RingHom.id.{0} Real (@Semiring.toNonAssocSemiring.{0} Real Real.semiring)))
            (AuditRound10.J (@OfNat.ofNat.{0} Nat (nat_lit 1) (instOfNatNat (nat_lit 1)))))
          (fun x => @OfNat.ofNat.{0} Real (nat_lit 1) (@One.toOfNat1.{0} Real Real.instOne))
          (@OfNat.ofNat.{0}
            (Fin
              (@HMul.hMul.{0, 0, 0} Nat Nat Nat (@instHMul.{0} Nat instMulNat)
                (@OfNat.ofNat.{0} Nat (nat_lit 2) (instOfNatNat (nat_lit 2)))
                (@OfNat.ofNat.{0} Nat (nat_lit 1) (instOfNatNat (nat_lit 1)))))
            (nat_lit 0)
            (@Fin.instOfNat
              (@HMul.hMul.{0, 0, 0} Nat Nat Nat (@instHMul.{0} Nat instMulNat)
                (@OfNat.ofNat.{0} Nat (nat_lit 2) (instOfNatNat (nat_lit 2)))
                (@OfNat.ofNat.{0} Nat (nat_lit 1) (instOfNatNat (nat_lit 1))))
              (@instNeZeroNatHMul (@OfNat.ofNat.{0} Nat (nat_lit 2) (instOfNatNat (nat_lit 2)))
                (@OfNat.ofNat.{0} Nat (nat_lit 1) (instOfNatNat (nat_lit 1)))
                (@Nat.instNeZeroSucc (@OfNat.ofNat.{0} Nat (nat_lit 1) (instOfNatNat (nat_lit 1))))
                (@Nat.instNeZeroSucc (@OfNat.ofNat.{0} Nat (nat_lit 0) (instOfNatNat (nat_lit 0)))))
              (nat_lit 0)))))
      False
      (@Eq.trans.{1} Prop
        (@Eq.{1} Real
          (@DFunLike.coe.{1, 1, 1}
            (@LinearMap.{0, 0, 0, 0} Real Real Real.semiring Real.semiring
              (@RingHom.id.{0} Real (@Semiring.toNonAssocSemiring.{0} Real Real.semiring))
              (AuditRound10.Vec (@OfNat.ofNat.{0} Nat (nat_lit 1) (instOfNatNat (nat_lit 1))))
              (AuditRound10.Vec (@OfNat.ofNat.{0} Nat (nat_lit 1) (instOfNatNat (nat_lit 1))))
              (@Pi.addCommMonoid.{0, 0}
                (Fin
                  (@HMul.hMul.{0, 0, 0} Nat Nat Nat (@instHMul.{0} Nat instMulNat)
                    (@OfNat.ofNat.{0} Nat (nat_lit 2) (instOfNatNat (nat_lit 2)))
                    (@OfNat.ofNat.{0} Nat (nat_lit 1) (instOfNatNat (nat_lit 1)))))
                (fun a => Real) fun i => Real.instAddCommMonoid)
              (@Pi.addCommMonoid.{0, 0}
                (Fin
                  (@HMul.hMul.{0, 0, 0} Nat Nat Nat (@instHMul.{0} Nat instMulNat)
                    (@OfNat.ofNat.{0} Nat (nat_lit 2) (instOfNatNat (nat_lit 2)))
                    (@OfNat.ofNat.{0} Nat (nat_lit 1) (instOfNatNat (nat_lit 1)))))
                (fun a => Real) fun i => Real.instAddCommMonoid)
              (@Pi.Function.module.{0, 0, 0}
                (Fin
                  (@HMul.hMul.{0, 0, 0} Nat Nat Nat (@instHMul.{0} Nat instMulNat)
                    (@OfNat.ofNat.{0} Nat (nat_lit 2) (instOfNatNat (nat_lit 2)))
                    (@OfNat.ofNat.{0} Nat (nat_lit 1) (instOfNatNat (nat_lit 1)))))
                Real Real Real.semiring Real.instAddCommMonoid (@Semiring.toModule.{0} Real Real.semiring))
              (@Pi.Function.module.{0, 0, 0}
                (Fin
                  (@HMul.hMul.{0, 0, 0} Nat Nat Nat (@instHMul.{0} Nat instMulNat)
                    (@OfNat.ofNat.{0} Nat (nat_lit 2) (instOfNatNat (nat_lit 2)))
                    (@OfNat.ofNat.{0} Nat (nat_lit 1) (instOfNatNat (nat_lit 1)))))
                Real Real Real.semiring Real.instAddCommMonoid (@Semiring.toModule.{0} Real Real.semiring)))
            (AuditRound10.Vec (@OfNat.ofNat.{0} Nat (nat_lit 1) (instOfNatNat (nat_lit 1))))
            (fun x => AuditRound10.Vec (@OfNat.ofNat.{0} Nat (nat_lit 1) (instOfNatNat (nat_lit 1))))
            (@LinearMap.instFunLike.{0, 0, 0, 0} Real Real
              (AuditRound10.Vec (@OfNat.ofNat.{0} Nat (nat_lit 1) (instOfNatNat (nat_lit 1))))
              (AuditRound10.Vec (@OfNat.ofNat.{0} Nat (nat_lit 1) (instOfNatNat (nat_lit 1)))) Real.semiring
              Real.semiring
              (@Pi.addCommMonoid.{0, 0}
                (Fin
                  (@HMul.hMul.{0, 0, 0} Nat Nat Nat (@instHMul.{0} Nat instMulNat)
                    (@OfNat.ofNat.{0} Nat (nat_lit 2) (instOfNatNat (nat_lit 2)))
                    (@OfNat.ofNat.{0} Nat (nat_lit 1) (instOfNatNat (nat_lit 1)))))
                (fun a => Real) fun i => Real.instAddCommMonoid)
              (@Pi.addCommMonoid.{0, 0}
                (Fin
                  (@HMul.hMul.{0, 0, 0} Nat Nat Nat (@instHMul.{0} Nat instMulNat)
                    (@OfNat.ofNat.{0} Nat (nat_lit 2) (instOfNatNat (nat_lit 2)))
                    (@OfNat.ofNat.{0} Nat (nat_lit 1) (instOfNatNat (nat_lit 1)))))
                (fun a => Real) fun i => Real.instAddCommMonoid)
              (@Pi.Function.module.{0, 0, 0}
                (Fin
                  (@HMul.hMul.{0, 0, 0} Nat Nat Nat (@instHMul.{0} Nat instMulNat)
                    (@OfNat.ofNat.{0} Nat (nat_lit 2) (instOfNatNat (nat_lit 2)))
                    (@OfNat.ofNat.{0} Nat (nat_lit 1) (instOfNatNat (nat_lit 1)))))
                Real Real Real.semiring Real.instAddCommMonoid (@Semiring.toModule.{0} Real Real.semiring))
              (@Pi.Function.module.{0, 0, 0}
                (Fin
                  (@HMul.hMul.{0, 0, 0} Nat Nat Nat (@instHMul.{0} Nat instMulNat)
                    (@OfNat.ofNat.{0} Nat (nat_lit 2) (instOfNatNat (nat_lit 2)))
                    (@OfNat.ofNat.{0} Nat (nat_lit 1) (instOfNatNat (nat_lit 1)))))
                Real Real Real.semiring Real.instAddCommMonoid (@Semiring.toModule.{0} Real Real.semiring))
              (@RingHom.id.{0} Real (@Semiring.toNonAssocSemiring.{0} Real Real.semiring)))
            (@Neg.neg.{0}
              (@LinearMap.{0, 0, 0, 0} Real Real Real.semiring Real.semiring
                (@RingHom.id.{0} Real (@Semiring.toNonAssocSemiring.{0} Real Real.semiring))
                (AuditRound10.Vec (@OfNat.ofNat.{0} Nat (nat_lit 1) (instOfNatNat (nat_lit 1))))
                (AuditRound10.Vec (@OfNat.ofNat.{0} Nat (nat_lit 1) (instOfNatNat (nat_lit 1))))
                (@Pi.addCommMonoid.{0, 0}
                  (Fin
                    (@HMul.hMul.{0, 0, 0} Nat Nat Nat (@instHMul.{0} Nat instMulNat)
                      (@OfNat.ofNat.{0} Nat (nat_lit 2) (instOfNatNat (nat_lit 2)))
                      (@OfNat.ofNat.{0} Nat (nat_lit 1) (instOfNatNat (nat_lit 1)))))
                  (fun a => Real) fun i => Real.instAddCommMonoid)
                (@Pi.addCommMonoid.{0, 0}
                  (Fin
                    (@HMul.hMul.{0, 0, 0} Nat Nat Nat (@instHMul.{0} Nat instMulNat)
                      (@OfNat.ofNat.{0} Nat (nat_lit 2) (instOfNatNat (nat_lit 2)))
                      (@OfNat.ofNat.{0} Nat (nat_lit 1) (instOfNatNat (nat_lit 1)))))
                  (fun a => Real) fun i => Real.instAddCommMonoid)
                (@Pi.Function.module.{0, 0, 0}
                  (Fin
                    (@HMul.hMul.{0, 0, 0} Nat Nat Nat (@instHMul.{0} Nat instMulNat)
                      (@OfNat.ofNat.{0} Nat (nat_lit 2) (instOfNatNat (nat_lit 2)))
                      (@OfNat.ofNat.{0} Nat (nat_lit 1) (instOfNatNat (nat_lit 1)))))
                  Real Real Real.semiring Real.instAddCommMonoid (@Semiring.toModule.{0} Real Real.semiring))
                (@Pi.Function.module.{0, 0, 0}
                  (Fin
                    (@HMul.hMul.{0, 0, 0} Nat Nat Nat (@instHMul.{0} Nat instMulNat)
                      (@OfNat.ofNat.{0} Nat (nat_lit 2) (instOfNatNat (nat_lit 2)))
                      (@OfNat.ofNat.{0} Nat (nat_lit 1) (instOfNatNat (nat_lit 1)))))
                  Real Real Real.semiring Real.instAddCommMonoid (@Semiring.toModule.{0} Real Real.semiring)))
              (@LinearMap.instNeg.{0, 0, 0, 0} Real Real
                (AuditRound10.Vec (@OfNat.ofNat.{0} Nat (nat_lit 1) (instOfNatNat (nat_lit 1))))
                (AuditRound10.Vec (@OfNat.ofNat.{0} Nat (nat_lit 1) (instOfNatNat (nat_lit 1)))) Real.semiring
                Real.semiring
                (@Pi.addCommMonoid.{0, 0}
                  (Fin
                    (@HMul.hMul.{0, 0, 0} Nat Nat Nat (@instHMul.{0} Nat instMulNat)
                      (@OfNat.ofNat.{0} Nat (nat_lit 2) (instOfNatNat (nat_lit 2)))
                      (@OfNat.ofNat.{0} Nat (nat_lit 1) (instOfNatNat (nat_lit 1)))))
                  (fun a => Real) fun i => Real.instAddCommMonoid)
                (@Pi.addCommGroup.{0, 0}
                  (Fin
                    (@HMul.hMul.{0, 0, 0} Nat Nat Nat (@instHMul.{0} Nat instMulNat)
                      (@OfNat.ofNat.{0} Nat (nat_lit 2) (instOfNatNat (nat_lit 2)))
                      (@OfNat.ofNat.{0} Nat (nat_lit 1) (instOfNatNat (nat_lit 1)))))
                  (fun a => Real) fun i => Real.instAddCommGroup)
                (@Pi.Function.module.{0, 0, 0}
                  (Fin
                    (@HMul.hMul.{0, 0, 0} Nat Nat Nat (@instHMul.{0} Nat instMulNat)
                      (@OfNat.ofNat.{0} Nat (nat_lit 2) (instOfNatNat (nat_lit 2)))
                      (@OfNat.ofNat.{0} Nat (nat_lit 1) (instOfNatNat (nat_lit 1)))))
                  Real Real Real.semiring Real.instAddCommMonoid (@Semiring.toModule.{0} Real Real.semiring))
                (@Pi.Function.module.{0, 0, 0}
                  (Fin
                    (@HMul.hMul.{0, 0, 0} Nat Nat Nat (@instHMul.{0} Nat instMulNat)
                      (@OfNat.ofNat.{0} Nat (nat_lit 2) (instOfNatNat (nat_lit 2)))
                      (@OfNat.ofNat.{0} Nat (nat_lit 1) (instOfNatNat (nat_lit 1)))))
                  Real Real Real.semiring Real.instAddCommMonoid (@Semiring.toModule.{0} Real Real.semiring))
                (@RingHom.id.{0} Real (@Semiring.toNonAssocSemiring.{0} Real Real.semiring)))
              (AuditRound10.J (@OfNat.ofNat.{0} Nat (nat_lit 1) (instOfNatNat (nat_lit 1)))))
            (@DFunLike.coe.{1, 1, 1}
              (@LinearMap.{0, 0, 0, 0} Real Real Real.semiring Real.semiring
                (@RingHom.id.{0} Real (@Semiring.toNonAssocSemiring.{0} Real Real.semiring))
                (AuditRound10.Vec (@OfNat.ofNat.{0} Nat (nat_lit 1) (instOfNatNat (nat_lit 1))))
                (AuditRound10.Vec (@OfNat.ofNat.{0} Nat (nat_lit 1) (instOfNatNat (nat_lit 1))))
                (@Pi.addCommMonoid.{0, 0}
                  (Fin
                    (@HMul.hMul.{0, 0, 0} Nat Nat Nat (@instHMul.{0} Nat instMulNat)
                      (@OfNat.ofNat.{0} Nat (nat_lit 2) (instOfNatNat (nat_lit 2)))
                      (@OfNat.ofNat.{0} Nat (nat_lit 1) (instOfNatNat (nat_lit 1)))))
                  (fun a => Real) fun i => Real.instAddCommMonoid)
                (@Pi.addCommMonoid.{0, 0}
                  (Fin
                    (@HMul.hMul.{0, 0, 0} Nat Nat Nat (@instHMul.{0} Nat instMulNat)
                      (@OfNat.ofNat.{0} Nat (nat_lit 2) (instOfNatNat (nat_lit 2)))
                      (@OfNat.ofNat.{0} Nat (nat_lit 1) (instOfNatNat (nat_lit 1)))))
                  (fun a => Real) fun i => Real.instAddCommMonoid)
                (@Pi.Function.module.{0, 0, 0}
                  (Fin
                    (@HMul.hMul.{0, 0, 0} Nat Nat Nat (@instHMul.{0} Nat instMulNat)
                      (@OfNat.ofNat.{0} Nat (nat_lit 2) (instOfNatNat (nat_lit 2)))
                      (@OfNat.ofNat.{0} Nat (nat_lit 1) (instOfNatNat (nat_lit 1)))))
                  Real Real Real.semiring Real.instAddCommMonoid (@Semiring.toModule.{0} Real Real.semiring))
                (@Pi.Function.module.{0, 0, 0}
                  (Fin
                    (@HMul.hMul.{0, 0, 0} Nat Nat Nat (@instHMul.{0} Nat instMulNat)
                      (@OfNat.ofNat.{0} Nat (nat_lit 2) (instOfNatNat (nat_lit 2)))
                      (@OfNat.ofNat.{0} Nat (nat_lit 1) (instOfNatNat (nat_lit 1)))))
                  Real Real Real.semiring Real.instAddCommMonoid (@Semiring.toModule.{0} Real Real.semiring)))
              (AuditRound10.Vec (@OfNat.ofNat.{0} Nat (nat_lit 1) (instOfNatNat (nat_lit 1))))
              (fun x => AuditRound10.Vec (@OfNat.ofNat.{0} Nat (nat_lit 1) (instOfNatNat (nat_lit 1))))
              (@LinearMap.instFunLike.{0, 0, 0, 0} Real Real
                (AuditRound10.Vec (@OfNat.ofNat.{0} Nat (nat_lit 1) (instOfNatNat (nat_lit 1))))
                (AuditRound10.Vec (@OfNat.ofNat.{0} Nat (nat_lit 1) (instOfNatNat (nat_lit 1)))) Real.semiring
                Real.semiring
                (@Pi.addCommMonoid.{0, 0}
                  (Fin
                    (@HMul.hMul.{0, 0, 0} Nat Nat Nat (@instHMul.{0} Nat instMulNat)
                      (@OfNat.ofNat.{0} Nat (nat_lit 2) (instOfNatNat (nat_lit 2)))
                      (@OfNat.ofNat.{0} Nat (nat_lit 1) (instOfNatNat (nat_lit 1)))))
                  (fun a => Real) fun i => Real.instAddCommMonoid)
                (@Pi.addCommMonoid.{0, 0}
                  (Fin
                    (@HMul.hMul.{0, 0, 0} Nat Nat Nat (@instHMul.{0} Nat instMulNat)
                      (@OfNat.ofNat.{0} Nat (nat_lit 2) (instOfNatNat (nat_lit 2)))
                      (@OfNat.ofNat.{0} Nat (nat_lit 1) (instOfNatNat (nat_lit 1)))))
                  (fun a => Real) fun i => Real.instAddCommMonoid)
                (@Pi.Function.module.{0, 0, 0}
                  (Fin
                    (@HMul.hMul.{0, 0, 0} Nat Nat Nat (@instHMul.{0} Nat instMulNat)
                      (@OfNat.ofNat.{0} Nat (nat_lit 2) (instOfNatNat (nat_lit 2)))
                      (@OfNat.ofNat.{0} Nat (nat_lit 1) (instOfNatNat (nat_lit 1)))))
                  Real Real Real.semiring Real.instAddCommMonoid (@Semiring.toModule.{0} Real Real.semiring))
                (@Pi.Function.module.{0, 0, 0}
                  (Fin
                    (@HMul.hMul.{0, 0, 0} Nat Nat Nat (@instHMul.{0} Nat instMulNat)
                      (@OfNat.ofNat.{0} Nat (nat_lit 2) (instOfNatNat (nat_lit 2)))
                      (@OfNat.ofNat.{0} Nat (nat_lit 1) (instOfNatNat (nat_lit 1)))))
                  Real Real Real.semiring Real.instAddCommMonoid (@Semiring.toModule.{0} Real Real.semiring))
                (@RingHom.id.{0} Real (@Semiring.toNonAssocSemiring.{0} Real Real.semiring)))
              (@Neg.neg.{0}
                (@LinearMap.{0, 0, 0, 0} Real Real Real.semiring Real.semiring
                  (@RingHom.id.{0} Real (@Semiring.toNonAssocSemiring.{0} Real Real.semiring))
                  (AuditRound10.Vec (@OfNat.ofNat.{0} Nat (nat_lit 1) (instOfNatNat (nat_lit 1))))
                  (AuditRound10.Vec (@OfNat.ofNat.{0} Nat (nat_lit 1) (instOfNatNat (nat_lit 1))))
                  (@Pi.addCommMonoid.{0, 0}
                    (Fin
                      (@HMul.hMul.{0, 0, 0} Nat Nat Nat (@instHMul.{0} Nat instMulNat)
                        (@OfNat.ofNat.{0} Nat (nat_lit 2) (instOfNatNat (nat_lit 2)))
                        (@OfNat.ofNat.{0} Nat (nat_lit 1) (instOfNatNat (nat_lit 1)))))
                    (fun a => Real) fun i => Real.instAddCommMonoid)
                  (@Pi.addCommMonoid.{0, 0}
                    (Fin
                      (@HMul.hMul.{0, 0, 0} Nat Nat Nat (@instHMul.{0} Nat instMulNat)
                        (@OfNat.ofNat.{0} Nat (nat_lit 2) (instOfNatNat (nat_lit 2)))
                        (@OfNat.ofNat.{0} Nat (nat_lit 1) (instOfNatNat (nat_lit 1)))))
                    (fun a => Real) fun i => Real.instAddCommMonoid)
                  (@Pi.Function.module.{0, 0, 0}
                    (Fin
                      (@HMul.hMul.{0, 0, 0} Nat Nat Nat (@instHMul.{0} Nat instMulNat)
                        (@OfNat.ofNat.{0} Nat (nat_lit 2) (instOfNatNat (nat_lit 2)))
                        (@OfNat.ofNat.{0} Nat (nat_lit 1) (instOfNatNat (nat_lit 1)))))
                    Real Real Real.semiring Real.instAddCommMonoid (@Semiring.toModule.{0} Real Real.semiring))
                  (@Pi.Function.module.{0, 0, 0}
                    (Fin
                      (@HMul.hMul.{0, 0, 0} Nat Nat Nat (@instHMul.{0} Nat instMulNat)
                        (@OfNat.ofNat.{0} Nat (nat_lit 2) (instOfNatNat (nat_lit 2)))
                        (@OfNat.ofNat.{0} Nat (nat_lit 1) (instOfNatNat (nat_lit 1)))))
                    Real Real Real.semiring Real.instAddCommMonoid (@Semiring.toModule.{0} Real Real.semiring)))
                (@LinearMap.instNeg.{0, 0, 0, 0} Real Real
                  (AuditRound10.Vec (@OfNat.ofNat.{0} Nat (nat_lit 1) (instOfNatNat (nat_lit 1))))
                  (AuditRound10.Vec (@OfNat.ofNat.{0} Nat (nat_lit 1) (instOfNatNat (nat_lit 1)))) Real.semiring
                  Real.semiring
                  (@Pi.addCommMonoid.{0, 0}
                    (Fin
                      (@HMul.hMul.{0, 0, 0} Nat Nat Nat (@instHMul.{0} Nat instMulNat)
                        (@OfNat.ofNat.{0} Nat (nat_lit 2) (instOfNatNat (nat_lit 2)))
                        (@OfNat.ofNat.{0} Nat (nat_lit 1) (instOfNatNat (nat_lit 1)))))
                    (fun a => Real) fun i => Real.instAddCommMonoid)
                  (@Pi.addCommGroup.{0, 0}
                    (Fin
                      (@HMul.hMul.{0, 0, 0} Nat Nat Nat (@instHMul.{0} Nat instMulNat)
                        (@OfNat.ofNat.{0} Nat (nat_lit 2) (instOfNatNat (nat_lit 2)))
                        (@OfNat.ofNat.{0} Nat (nat_lit 1) (instOfNatNat (nat_lit 1)))))
                    (fun a => Real) fun i => Real.instAddCommGroup)
                  (@Pi.Function.module.{0, 0, 0}
                    (Fin
                      (@HMul.hMul.{0, 0, 0} Nat Nat Nat (@instHMul.{0} Nat instMulNat)
                        (@OfNat.ofNat.{0} Nat (nat_lit 2) (instOfNatNat (nat_lit 2)))
                        (@OfNat.ofNat.{0} Nat (nat_lit 1) (instOfNatNat (nat_lit 1)))))
                    Real Real Real.semiring Real.instAddCommMonoid (@Semiring.toModule.{0} Real Real.semiring))
                  (@Pi.Function.module.{0, 0, 0}
                    (Fin
                      (@HMul.hMul.{0, 0, 0} Nat Nat Nat (@instHMul.{0} Nat instMulNat)
                        (@OfNat.ofNat.{0} Nat (nat_lit 2) (instOfNatNat (nat_lit 2)))
                        (@OfNat.ofNat.{0} Nat (nat_lit 1) (instOfNatNat (nat_lit 1)))))
                    Real Real Real.semiring Real.instAddCommMonoid (@Semiring.toModule.{0} Real Real.semiring))
                  (@RingHom.id.{0} Real (@Semiring.toNonAssocSemiring.{0} Real Real.semiring)))
                (AuditRound10.J (@OfNat.ofNat.{0} Nat (nat_lit 1) (instOfNatNat (nat_lit 1)))))
              fun x => @OfNat.ofNat.{0} Real (nat_lit 1) (@One.toOfNat1.{0} Real Real.instOne))
            (@OfNat.ofNat.{0}
              (Fin
                (@HMul.hMul.{0, 0, 0} Nat Nat Nat (@instHMul.{0} Nat instMulNat)
                  (@OfNat.ofNat.{0} Nat (nat_lit 2) (instOfNatNat (nat_lit 2)))
                  (@OfNat.ofNat.{0} Nat (nat_lit 1) (instOfNatNat (nat_lit 1)))))
              (nat_lit 0)
              (@Fin.instOfNat
                (@HMul.hMul.{0, 0, 0} Nat Nat Nat (@instHMul.{0} Nat instMulNat)
                  (@OfNat.ofNat.{0} Nat (nat_lit 2) (instOfNatNat (nat_lit 2)))
                  (@OfNat.ofNat.{0} Nat (nat_lit 1) (instOfNatNat (nat_lit 1))))
                (@instNeZeroNatHMul (@OfNat.ofNat.{0} Nat (nat_lit 2) (instOfNatNat (nat_lit 2)))
                  (@OfNat.ofNat.{0} Nat (nat_lit 1) (instOfNatNat (nat_lit 1)))
                  (@Nat.instNeZeroSucc (@OfNat.ofNat.{0} Nat (nat_lit 1) (instOfNatNat (nat_lit 1))))
                  (@Nat.instNeZeroSucc (@OfNat.ofNat.{0} Nat (nat_lit 0) (instOfNatNat (nat_lit 0)))))
                (nat_lit 0))))
          (@DFunLike.coe.{1, 1, 1}
            (@LinearMap.{0, 0, 0, 0} Real Real Real.semiring Real.semiring
              (@RingHom.id.{0} Real (@Semiring.toNonAssocSemiring.{0} Real Real.semiring))
              (AuditRound10.Vec (@OfNat.ofNat.{0} Nat (nat_lit 1) (instOfNatNat (nat_lit 1))))
              (AuditRound10.Vec (@OfNat.ofNat.{0} Nat (nat_lit 1) (instOfNatNat (nat_lit 1))))
              (@Pi.addCommMonoid.{0, 0}
                (Fin
                  (@HMul.hMul.{0, 0, 0} Nat Nat Nat (@instHMul.{0} Nat instMulNat)
                    (@OfNat.ofNat.{0} Nat (nat_lit 2) (instOfNatNat (nat_lit 2)))
                    (@OfNat.ofNat.{0} Nat (nat_lit 1) (instOfNatNat (nat_lit 1)))))
                (fun a => Real) fun i => Real.instAddCommMonoid)
              (@Pi.addCommMonoid.{0, 0}
                (Fin
                  (@HMul.hMul.{0, 0, 0} Nat Nat Nat (@instHMul.{0} Nat instMulNat)
                    (@OfNat.ofNat.{0} Nat (nat_lit 2) (instOfNatNat (nat_lit 2)))
                    (@OfNat.ofNat.{0} Nat (nat_lit 1) (instOfNatNat (nat_lit 1)))))
                (fun a => Real) fun i => Real.instAddCommMonoid)
              (@Pi.Function.module.{0, 0, 0}
                (Fin
                  (@HMul.hMul.{0, 0, 0} Nat Nat Nat (@instHMul.{0} Nat instMulNat)
                    (@OfNat.ofNat.{0} Nat (nat_lit 2) (instOfNatNat (nat_lit 2)))
                    (@OfNat.ofNat.{0} Nat (nat_lit 1) (instOfNatNat (nat_lit 1)))))
                Real Real Real.semiring Real.instAddCommMonoid (@Semiring.toModule.{0} Real Real.semiring))
              (@Pi.Function.module.{0, 0, 0}
                (Fin
                  (@HMul.hMul.{0, 0, 0} Nat Nat Nat (@instHMul.{0} Nat instMulNat)
                    (@OfNat.ofNat.{0} Nat (nat_lit 2) (instOfNatNat (nat_lit 2)))
                    (@OfNat.ofNat.{0} Nat (nat_lit 1) (instOfNatNat (nat_lit 1)))))
                Real Real Real.semiring Real.instAddCommMonoid (@Semiring.toModule.{0} Real Real.semiring)))
            (AuditRound10.Vec (@OfNat.ofNat.{0} Nat (nat_lit 1) (instOfNatNat (nat_lit 1))))
            (fun x => AuditRound10.Vec (@OfNat.ofNat.{0} Nat (nat_lit 1) (instOfNatNat (nat_lit 1))))
            (@LinearMap.instFunLike.{0, 0, 0, 0} Real Real
              (AuditRound10.Vec (@OfNat.ofNat.{0} Nat (nat_lit 1) (instOfNatNat (nat_lit 1))))
              (AuditRound10.Vec (@OfNat.ofNat.{0} Nat (nat_lit 1) (instOfNatNat (nat_lit 1)))) Real.semiring
              Real.semiring
              (@Pi.addCommMonoid.{0, 0}
                (Fin
                  (@HMul.hMul.{0, 0, 0} Nat Nat Nat (@instHMul.{0} Nat instMulNat)
                    (@OfNat.ofNat.{0} Nat (nat_lit 2) (instOfNatNat (nat_lit 2)))
                    (@OfNat.ofNat.{0} Nat (nat_lit 1) (instOfNatNat (nat_lit 1)))))
                (fun a => Real) fun i => Real.instAddCommMonoid)
              (@Pi.addCommMonoid.{0, 0}
                (Fin
                  (@HMul.hMul.{0, 0, 0} Nat Nat Nat (@instHMul.{0} Nat instMulNat)
                    (@OfNat.ofNat.{0} Nat (nat_lit 2) (instOfNatNat (nat_lit 2)))
                    (@OfNat.ofNat.{0} Nat (nat_lit 1) (instOfNatNat (nat_lit 1)))))
                (fun a => Real) fun i => Real.instAddCommMonoid)
              (@Pi.Function.module.{0, 0, 0}
                (Fin
                  (@HMul.hMul.{0, 0, 0} Nat Nat Nat (@instHMul.{0} Nat instMulNat)
                    (@OfNat.ofNat.{0} Nat (nat_lit 2) (instOfNatNat (nat_lit 2)))
                    (@OfNat.ofNat.{0} Nat (nat_lit 1) (instOfNatNat (nat_lit 1)))))
                Real Real Real.semiring Real.instAddCommMonoid (@Semiring.toModule.{0} Real Real.semiring))
              (@Pi.Function.module.{0, 0, 0}
                (Fin
                  (@HMul.hMul.{0, 0, 0} Nat Nat Nat (@instHMul.{0} Nat instMulNat)
                    (@OfNat.ofNat.{0} Nat (nat_lit 2) (instOfNatNat (nat_lit 2)))
                    (@OfNat.ofNat.{0} Nat (nat_lit 1) (instOfNatNat (nat_lit 1)))))
                Real Real Real.semiring Real.instAddCommMonoid (@Semiring.toModule.{0} Real Real.semiring))
              (@RingHom.id.{0} Real (@Semiring.toNonAssocSemiring.{0} Real Real.semiring)))
            (@Neg.neg.{0}
              (@LinearMap.{0, 0, 0, 0} Real Real Real.semiring Real.semiring
                (@RingHom.id.{0} Real (@Semiring.toNonAssocSemiring.{0} Real Real.semiring))
                (AuditRound10.Vec (@OfNat.ofNat.{0} Nat (nat_lit 1) (instOfNatNat (nat_lit 1))))
                (AuditRound10.Vec (@OfNat.ofNat.{0} Nat (nat_lit 1) (instOfNatNat (nat_lit 1))))
                (@Pi.addCommMonoid.{0, 0}
                  (Fin
                    (@HMul.hMul.{0, 0, 0} Nat Nat Nat (@instHMul.{0} Nat instMulNat)
                      (@OfNat.ofNat.{0} Nat (nat_lit 2) (instOfNatNat (nat_lit 2)))
                      (@OfNat.ofNat.{0} Nat (nat_lit 1) (instOfNatNat (nat_lit 1)))))
                  (fun a => Real) fun i => Real.instAddCommMonoid)
                (@Pi.addCommMonoid.{0, 0}
                  (Fin
                    (@HMul.hMul.{0, 0, 0} Nat Nat Nat (@instHMul.{0} Nat instMulNat)
                      (@OfNat.ofNat.{0} Nat (nat_lit 2) (instOfNatNat (nat_lit 2)))
                      (@OfNat.ofNat.{0} Nat (nat_lit 1) (instOfNatNat (nat_lit 1)))))
                  (fun a => Real) fun i => Real.instAddCommMonoid)
                (@Pi.Function.module.{0, 0, 0}
                  (Fin
                    (@HMul.hMul.{0, 0, 0} Nat Nat Nat (@instHMul.{0} Nat instMulNat)
                      (@OfNat.ofNat.{0} Nat (nat_lit 2) (instOfNatNat (nat_lit 2)))
                      (@OfNat.ofNat.{0} Nat (nat_lit 1) (instOfNatNat (nat_lit 1)))))
                  Real Real Real.semiring Real.instAddCommMonoid (@Semiring.toModule.{0} Real Real.semiring))
                (@Pi.Function.module.{0, 0, 0}
                  (Fin
                    (@HMul.hMul.{0, 0, 0} Nat Nat Nat (@instHMul.{0} Nat instMulNat)
                      (@OfNat.ofNat.{0} Nat (nat_lit 2) (instOfNatNat (nat_lit 2)))
                      (@OfNat.ofNat.{0} Nat (nat_lit 1) (instOfNatNat (nat_lit 1)))))
                  Real Real Real.semiring Real.instAddCommMonoid (@Semiring.toModule.{0} Real Real.semiring)))
              (@LinearMap.instNeg.{0, 0, 0, 0} Real Real
                (AuditRound10.Vec (@OfNat.ofNat.{0} Nat (nat_lit 1) (instOfNatNat (nat_lit 1))))
                (AuditRound10.Vec (@OfNat.ofNat.{0} Nat (nat_lit 1) (instOfNatNat (nat_lit 1)))) Real.semiring
                Real.semiring
                (@Pi.addCommMonoid.{0, 0}
                  (Fin
                    (@HMul.hMul.{0, 0, 0} Nat Nat Nat (@instHMul.{0} Nat instMulNat)
                      (@OfNat.ofNat.{0} Nat (nat_lit 2) (instOfNatNat (nat_lit 2)))
                      (@OfNat.ofNat.{0} Nat (nat_lit 1) (instOfNatNat (nat_lit 1)))))
                  (fun a => Real) fun i => Real.instAddCommMonoid)
                (@Pi.addCommGroup.{0, 0}
                  (Fin
                    (@HMul.hMul.{0, 0, 0} Nat Nat Nat (@instHMul.{0} Nat instMulNat)
                      (@OfNat.ofNat.{0} Nat (nat_lit 2) (instOfNatNat (nat_lit 2)))
                      (@OfNat.ofNat.{0} Nat (nat_lit 1) (instOfNatNat (nat_lit 1)))))
                  (fun a => Real) fun i => Real.instAddCommGroup)
                (@Pi.Function.module.{0, 0, 0}
                  (Fin
                    (@HMul.hMul.{0, 0, 0} Nat Nat Nat (@instHMul.{0} Nat instMulNat)
                      (@OfNat.ofNat.{0} Nat (nat_lit 2) (instOfNatNat (nat_lit 2)))
                      (@OfNat.ofNat.{0} Nat (nat_lit 1) (instOfNatNat (nat_lit 1)))))
                  Real Real Real.semiring Real.instAddCommMonoid (@Semiring.toModule.{0} Real Real.semiring))
                (@Pi.Function.module.{0, 0, 0}
                  (Fin
                    (@HMul.hMul.{0, 0, 0} Nat Nat Nat (@instHMul.{0} Nat instMulNat)
                      (@OfNat.ofNat.{0} Nat (nat_lit 2) (instOfNatNat (nat_lit 2)))
                      (@OfNat.ofNat.{0} Nat (nat_lit 1) (instOfNatNat (nat_lit 1)))))
                  Real Real Real.semiring Real.instAddCommMonoid (@Semiring.toModule.{0} Real Real.semiring))
                (@RingHom.id.{0} Real (@Semiring.toNonAssocSemiring.{0} Real Real.semiring)))
              (AuditRound10.J (@OfNat.ofNat.{0} Nat (nat_lit 1) (instOfNatNat (nat_lit 1)))))
            (fun x => @OfNat.ofNat.{0} Real (nat_lit 1) (@One.toOfNat1.{0} Real Real.instOne))
            (@OfNat.ofNat.{0}
              (Fin
                (@HMul.hMul.{0, 0, 0} Nat Nat Nat (@instHMul.{0} Nat instMulNat)
                  (@OfNat.ofNat.{0} Nat (nat_lit 2) (instOfNatNat (nat_lit 2)))
                  (@OfNat.ofNat.{0} Nat (nat_lit 1) (instOfNatNat (nat_lit 1)))))
              (nat_lit 0)
              (@Fin.instOfNat
                (@HMul.hMul.{0, 0, 0} Nat Nat Nat (@instHMul.{0} Nat instMulNat)
                  (@OfNat.ofNat.{0} Nat (nat_lit 2) (instOfNatNat (nat_lit 2)))
                  (@OfNat.ofNat.{0} Nat (nat_lit 1) (instOfNatNat (nat_lit 1))))
                (@instNeZeroNatHMul (@OfNat.ofNat.{0} Nat (nat_lit 2) (instOfNatNat (nat_lit 2)))
                  (@OfNat.ofNat.{0} Nat (nat_lit 1) (instOfNatNat (nat_lit 1)))
                  (@Nat.instNeZeroSucc (@OfNat.ofNat.{0} Nat (nat_lit 1) (instOfNatNat (nat_lit 1))))
                  (@Nat.instNeZeroSucc (@OfNat.ofNat.{0} Nat (nat_lit 0) (instOfNatNat (nat_lit 0)))))
                (nat_lit 0)))))
        (@Eq.{1} Real
          (@OfNat.ofNat.{0} Real (nat_lit 1)
            (@One.toOfNat1.{0} Real
              (@AddMonoidWithOne.toOne.{0} Real (@Mathlib.Meta.NormNum.instAddMonoidWithOne.{0} Real Real.instRing))))
          (@Neg.neg.{0} Real
            (@SubNegMonoid.toNeg.{0}
              ((fun a => Real)
                (@OfNat.ofNat.{0}
                  (Fin
                    (@HMul.hMul.{0, 0, 0} Nat Nat Nat (@instHMul.{0} Nat instMulNat)
                      (@OfNat.ofNat.{0} Nat (nat_lit 2) (instOfNatNat (nat_lit 2)))
                      (@OfNat.ofNat.{0} Nat (nat_lit 1) (instOfNatNat (nat_lit 1)))))
                  (nat_lit 0)
                  (@Fin.instOfNat
                    (@HMul.hMul.{0, 0, 0} Nat Nat Nat (@instHMul.{0} Nat instMulNat)
                      (@OfNat.ofNat.{0} Nat (nat_lit 2) (instOfNatNat (nat_lit 2)))
                      (@OfNat.ofNat.{0} Nat (nat_lit 1) (instOfNatNat (nat_lit 1))))
                    (@instNeZeroNatHMul (@OfNat.ofNat.{0} Nat (nat_lit 2) (instOfNatNat (nat_lit 2)))
                      (@OfNat.ofNat.{0} Nat (nat_lit 1) (instOfNatNat (nat_lit 1)))
                      (@Nat.instNeZeroSucc (@OfNat.ofNat.{0} Nat (nat_lit 1) (instOfNatNat (nat_lit 1))))
                      (@Nat.instNeZeroSucc (@OfNat.ofNat.{0} Nat (nat_lit 0) (instOfNatNat (nat_lit 0)))))
                    (nat_lit 0))))
              ((fun i =>
                  @AddGroup.toSubNegMonoid.{0} ((fun a => Real) i)
                    ((fun i => @AddCommGroup.toAddGroup.{0} ((fun a => Real) i) ((fun i => Real.instAddCommGroup) i))
                      i))
                (@OfNat.ofNat.{0} (Fin (@HMul.hMul.{0, 0, 0} Nat Nat ⋯ ⋯ ⋯ ⋯)) ⋯ ⋯)))
            ⋯))
        ⋯ ⋯ ⋯)
      ⋯)
'AuditRound10Controls.flip_not_projection' depends on axioms: [propext, Classical.choice.{u}, Quot.sound.{u}]
theorem AuditRound10Controls.reflection_plus_sign_false : @Ne.{1}
  (AuditRound10.Vec (@OfNat.ofNat.{0} Nat (nat_lit 1) (instOfNatNat (nat_lit 1))))
  (@AuditRound10.reflect (@OfNat.ofNat.{0} Nat (nat_lit 1) (instOfNatNat (nat_lit 1)))
    (@HAdd.hAdd.{0, 0, 0} (AuditRound10.Vec (@OfNat.ofNat.{0} Nat (nat_lit 1) (instOfNatNat (nat_lit 1))))
      (Fin
          (@HMul.hMul.{0, 0, 0} Nat Nat Nat (@instHMul.{0} Nat instMulNat)
            (@OfNat.ofNat.{0} Nat (nat_lit 2) (instOfNatNat (nat_lit 2)))
            (@OfNat.ofNat.{0} Nat (nat_lit 1) (instOfNatNat (nat_lit 1)))) →
        Real)
      (AuditRound10.Vec (@OfNat.ofNat.{0} Nat (nat_lit 1) (instOfNatNat (nat_lit 1))))
      (@instHAdd.{0} (AuditRound10.Vec (@OfNat.ofNat.{0} Nat (nat_lit 1) (instOfNatNat (nat_lit 1))))
        (@Pi.instAdd.{0, 0}
          (Fin
            (@HMul.hMul.{0, 0, 0} Nat Nat Nat (@instHMul.{0} Nat instMulNat)
              (@OfNat.ofNat.{0} Nat (nat_lit 2) (instOfNatNat (nat_lit 2)))
              (@OfNat.ofNat.{0} Nat (nat_lit 1) (instOfNatNat (nat_lit 1)))))
          (fun a => Real) fun i => Real.instAdd))
      (@OfNat.ofNat.{0} (AuditRound10.Vec (@OfNat.ofNat.{0} Nat (nat_lit 1) (instOfNatNat (nat_lit 1)))) (nat_lit 0)
        (@Zero.toOfNat0.{0} (AuditRound10.Vec (@OfNat.ofNat.{0} Nat (nat_lit 1) (instOfNatNat (nat_lit 1))))
          (@Pi.instZero.{0, 0}
            (Fin
              (@HMul.hMul.{0, 0, 0} Nat Nat Nat (@instHMul.{0} Nat instMulNat)
                (@OfNat.ofNat.{0} Nat (nat_lit 2) (instOfNatNat (nat_lit 2)))
                (@OfNat.ofNat.{0} Nat (nat_lit 1) (instOfNatNat (nat_lit 1)))))
            (fun a => Real) fun i => Real.instZero)))
      fun x => @OfNat.ofNat.{0} Real (nat_lit 1) (@One.toOfNat1.{0} Real Real.instOne)))
  (@HAdd.hAdd.{0, 0, 0} (AuditRound10.Vec (@OfNat.ofNat.{0} Nat (nat_lit 1) (instOfNatNat (nat_lit 1))))
    (AuditRound10.Vec (@OfNat.ofNat.{0} Nat (nat_lit 1) (instOfNatNat (nat_lit 1))))
    (AuditRound10.Vec (@OfNat.ofNat.{0} Nat (nat_lit 1) (instOfNatNat (nat_lit 1))))
    (@instHAdd.{0} (AuditRound10.Vec (@OfNat.ofNat.{0} Nat (nat_lit 1) (instOfNatNat (nat_lit 1))))
      (@Pi.instAdd.{0, 0}
        (Fin
          (@HMul.hMul.{0, 0, 0} Nat Nat Nat (@instHMul.{0} Nat instMulNat)
            (@OfNat.ofNat.{0} Nat (nat_lit 2) (instOfNatNat (nat_lit 2)))
            (@OfNat.ofNat.{0} Nat (nat_lit 1) (instOfNatNat (nat_lit 1)))))
        (fun a => Real) fun i => Real.instAdd))
    (@AuditRound10.reflect (@OfNat.ofNat.{0} Nat (nat_lit 1) (instOfNatNat (nat_lit 1)))
      (@OfNat.ofNat.{0} (AuditRound10.Vec (@OfNat.ofNat.{0} Nat (nat_lit 1) (instOfNatNat (nat_lit 1)))) (nat_lit 0)
        (@Zero.toOfNat0.{0} (AuditRound10.Vec (@OfNat.ofNat.{0} Nat (nat_lit 1) (instOfNatNat (nat_lit 1))))
          (@Pi.instZero.{0, 0}
            (Fin
              (@HMul.hMul.{0, 0, 0} Nat Nat Nat (@instHMul.{0} Nat instMulNat)
                (@OfNat.ofNat.{0} Nat (nat_lit 2) (instOfNatNat (nat_lit 2)))
                (@OfNat.ofNat.{0} Nat (nat_lit 1) (instOfNatNat (nat_lit 1)))))
            (fun a => Real) fun i => Real.instZero))))
    (@DFunLike.coe.{1, 1, 1}
      (@LinearMap.{0, 0, 0, 0} Real Real Real.semiring Real.semiring
        (@RingHom.id.{0} Real (@Semiring.toNonAssocSemiring.{0} Real Real.semiring))
        (AuditRound10.Vec (@OfNat.ofNat.{0} Nat (nat_lit 1) (instOfNatNat (nat_lit 1))))
        (AuditRound10.Vec (@OfNat.ofNat.{0} Nat (nat_lit 1) (instOfNatNat (nat_lit 1))))
        (@Pi.addCommMonoid.{0, 0}
          (Fin
            (@HMul.hMul.{0, 0, 0} Nat Nat Nat (@instHMul.{0} Nat instMulNat)
              (@OfNat.ofNat.{0} Nat (nat_lit 2) (instOfNatNat (nat_lit 2)))
              (@OfNat.ofNat.{0} Nat (nat_lit 1) (instOfNatNat (nat_lit 1)))))
          (fun a => Real) fun i => Real.instAddCommMonoid)
        (@Pi.addCommMonoid.{0, 0}
          (Fin
            (@HMul.hMul.{0, 0, 0} Nat Nat Nat (@instHMul.{0} Nat instMulNat)
              (@OfNat.ofNat.{0} Nat (nat_lit 2) (instOfNatNat (nat_lit 2)))
              (@OfNat.ofNat.{0} Nat (nat_lit 1) (instOfNatNat (nat_lit 1)))))
          (fun a => Real) fun i => Real.instAddCommMonoid)
        (@Pi.Function.module.{0, 0, 0}
          (Fin
            (@HMul.hMul.{0, 0, 0} Nat Nat Nat (@instHMul.{0} Nat instMulNat)
              (@OfNat.ofNat.{0} Nat (nat_lit 2) (instOfNatNat (nat_lit 2)))
              (@OfNat.ofNat.{0} Nat (nat_lit 1) (instOfNatNat (nat_lit 1)))))
          Real Real Real.semiring Real.instAddCommMonoid (@Semiring.toModule.{0} Real Real.semiring))
        (@Pi.Function.module.{0, 0, 0}
          (Fin
            (@HMul.hMul.{0, 0, 0} Nat Nat Nat (@instHMul.{0} Nat instMulNat)
              (@OfNat.ofNat.{0} Nat (nat_lit 2) (instOfNatNat (nat_lit 2)))
              (@OfNat.ofNat.{0} Nat (nat_lit 1) (instOfNatNat (nat_lit 1)))))
          Real Real Real.semiring Real.instAddCommMonoid (@Semiring.toModule.{0} Real Real.semiring)))
      (AuditRound10.Vec (@OfNat.ofNat.{0} Nat (nat_lit 1) (instOfNatNat (nat_lit 1))))
      (fun x => AuditRound10.Vec (@OfNat.ofNat.{0} Nat (nat_lit 1) (instOfNatNat (nat_lit 1))))
      (@LinearMap.instFunLike.{0, 0, 0, 0} Real Real
        (AuditRound10.Vec (@OfNat.ofNat.{0} Nat (nat_lit 1) (instOfNatNat (nat_lit 1))))
        (AuditRound10.Vec (@OfNat.ofNat.{0} Nat (nat_lit 1) (instOfNatNat (nat_lit 1)))) Real.semiring Real.semiring
        (@Pi.addCommMonoid.{0, 0}
          (Fin
            (@HMul.hMul.{0, 0, 0} Nat Nat Nat (@instHMul.{0} Nat instMulNat)
              (@OfNat.ofNat.{0} Nat (nat_lit 2) (instOfNatNat (nat_lit 2)))
              (@OfNat.ofNat.{0} Nat (nat_lit 1) (instOfNatNat (nat_lit 1)))))
          (fun a => Real) fun i => Real.instAddCommMonoid)
        (@Pi.addCommMonoid.{0, 0}
          (Fin
            (@HMul.hMul.{0, 0, 0} Nat Nat Nat (@instHMul.{0} Nat instMulNat)
              (@OfNat.ofNat.{0} Nat (nat_lit 2) (instOfNatNat (nat_lit 2)))
              (@OfNat.ofNat.{0} Nat (nat_lit 1) (instOfNatNat (nat_lit 1)))))
          (fun a => Real) fun i => Real.instAddCommMonoid)
        (@Pi.Function.module.{0, 0, 0}
          (Fin
            (@HMul.hMul.{0, 0, 0} Nat Nat Nat (@instHMul.{0} Nat instMulNat)
              (@OfNat.ofNat.{0} Nat (nat_lit 2) (instOfNatNat (nat_lit 2)))
              (@OfNat.ofNat.{0} Nat (nat_lit 1) (instOfNatNat (nat_lit 1)))))
          Real Real Real.semiring Real.instAddCommMonoid (@Semiring.toModule.{0} Real Real.semiring))
        (@Pi.Function.module.{0, 0, 0}
          (Fin
            (@HMul.hMul.{0, 0, 0} Nat Nat Nat (@instHMul.{0} Nat instMulNat)
              (@OfNat.ofNat.{0} Nat (nat_lit 2) (instOfNatNat (nat_lit 2)))
              (@OfNat.ofNat.{0} Nat (nat_lit 1) (instOfNatNat (nat_lit 1)))))
          Real Real Real.semiring Real.instAddCommMonoid (@Semiring.toModule.{0} Real Real.semiring))
        (@RingHom.id.{0} Real (@Semiring.toNonAssocSemiring.{0} Real Real.semiring)))
      (AuditRound10.J (@OfNat.ofNat.{0} Nat (nat_lit 1) (instOfNatNat (nat_lit 1)))) fun x =>
      @OfNat.ofNat.{0} Real (nat_lit 1) (@One.toOfNat1.{0} Real Real.instOne))) :=
fun h =>
  have hi :=
    @congrFun.{1, 1}
      (Fin
        (@HMul.hMul.{0, 0, 0} Nat Nat Nat (@instHMul.{0} Nat instMulNat)
          (@OfNat.ofNat.{0} Nat (nat_lit 2) (instOfNatNat (nat_lit 2)))
          (@OfNat.ofNat.{0} Nat (nat_lit 1) (instOfNatNat (nat_lit 1)))))
      (fun x => Real)
      (@AuditRound10.reflect (@OfNat.ofNat.{0} Nat (nat_lit 1) (instOfNatNat (nat_lit 1)))
        (@HAdd.hAdd.{0, 0, 0} (AuditRound10.Vec (@OfNat.ofNat.{0} Nat (nat_lit 1) (instOfNatNat (nat_lit 1))))
          (Fin
              (@HMul.hMul.{0, 0, 0} Nat Nat Nat (@instHMul.{0} Nat instMulNat)
                (@OfNat.ofNat.{0} Nat (nat_lit 2) (instOfNatNat (nat_lit 2)))
                (@OfNat.ofNat.{0} Nat (nat_lit 1) (instOfNatNat (nat_lit 1)))) →
            Real)
          (AuditRound10.Vec (@OfNat.ofNat.{0} Nat (nat_lit 1) (instOfNatNat (nat_lit 1))))
          (@instHAdd.{0} (AuditRound10.Vec (@OfNat.ofNat.{0} Nat (nat_lit 1) (instOfNatNat (nat_lit 1))))
            (@Pi.instAdd.{0, 0}
              (Fin
                (@HMul.hMul.{0, 0, 0} Nat Nat Nat (@instHMul.{0} Nat instMulNat)
                  (@OfNat.ofNat.{0} Nat (nat_lit 2) (instOfNatNat (nat_lit 2)))
                  (@OfNat.ofNat.{0} Nat (nat_lit 1) (instOfNatNat (nat_lit 1)))))
              (fun a => Real) fun i => Real.instAdd))
          (@OfNat.ofNat.{0} (AuditRound10.Vec (@OfNat.ofNat.{0} Nat (nat_lit 1) (instOfNatNat (nat_lit 1)))) (nat_lit 0)
            (@Zero.toOfNat0.{0} (AuditRound10.Vec (@OfNat.ofNat.{0} Nat (nat_lit 1) (instOfNatNat (nat_lit 1))))
              (@Pi.instZero.{0, 0}
                (Fin
                  (@HMul.hMul.{0, 0, 0} Nat Nat Nat (@instHMul.{0} Nat instMulNat)
                    (@OfNat.ofNat.{0} Nat (nat_lit 2) (instOfNatNat (nat_lit 2)))
                    (@OfNat.ofNat.{0} Nat (nat_lit 1) (instOfNatNat (nat_lit 1)))))
                (fun a => Real) fun i => Real.instZero)))
          fun x => @OfNat.ofNat.{0} Real (nat_lit 1) (@One.toOfNat1.{0} Real Real.instOne)))
      (@HAdd.hAdd.{0, 0, 0} (AuditRound10.Vec (@OfNat.ofNat.{0} Nat (nat_lit 1) (instOfNatNat (nat_lit 1))))
        (AuditRound10.Vec (@OfNat.ofNat.{0} Nat (nat_lit 1) (instOfNatNat (nat_lit 1))))
        (AuditRound10.Vec (@OfNat.ofNat.{0} Nat (nat_lit 1) (instOfNatNat (nat_lit 1))))
        (@instHAdd.{0} (AuditRound10.Vec (@OfNat.ofNat.{0} Nat (nat_lit 1) (instOfNatNat (nat_lit 1))))
          (@Pi.instAdd.{0, 0}
            (Fin
              (@HMul.hMul.{0, 0, 0} Nat Nat Nat (@instHMul.{0} Nat instMulNat)
                (@OfNat.ofNat.{0} Nat (nat_lit 2) (instOfNatNat (nat_lit 2)))
                (@OfNat.ofNat.{0} Nat (nat_lit 1) (instOfNatNat (nat_lit 1)))))
            (fun a => Real) fun i => Real.instAdd))
        (@AuditRound10.reflect (@OfNat.ofNat.{0} Nat (nat_lit 1) (instOfNatNat (nat_lit 1)))
          (@OfNat.ofNat.{0} (AuditRound10.Vec (@OfNat.ofNat.{0} Nat (nat_lit 1) (instOfNatNat (nat_lit 1)))) (nat_lit 0)
            (@Zero.toOfNat0.{0} (AuditRound10.Vec (@OfNat.ofNat.{0} Nat (nat_lit 1) (instOfNatNat (nat_lit 1))))
              (@Pi.instZero.{0, 0}
                (Fin
                  (@HMul.hMul.{0, 0, 0} Nat Nat Nat (@instHMul.{0} Nat instMulNat)
                    (@OfNat.ofNat.{0} Nat (nat_lit 2) (instOfNatNat (nat_lit 2)))
                    (@OfNat.ofNat.{0} Nat (nat_lit 1) (instOfNatNat (nat_lit 1)))))
                (fun a => Real) fun i => Real.instZero))))
        (@DFunLike.coe.{1, 1, 1}
          (@LinearMap.{0, 0, 0, 0} Real Real Real.semiring Real.semiring
            (@RingHom.id.{0} Real (@Semiring.toNonAssocSemiring.{0} Real Real.semiring))
            (AuditRound10.Vec (@OfNat.ofNat.{0} Nat (nat_lit 1) (instOfNatNat (nat_lit 1))))
            (AuditRound10.Vec (@OfNat.ofNat.{0} Nat (nat_lit 1) (instOfNatNat (nat_lit 1))))
            (@Pi.addCommMonoid.{0, 0}
              (Fin
                (@HMul.hMul.{0, 0, 0} Nat Nat Nat (@instHMul.{0} Nat instMulNat)
                  (@OfNat.ofNat.{0} Nat (nat_lit 2) (instOfNatNat (nat_lit 2)))
                  (@OfNat.ofNat.{0} Nat (nat_lit 1) (instOfNatNat (nat_lit 1)))))
              (fun a => Real) fun i => Real.instAddCommMonoid)
            (@Pi.addCommMonoid.{0, 0}
              (Fin
                (@HMul.hMul.{0, 0, 0} Nat Nat Nat (@instHMul.{0} Nat instMulNat)
                  (@OfNat.ofNat.{0} Nat (nat_lit 2) (instOfNatNat (nat_lit 2)))
                  (@OfNat.ofNat.{0} Nat (nat_lit 1) (instOfNatNat (nat_lit 1)))))
              (fun a => Real) fun i => Real.instAddCommMonoid)
            (@Pi.Function.module.{0, 0, 0}
              (Fin
                (@HMul.hMul.{0, 0, 0} Nat Nat Nat (@instHMul.{0} Nat instMulNat)
                  (@OfNat.ofNat.{0} Nat (nat_lit 2) (instOfNatNat (nat_lit 2)))
                  (@OfNat.ofNat.{0} Nat (nat_lit 1) (instOfNatNat (nat_lit 1)))))
              Real Real Real.semiring Real.instAddCommMonoid (@Semiring.toModule.{0} Real Real.semiring))
            (@Pi.Function.module.{0, 0, 0}
              (Fin
                (@HMul.hMul.{0, 0, 0} Nat Nat Nat (@instHMul.{0} Nat instMulNat)
                  (@OfNat.ofNat.{0} Nat (nat_lit 2) (instOfNatNat (nat_lit 2)))
                  (@OfNat.ofNat.{0} Nat (nat_lit 1) (instOfNatNat (nat_lit 1)))))
              Real Real Real.semiring Real.instAddCommMonoid (@Semiring.toModule.{0} Real Real.semiring)))
          (AuditRound10.Vec (@OfNat.ofNat.{0} Nat (nat_lit 1) (instOfNatNat (nat_lit 1))))
          (fun x => AuditRound10.Vec (@OfNat.ofNat.{0} Nat (nat_lit 1) (instOfNatNat (nat_lit 1))))
          (@LinearMap.instFunLike.{0, 0, 0, 0} Real Real
            (AuditRound10.Vec (@OfNat.ofNat.{0} Nat (nat_lit 1) (instOfNatNat (nat_lit 1))))
            (AuditRound10.Vec (@OfNat.ofNat.{0} Nat (nat_lit 1) (instOfNatNat (nat_lit 1)))) Real.semiring Real.semiring
            (@Pi.addCommMonoid.{0, 0}
              (Fin
                (@HMul.hMul.{0, 0, 0} Nat Nat Nat (@instHMul.{0} Nat instMulNat)
                  (@OfNat.ofNat.{0} Nat (nat_lit 2) (instOfNatNat (nat_lit 2)))
                  (@OfNat.ofNat.{0} Nat (nat_lit 1) (instOfNatNat (nat_lit 1)))))
              (fun a => Real) fun i => Real.instAddCommMonoid)
            (@Pi.addCommMonoid.{0, 0}
              (Fin
                (@HMul.hMul.{0, 0, 0} Nat Nat Nat (@instHMul.{0} Nat instMulNat)
                  (@OfNat.ofNat.{0} Nat (nat_lit 2) (instOfNatNat (nat_lit 2)))
                  (@OfNat.ofNat.{0} Nat (nat_lit 1) (instOfNatNat (nat_lit 1)))))
              (fun a => Real) fun i => Real.instAddCommMonoid)
            (@Pi.Function.module.{0, 0, 0}
              (Fin
                (@HMul.hMul.{0, 0, 0} Nat Nat Nat (@instHMul.{0} Nat instMulNat)
                  (@OfNat.ofNat.{0} Nat (nat_lit 2) (instOfNatNat (nat_lit 2)))
                  (@OfNat.ofNat.{0} Nat (nat_lit 1) (instOfNatNat (nat_lit 1)))))
              Real Real Real.semiring Real.instAddCommMonoid (@Semiring.toModule.{0} Real Real.semiring))
            (@Pi.Function.module.{0, 0, 0}
              (Fin
                (@HMul.hMul.{0, 0, 0} Nat Nat Nat (@instHMul.{0} Nat instMulNat)
                  (@OfNat.ofNat.{0} Nat (nat_lit 2) (instOfNatNat (nat_lit 2)))
                  (@OfNat.ofNat.{0} Nat (nat_lit 1) (instOfNatNat (nat_lit 1)))))
              Real Real Real.semiring Real.instAddCommMonoid (@Semiring.toModule.{0} Real Real.semiring))
            (@RingHom.id.{0} Real (@Semiring.toNonAssocSemiring.{0} Real Real.semiring)))
          (AuditRound10.J (@OfNat.ofNat.{0} Nat (nat_lit 1) (instOfNatNat (nat_lit 1)))) fun x =>
          @OfNat.ofNat.{0} Real (nat_lit 1) (@One.toOfNat1.{0} Real Real.instOne)))
      h
      (@OfNat.ofNat.{0}
        (Fin
          (@HMul.hMul.{0, 0, 0} Nat Nat Nat (@instHMul.{0} Nat instMulNat)
            (@OfNat.ofNat.{0} Nat (nat_lit 2) (instOfNatNat (nat_lit 2)))
            (@OfNat.ofNat.{0} Nat (nat_lit 1) (instOfNatNat (nat_lit 1)))))
        (nat_lit 0)
        (@Fin.instOfNat
          (@HMul.hMul.{0, 0, 0} Nat Nat Nat (@instHMul.{0} Nat instMulNat)
            (@OfNat.ofNat.{0} Nat (nat_lit 2) (instOfNatNat (nat_lit 2)))
            (@OfNat.ofNat.{0} Nat (nat_lit 1) (instOfNatNat (nat_lit 1))))
          (@instNeZeroNatHMul (@OfNat.ofNat.{0} Nat (nat_lit 2) (instOfNatNat (nat_lit 2)))
            (@OfNat.ofNat.{0} Nat (nat_lit 1) (instOfNatNat (nat_lit 1)))
            (@Nat.instNeZeroSucc (@OfNat.ofNat.{0} Nat (nat_lit 1) (instOfNatNat (nat_lit 1))))
            (@Nat.instNeZeroSucc (@OfNat.ofNat.{0} Nat (nat_lit 0) (instOfNatNat (nat_lit 0)))))
          (nat_lit 0)));
  @False.elim.{0} False
    (@Eq.mp.{0}
      (@Eq.{1} Real
        (@AuditRound10.reflect (@OfNat.ofNat.{0} Nat (nat_lit 1) (instOfNatNat (nat_lit 1)))
          (@HAdd.hAdd.{0, 0, 0} (AuditRound10.Vec (@OfNat.ofNat.{0} Nat (nat_lit 1) (instOfNatNat (nat_lit 1))))
            (Fin
                (@HMul.hMul.{0, 0, 0} Nat Nat Nat (@instHMul.{0} Nat instMulNat)
                  (@OfNat.ofNat.{0} Nat (nat_lit 2) (instOfNatNat (nat_lit 2)))
                  (@OfNat.ofNat.{0} Nat (nat_lit 1) (instOfNatNat (nat_lit 1)))) →
              Real)
            (AuditRound10.Vec (@OfNat.ofNat.{0} Nat (nat_lit 1) (instOfNatNat (nat_lit 1))))
            (@instHAdd.{0} (AuditRound10.Vec (@OfNat.ofNat.{0} Nat (nat_lit 1) (instOfNatNat (nat_lit 1))))
              (@Pi.instAdd.{0, 0}
                (Fin
                  (@HMul.hMul.{0, 0, 0} Nat Nat Nat (@instHMul.{0} Nat instMulNat)
                    (@OfNat.ofNat.{0} Nat (nat_lit 2) (instOfNatNat (nat_lit 2)))
                    (@OfNat.ofNat.{0} Nat (nat_lit 1) (instOfNatNat (nat_lit 1)))))
                (fun a => Real) fun i => Real.instAdd))
            (@OfNat.ofNat.{0} (AuditRound10.Vec (@OfNat.ofNat.{0} Nat (nat_lit 1) (instOfNatNat (nat_lit 1))))
              (nat_lit 0)
              (@Zero.toOfNat0.{0} (AuditRound10.Vec (@OfNat.ofNat.{0} Nat (nat_lit 1) (instOfNatNat (nat_lit 1))))
                (@Pi.instZero.{0, 0}
                  (Fin
                    (@HMul.hMul.{0, 0, 0} Nat Nat Nat (@instHMul.{0} Nat instMulNat)
                      (@OfNat.ofNat.{0} Nat (nat_lit 2) (instOfNatNat (nat_lit 2)))
                      (@OfNat.ofNat.{0} Nat (nat_lit 1) (instOfNatNat (nat_lit 1)))))
                  (fun a => Real) fun i => Real.instZero)))
            fun x => @OfNat.ofNat.{0} Real (nat_lit 1) (@One.toOfNat1.{0} Real Real.instOne))
          (@OfNat.ofNat.{0}
            (Fin
              (@HMul.hMul.{0, 0, 0} Nat Nat Nat (@instHMul.{0} Nat instMulNat)
                (@OfNat.ofNat.{0} Nat (nat_lit 2) (instOfNatNat (nat_lit 2)))
                (@OfNat.ofNat.{0} Nat (nat_lit 1) (instOfNatNat (nat_lit 1)))))
            (nat_lit 0)
            (@Fin.instOfNat
              (@HMul.hMul.{0, 0, 0} Nat Nat Nat (@instHMul.{0} Nat instMulNat)
                (@OfNat.ofNat.{0} Nat (nat_lit 2) (instOfNatNat (nat_lit 2)))
                (@OfNat.ofNat.{0} Nat (nat_lit 1) (instOfNatNat (nat_lit 1))))
              (@instNeZeroNatHMul (@OfNat.ofNat.{0} Nat (nat_lit 2) (instOfNatNat (nat_lit 2)))
                (@OfNat.ofNat.{0} Nat (nat_lit 1) (instOfNatNat (nat_lit 1)))
                (@Nat.instNeZeroSucc (@OfNat.ofNat.{0} Nat (nat_lit 1) (instOfNatNat (nat_lit 1))))
                (@Nat.instNeZeroSucc (@OfNat.ofNat.{0} Nat (nat_lit 0) (instOfNatNat (nat_lit 0)))))
              (nat_lit 0))))
        (@HAdd.hAdd.{0, 0, 0} (AuditRound10.Vec (@OfNat.ofNat.{0} Nat (nat_lit 1) (instOfNatNat (nat_lit 1))))
          (AuditRound10.Vec (@OfNat.ofNat.{0} Nat (nat_lit 1) (instOfNatNat (nat_lit 1))))
          (AuditRound10.Vec (@OfNat.ofNat.{0} Nat (nat_lit 1) (instOfNatNat (nat_lit 1))))
          (@instHAdd.{0} (AuditRound10.Vec (@OfNat.ofNat.{0} Nat (nat_lit 1) (instOfNatNat (nat_lit 1))))
            (@Pi.instAdd.{0, 0}
              (Fin
                (@HMul.hMul.{0, 0, 0} Nat Nat Nat (@instHMul.{0} Nat instMulNat)
                  (@OfNat.ofNat.{0} Nat (nat_lit 2) (instOfNatNat (nat_lit 2)))
                  (@OfNat.ofNat.{0} Nat (nat_lit 1) (instOfNatNat (nat_lit 1)))))
              (fun a => Real) fun i => Real.instAdd))
          (@AuditRound10.reflect (@OfNat.ofNat.{0} Nat (nat_lit 1) (instOfNatNat (nat_lit 1)))
            (@OfNat.ofNat.{0} (AuditRound10.Vec (@OfNat.ofNat.{0} Nat (nat_lit 1) (instOfNatNat (nat_lit 1))))
              (nat_lit 0)
              (@Zero.toOfNat0.{0} (AuditRound10.Vec (@OfNat.ofNat.{0} Nat (nat_lit 1) (instOfNatNat (nat_lit 1))))
                (@Pi.instZero.{0, 0}
                  (Fin
                    (@HMul.hMul.{0, 0, 0} Nat Nat Nat (@instHMul.{0} Nat instMulNat)
                      (@OfNat.ofNat.{0} Nat (nat_lit 2) (instOfNatNat (nat_lit 2)))
                      (@OfNat.ofNat.{0} Nat (nat_lit 1) (instOfNatNat (nat_lit 1)))))
                  (fun a => Real) fun i => Real.instZero))))
          (@DFunLike.coe.{1, 1, 1}
            (@LinearMap.{0, 0, 0, 0} Real Real Real.semiring Real.semiring
              (@RingHom.id.{0} Real (@Semiring.toNonAssocSemiring.{0} Real Real.semiring))
              (AuditRound10.Vec (@OfNat.ofNat.{0} Nat (nat_lit 1) (instOfNatNat (nat_lit 1))))
              (AuditRound10.Vec (@OfNat.ofNat.{0} Nat (nat_lit 1) (instOfNatNat (nat_lit 1))))
              (@Pi.addCommMonoid.{0, 0}
                (Fin
                  (@HMul.hMul.{0, 0, 0} Nat Nat Nat (@instHMul.{0} Nat instMulNat)
                    (@OfNat.ofNat.{0} Nat (nat_lit 2) (instOfNatNat (nat_lit 2)))
                    (@OfNat.ofNat.{0} Nat (nat_lit 1) (instOfNatNat (nat_lit 1)))))
                (fun a => Real) fun i => Real.instAddCommMonoid)
              (@Pi.addCommMonoid.{0, 0}
                (Fin
                  (@HMul.hMul.{0, 0, 0} Nat Nat Nat (@instHMul.{0} Nat instMulNat)
                    (@OfNat.ofNat.{0} Nat (nat_lit 2) (instOfNatNat (nat_lit 2)))
                    (@OfNat.ofNat.{0} Nat (nat_lit 1) (instOfNatNat (nat_lit 1)))))
                (fun a => Real) fun i => Real.instAddCommMonoid)
              (@Pi.Function.module.{0, 0, 0}
                (Fin
                  (@HMul.hMul.{0, 0, 0} Nat Nat Nat (@instHMul.{0} Nat instMulNat)
                    (@OfNat.ofNat.{0} Nat (nat_lit 2) (instOfNatNat (nat_lit 2)))
                    (@OfNat.ofNat.{0} Nat (nat_lit 1) (instOfNatNat (nat_lit 1)))))
                Real Real Real.semiring Real.instAddCommMonoid (@Semiring.toModule.{0} Real Real.semiring))
              (@Pi.Function.module.{0, 0, 0}
                (Fin
                  (@HMul.hMul.{0, 0, 0} Nat Nat Nat (@instHMul.{0} Nat instMulNat)
                    (@OfNat.ofNat.{0} Nat (nat_lit 2) (instOfNatNat (nat_lit 2)))
                    (@OfNat.ofNat.{0} Nat (nat_lit 1) (instOfNatNat (nat_lit 1)))))
                Real Real Real.semiring Real.instAddCommMonoid (@Semiring.toModule.{0} Real Real.semiring)))
            (AuditRound10.Vec (@OfNat.ofNat.{0} Nat (nat_lit 1) (instOfNatNat (nat_lit 1))))
            (fun x => AuditRound10.Vec (@OfNat.ofNat.{0} Nat (nat_lit 1) (instOfNatNat (nat_lit 1))))
            (@LinearMap.instFunLike.{0, 0, 0, 0} Real Real
              (AuditRound10.Vec (@OfNat.ofNat.{0} Nat (nat_lit 1) (instOfNatNat (nat_lit 1))))
              (AuditRound10.Vec (@OfNat.ofNat.{0} Nat (nat_lit 1) (instOfNatNat (nat_lit 1)))) Real.semiring
              Real.semiring
              (@Pi.addCommMonoid.{0, 0}
                (Fin
                  (@HMul.hMul.{0, 0, 0} Nat Nat Nat (@instHMul.{0} Nat instMulNat)
                    (@OfNat.ofNat.{0} Nat (nat_lit 2) (instOfNatNat (nat_lit 2)))
                    (@OfNat.ofNat.{0} Nat (nat_lit 1) (instOfNatNat (nat_lit 1)))))
                (fun a => Real) fun i => Real.instAddCommMonoid)
              (@Pi.addCommMonoid.{0, 0}
                (Fin
                  (@HMul.hMul.{0, 0, 0} Nat Nat Nat (@instHMul.{0} Nat instMulNat)
                    (@OfNat.ofNat.{0} Nat (nat_lit 2) (instOfNatNat (nat_lit 2)))
                    (@OfNat.ofNat.{0} Nat (nat_lit 1) (instOfNatNat (nat_lit 1)))))
                (fun a => Real) fun i => Real.instAddCommMonoid)
              (@Pi.Function.module.{0, 0, 0}
                (Fin
                  (@HMul.hMul.{0, 0, 0} Nat Nat Nat (@instHMul.{0} Nat instMulNat)
                    (@OfNat.ofNat.{0} Nat (nat_lit 2) (instOfNatNat (nat_lit 2)))
                    (@OfNat.ofNat.{0} Nat (nat_lit 1) (instOfNatNat (nat_lit 1)))))
                Real Real Real.semiring Real.instAddCommMonoid (@Semiring.toModule.{0} Real Real.semiring))
              (@Pi.Function.module.{0, 0, 0}
                (Fin
                  (@HMul.hMul.{0, 0, 0} Nat Nat Nat (@instHMul.{0} Nat instMulNat)
                    (@OfNat.ofNat.{0} Nat (nat_lit 2) (instOfNatNat (nat_lit 2)))
                    (@OfNat.ofNat.{0} Nat (nat_lit 1) (instOfNatNat (nat_lit 1)))))
                Real Real Real.semiring Real.instAddCommMonoid (@Semiring.toModule.{0} Real Real.semiring))
              (@RingHom.id.{0} Real (@Semiring.toNonAssocSemiring.{0} Real Real.semiring)))
            (AuditRound10.J (@OfNat.ofNat.{0} Nat (nat_lit 1) (instOfNatNat (nat_lit 1)))) fun x =>
            @OfNat.ofNat.{0} Real (nat_lit 1) (@One.toOfNat1.{0} Real Real.instOne))
          (@OfNat.ofNat.{0}
            (Fin
              (@HMul.hMul.{0, 0, 0} Nat Nat Nat (@instHMul.{0} Nat instMulNat)
                (@OfNat.ofNat.{0} Nat (nat_lit 2) (instOfNatNat (nat_lit 2)))
                (@OfNat.ofNat.{0} Nat (nat_lit 1) (instOfNatNat (nat_lit 1)))))
            (nat_lit 0)
            (@Fin.instOfNat
              (@HMul.hMul.{0, 0, 0} Nat Nat Nat (@instHMul.{0} Nat instMulNat)
                (@OfNat.ofNat.{0} Nat (nat_lit 2) (instOfNatNat (nat_lit 2)))
                (@OfNat.ofNat.{0} Nat (nat_lit 1) (instOfNatNat (nat_lit 1))))
              (@instNeZeroNatHMul (@OfNat.ofNat.{0} Nat (nat_lit 2) (instOfNatNat (nat_lit 2)))
                (@OfNat.ofNat.{0} Nat (nat_lit 1) (instOfNatNat (nat_lit 1)))
                (@Nat.instNeZeroSucc (@OfNat.ofNat.{0} Nat (nat_lit 1) (instOfNatNat (nat_lit 1))))
                (@Nat.instNeZeroSucc (@OfNat.ofNat.{0} Nat (nat_lit 0) (instOfNatNat (nat_lit 0)))))
              (nat_lit 0)))))
      False
      (@Eq.trans.{1} Prop
        (@Eq.{1} Real
          (@AuditRound10.reflect (@OfNat.ofNat.{0} Nat (nat_lit 1) (instOfNatNat (nat_lit 1)))
            (@HAdd.hAdd.{0, 0, 0} (AuditRound10.Vec (@OfNat.ofNat.{0} Nat (nat_lit 1) (instOfNatNat (nat_lit 1))))
              (Fin
                  (@HMul.hMul.{0, 0, 0} Nat Nat Nat (@instHMul.{0} Nat instMulNat)
                    (@OfNat.ofNat.{0} Nat (nat_lit 2) (instOfNatNat (nat_lit 2)))
                    (@OfNat.ofNat.{0} Nat (nat_lit 1) (instOfNatNat (nat_lit 1)))) →
                Real)
              (AuditRound10.Vec (@OfNat.ofNat.{0} Nat (nat_lit 1) (instOfNatNat (nat_lit 1))))
              (@instHAdd.{0} (AuditRound10.Vec (@OfNat.ofNat.{0} Nat (nat_lit 1) (instOfNatNat (nat_lit 1))))
                (@Pi.instAdd.{0, 0}
                  (Fin
                    (@HMul.hMul.{0, 0, 0} Nat Nat Nat (@instHMul.{0} Nat instMulNat)
                      (@OfNat.ofNat.{0} Nat (nat_lit 2) (instOfNatNat (nat_lit 2)))
                      (@OfNat.ofNat.{0} Nat (nat_lit 1) (instOfNatNat (nat_lit 1)))))
                  (fun a => Real) fun i => Real.instAdd))
              (@OfNat.ofNat.{0} (AuditRound10.Vec (@OfNat.ofNat.{0} Nat (nat_lit 1) (instOfNatNat (nat_lit 1))))
                (nat_lit 0)
                (@Zero.toOfNat0.{0} (AuditRound10.Vec (@OfNat.ofNat.{0} Nat (nat_lit 1) (instOfNatNat (nat_lit 1))))
                  (@Pi.instZero.{0, 0}
                    (Fin
                      (@HMul.hMul.{0, 0, 0} Nat Nat Nat (@instHMul.{0} Nat instMulNat)
                        (@OfNat.ofNat.{0} Nat (nat_lit 2) (instOfNatNat (nat_lit 2)))
                        (@OfNat.ofNat.{0} Nat (nat_lit 1) (instOfNatNat (nat_lit 1)))))
                    (fun a => Real) fun i => Real.instZero)))
              fun x => @OfNat.ofNat.{0} Real (nat_lit 1) (@One.toOfNat1.{0} Real Real.instOne))
            (@OfNat.ofNat.{0}
              (Fin
                (@HMul.hMul.{0, 0, 0} Nat Nat Nat (@instHMul.{0} Nat instMulNat)
                  (@OfNat.ofNat.{0} Nat (nat_lit 2) (instOfNatNat (nat_lit 2)))
                  (@OfNat.ofNat.{0} Nat (nat_lit 1) (instOfNatNat (nat_lit 1)))))
              (nat_lit 0)
              (@Fin.instOfNat
                (@HMul.hMul.{0, 0, 0} Nat Nat Nat (@instHMul.{0} Nat instMulNat)
                  (@OfNat.ofNat.{0} Nat (nat_lit 2) (instOfNatNat (nat_lit 2)))
                  (@OfNat.ofNat.{0} Nat (nat_lit 1) (instOfNatNat (nat_lit 1))))
                (@instNeZeroNatHMul (@OfNat.ofNat.{0} Nat (nat_lit 2) (instOfNatNat (nat_lit 2)))
                  (@OfNat.ofNat.{0} Nat (nat_lit 1) (instOfNatNat (nat_lit 1)))
                  (@Nat.instNeZeroSucc (@OfNat.ofNat.{0} Nat (nat_lit 1) (instOfNatNat (nat_lit 1))))
                  (@Nat.instNeZeroSucc (@OfNat.ofNat.{0} Nat (nat_lit 0) (instOfNatNat (nat_lit 0)))))
                (nat_lit 0))))
          (@HAdd.hAdd.{0, 0, 0} (AuditRound10.Vec (@OfNat.ofNat.{0} Nat (nat_lit 1) (instOfNatNat (nat_lit 1))))
            (AuditRound10.Vec (@OfNat.ofNat.{0} Nat (nat_lit 1) (instOfNatNat (nat_lit 1))))
            (AuditRound10.Vec (@OfNat.ofNat.{0} Nat (nat_lit 1) (instOfNatNat (nat_lit 1))))
            (@instHAdd.{0} (AuditRound10.Vec (@OfNat.ofNat.{0} Nat (nat_lit 1) (instOfNatNat (nat_lit 1))))
              (@Pi.instAdd.{0, 0}
                (Fin
                  (@HMul.hMul.{0, 0, 0} Nat Nat Nat (@instHMul.{0} Nat instMulNat)
                    (@OfNat.ofNat.{0} Nat (nat_lit 2) (instOfNatNat (nat_lit 2)))
                    (@OfNat.ofNat.{0} Nat (nat_lit 1) (instOfNatNat (nat_lit 1)))))
                (fun a => Real) fun i => Real.instAdd))
            (@AuditRound10.reflect (@OfNat.ofNat.{0} Nat (nat_lit 1) (instOfNatNat (nat_lit 1)))
              (@OfNat.ofNat.{0} (AuditRound10.Vec (@OfNat.ofNat.{0} Nat (nat_lit 1) (instOfNatNat (nat_lit 1))))
                (nat_lit 0)
                (@Zero.toOfNat0.{0} (AuditRound10.Vec (@OfNat.ofNat.{0} Nat (nat_lit 1) (instOfNatNat (nat_lit 1))))
                  (@Pi.instZero.{0, 0}
                    (Fin
                      (@HMul.hMul.{0, 0, 0} Nat Nat Nat (@instHMul.{0} Nat instMulNat)
                        (@OfNat.ofNat.{0} Nat (nat_lit 2) (instOfNatNat (nat_lit 2)))
                        (@OfNat.ofNat.{0} Nat (nat_lit 1) (instOfNatNat (nat_lit 1)))))
                    (fun a => Real) fun i => Real.instZero))))
            (@DFunLike.coe.{1, 1, 1}
              (@LinearMap.{0, 0, 0, 0} Real Real Real.semiring Real.semiring
                (@RingHom.id.{0} Real (@Semiring.toNonAssocSemiring.{0} Real Real.semiring))
                (AuditRound10.Vec (@OfNat.ofNat.{0} Nat (nat_lit 1) (instOfNatNat (nat_lit 1))))
                (AuditRound10.Vec (@OfNat.ofNat.{0} Nat (nat_lit 1) (instOfNatNat (nat_lit 1))))
                (@Pi.addCommMonoid.{0, 0}
                  (Fin
                    (@HMul.hMul.{0, 0, 0} Nat Nat Nat (@instHMul.{0} Nat instMulNat)
                      (@OfNat.ofNat.{0} Nat (nat_lit 2) (instOfNatNat (nat_lit 2)))
                      (@OfNat.ofNat.{0} Nat (nat_lit 1) (instOfNatNat (nat_lit 1)))))
                  (fun a => Real) fun i => Real.instAddCommMonoid)
                (@Pi.addCommMonoid.{0, 0}
                  (Fin
                    (@HMul.hMul.{0, 0, 0} Nat Nat Nat (@instHMul.{0} Nat instMulNat)
                      (@OfNat.ofNat.{0} Nat (nat_lit 2) (instOfNatNat (nat_lit 2)))
                      (@OfNat.ofNat.{0} Nat (nat_lit 1) (instOfNatNat (nat_lit 1)))))
                  (fun a => Real) fun i => Real.instAddCommMonoid)
                (@Pi.Function.module.{0, 0, 0}
                  (Fin
                    (@HMul.hMul.{0, 0, 0} Nat Nat Nat (@instHMul.{0} Nat instMulNat)
                      (@OfNat.ofNat.{0} Nat (nat_lit 2) (instOfNatNat (nat_lit 2)))
                      (@OfNat.ofNat.{0} Nat (nat_lit 1) (instOfNatNat (nat_lit 1)))))
                  Real Real Real.semiring Real.instAddCommMonoid (@Semiring.toModule.{0} Real Real.semiring))
                (@Pi.Function.module.{0, 0, 0}
                  (Fin
                    (@HMul.hMul.{0, 0, 0} Nat Nat Nat (@instHMul.{0} Nat instMulNat)
                      (@OfNat.ofNat.{0} Nat (nat_lit 2) (instOfNatNat (nat_lit 2)))
                      (@OfNat.ofNat.{0} Nat (nat_lit 1) (instOfNatNat (nat_lit 1)))))
                  Real Real Real.semiring Real.instAddCommMonoid (@Semiring.toModule.{0} Real Real.semiring)))
              (AuditRound10.Vec (@OfNat.ofNat.{0} Nat (nat_lit 1) (instOfNatNat (nat_lit 1))))
              (fun x => AuditRound10.Vec (@OfNat.ofNat.{0} Nat (nat_lit 1) (instOfNatNat (nat_lit 1))))
              (@LinearMap.instFunLike.{0, 0, 0, 0} Real Real
                (AuditRound10.Vec (@OfNat.ofNat.{0} Nat (nat_lit 1) (instOfNatNat (nat_lit 1))))
                (AuditRound10.Vec (@OfNat.ofNat.{0} Nat (nat_lit 1) (instOfNatNat (nat_lit 1)))) Real.semiring
                Real.semiring
                (@Pi.addCommMonoid.{0, 0}
                  (Fin
                    (@HMul.hMul.{0, 0, 0} Nat Nat Nat (@instHMul.{0} Nat instMulNat)
                      (@OfNat.ofNat.{0} Nat (nat_lit 2) (instOfNatNat (nat_lit 2)))
                      (@OfNat.ofNat.{0} Nat (nat_lit 1) (instOfNatNat (nat_lit 1)))))
                  (fun a => Real) fun i => Real.instAddCommMonoid)
                (@Pi.addCommMonoid.{0, 0}
                  (Fin
                    (@HMul.hMul.{0, 0, 0} Nat Nat Nat (@instHMul.{0} Nat instMulNat)
                      (@OfNat.ofNat.{0} Nat (nat_lit 2) (instOfNatNat (nat_lit 2)))
                      (@OfNat.ofNat.{0} Nat (nat_lit 1) (instOfNatNat (nat_lit 1)))))
                  (fun a => Real) fun i => Real.instAddCommMonoid)
                (@Pi.Function.module.{0, 0, 0}
                  (Fin
                    (@HMul.hMul.{0, 0, 0} Nat Nat Nat (@instHMul.{0} Nat instMulNat)
                      (@OfNat.ofNat.{0} Nat (nat_lit 2) (instOfNatNat (nat_lit 2)))
                      (@OfNat.ofNat.{0} Nat (nat_lit 1) (instOfNatNat (nat_lit 1)))))
                  Real Real Real.semiring Real.instAddCommMonoid (@Semiring.toModule.{0} Real Real.semiring))
                (@Pi.Function.module.{0, 0, 0}
                  (Fin
                    (@HMul.hMul.{0, 0, 0} Nat Nat Nat (@instHMul.{0} Nat instMulNat)
                      (@OfNat.ofNat.{0} Nat (nat_lit 2) (instOfNatNat (nat_lit 2)))
                      (@OfNat.ofNat.{0} Nat (nat_lit 1) (instOfNatNat (nat_lit 1)))))
                  Real Real Real.semiring Real.instAddCommMonoid (@Semiring.toModule.{0} Real Real.semiring))
                (@RingHom.id.{0} Real (@Semiring.toNonAssocSemiring.{0} Real Real.semiring)))
              (AuditRound10.J (@OfNat.ofNat.{0} Nat (nat_lit 1) (instOfNatNat (nat_lit 1)))) fun x =>
              @OfNat.ofNat.{0} Real (nat_lit 1) (@One.toOfNat1.{0} Real Real.instOne))
            (@OfNat.ofNat.{0}
              (Fin
                (@HMul.hMul.{0, 0, 0} Nat Nat Nat (@instHMul.{0} Nat instMulNat)
                  (@OfNat.ofNat.{0} Nat (nat_lit 2) (instOfNatNat (nat_lit 2)))
                  (@OfNat.ofNat.{0} Nat (nat_lit 1) (instOfNatNat (nat_lit 1)))))
              (nat_lit 0)
              (@Fin.instOfNat
                (@HMul.hMul.{0, 0, 0} Nat Nat Nat (@instHMul.{0} Nat instMulNat)
                  (@OfNat.ofNat.{0} Nat (nat_lit 2) (instOfNatNat (nat_lit 2)))
                  (@OfNat.ofNat.{0} Nat (nat_lit 1) (instOfNatNat (nat_lit 1))))
                (@instNeZeroNatHMul (@OfNat.ofNat.{0} Nat (nat_lit 2) (instOfNatNat (nat_lit 2)))
                  (@OfNat.ofNat.{0} Nat (nat_lit 1) (instOfNatNat (nat_lit 1)))
                  (@Nat.instNeZeroSucc (@OfNat.ofNat.{0} Nat (nat_lit 1) (instOfNatNat (nat_lit 1))))
                  (@Nat.instNeZeroSucc (@OfNat.ofNat.{0} Nat (nat_lit 0) (instOfNatNat (nat_lit 0)))))
                (nat_lit 0)))))
        False False
        (@Eq.trans.{1} Prop
          (@Eq.{1} Real
            (@AuditRound10.reflect (@OfNat.ofNat.{0} Nat (nat_lit 1) (instOfNatNat (nat_lit 1)))
              (@HAdd.hAdd.{0, 0, 0} (AuditRound10.Vec (@OfNat.ofNat.{0} Nat (nat_lit 1) (instOfNatNat (nat_lit 1))))
                (Fin
                    (@HMul.hMul.{0, 0, 0} Nat Nat Nat (@instHMul.{0} Nat instMulNat)
                      (@OfNat.ofNat.{0} Nat (nat_lit 2) (instOfNatNat (nat_lit 2)))
                      (@OfNat.ofNat.{0} Nat (nat_lit 1) (instOfNatNat (nat_lit 1)))) →
                  Real)
                (AuditRound10.Vec (@OfNat.ofNat.{0} Nat (nat_lit 1) (instOfNatNat (nat_lit 1))))
                (@instHAdd.{0} (AuditRound10.Vec (@OfNat.ofNat.{0} Nat (nat_lit 1) (instOfNatNat (nat_lit 1))))
                  (@Pi.instAdd.{0, 0}
                    (Fin
                      (@HMul.hMul.{0, 0, 0} Nat Nat Nat (@instHMul.{0} Nat instMulNat)
                        (@OfNat.ofNat.{0} Nat (nat_lit 2) (instOfNatNat (nat_lit 2)))
                        (@OfNat.ofNat.{0} Nat (nat_lit 1) (instOfNatNat (nat_lit 1)))))
                    (fun a => Real) fun i => Real.instAdd))
                (@OfNat.ofNat.{0} (AuditRound10.Vec (@OfNat.ofNat.{0} Nat (nat_lit 1) (instOfNatNat (nat_lit 1))))
                  (nat_lit 0)
                  (@Zero.toOfNat0.{0} (AuditRound10.Vec (@OfNat.ofNat.{0} Nat (nat_lit 1) (instOfNatNat (nat_lit 1))))
                    (@Pi.instZero.{0, 0}
                      (Fin
                        (@HMul.hMul.{0, 0, 0} Nat Nat Nat (@instHMul.{0} Nat instMulNat)
                          (@OfNat.ofNat.{0} Nat (nat_lit 2) (instOfNatNat (nat_lit 2)))
                          (@OfNat.ofNat.{0} Nat (nat_lit 1) (instOfNatNat (nat_lit 1)))))
                      (fun a => Real) fun i => Real.instZero)))
                fun x => @OfNat.ofNat.{0} Real (nat_lit 1) (@One.toOfNat1.{0} Real Real.instOne))
              (@OfNat.ofNat.{0}
                (Fin
                  (@HMul.hMul.{0, 0, 0} Nat Nat Nat (@instHMul.{0} Nat instMulNat)
                    (@OfNat.ofNat.{0} Nat (nat_lit 2) (instOfNatNat (nat_lit 2)))
                    (@OfNat.ofNat.{0} Nat (nat_lit 1) (instOfNatNat (nat_lit 1)))))
                (nat_lit 0)
                (@Fin.instOfNat
                  (@HMul.hMul.{0, 0, 0} Nat Nat Nat (@instHMul.{0} Nat instMulNat)
                    (@OfNat.ofNat.{0} Nat (nat_lit 2) (instOfNatNat (nat_lit 2)))
                    (@OfNat.ofNat.{0} Nat (nat_lit 1) (instOfNatNat (nat_lit 1))))
                  (@instNeZeroNatHMul (@OfNat.ofNat.{0} Nat (nat_lit 2) (instOfNatNat (nat_lit 2)))
                    (@OfNat.ofNat.{0} Nat (nat_lit 1) (instOfNatNat (nat_lit 1)))
                    (@Nat.instNeZeroSucc (@OfNat.ofNat.{0} Nat (nat_lit 1) (instOfNatNat (nat_lit 1))))
                    (@Nat.instNeZeroSucc (@OfNat.ofNat.{0} Nat (nat_lit 0) (instOfNatNat (nat_lit 0)))))
                  (nat_lit 0))))
            (@HAdd.hAdd.{0, 0, 0} (AuditRound10.Vec (@OfNat.ofNat.{0} Nat (nat_lit 1) (instOfNatNat (nat_lit 1))))
              (AuditRound10.Vec (@OfNat.ofNat.{0} Nat (nat_lit 1) (instOfNatNat (nat_lit 1))))
              (AuditRound10.Vec (@OfNat.ofNat.{0} Nat (nat_lit 1) (instOfNatNat (nat_lit 1))))
              (@instHAdd.{0} (AuditRound10.Vec (@OfNat.ofNat.{0} Nat (nat_lit 1) (instOfNatNat (nat_lit 1))))
                (@Pi.instAdd.{0, 0}
                  (Fin
                    (@HMul.hMul.{0, 0, 0} Nat Nat Nat (@instHMul.{0} Nat instMulNat)
                      (@OfNat.ofNat.{0} Nat (nat_lit 2) (instOfNatNat (nat_lit 2)))
                      (@OfNat.ofNat.{0} Nat (nat_lit 1) (instOfNatNat (nat_lit 1)))))
                  (fun a => Real) fun i => Real.instAdd))
              (@AuditRound10.reflect (@OfNat.ofNat.{0} Nat (nat_lit 1) (instOfNatNat (nat_lit 1)))
                (@OfNat.ofNat.{0} (AuditRound10.Vec (@OfNat.ofNat.{0} Nat (nat_lit 1) (instOfNatNat (nat_lit 1))))
                  (nat_lit 0)
                  (@Zero.toOfNat0.{0} (AuditRound10.Vec (@OfNat.ofNat.{0} Nat (nat_lit 1) (instOfNatNat (nat_lit 1))))
                    (@Pi.instZero.{0, 0}
                      (Fin
                        (@HMul.hMul.{0, 0, 0} Nat Nat Nat (@instHMul.{0} Nat instMulNat)
                          (@OfNat.ofNat.{0} Nat (nat_lit 2) (instOfNatNat (nat_lit 2)))
                          (@OfNat.ofNat.{0} Nat (nat_lit 1) (instOfNatNat (nat_lit 1)))))
                      (fun a => Real) fun i => Real.instZero))))
              (@DFunLike.coe.{1, 1, 1}
                (@LinearMap.{0, 0, 0, 0} Real Real Real.semiring Real.semiring
                  (@RingHom.id.{0} Real (@Semiring.toNonAssocSemiring.{0} Real Real.semiring))
                  (AuditRound10.Vec (@OfNat.ofNat.{0} Nat (nat_lit 1) (instOfNatNat (nat_lit 1))))
                  (AuditRound10.Vec (@OfNat.ofNat.{0} Nat (nat_lit 1) (instOfNatNat (nat_lit 1))))
                  (@Pi.addCommMonoid.{0, 0}
                    (Fin
                      (@HMul.hMul.{0, 0, 0} Nat Nat Nat (@instHMul.{0} Nat instMulNat)
                        (@OfNat.ofNat.{0} Nat (nat_lit 2) (instOfNatNat (nat_lit 2)))
                        (@OfNat.ofNat.{0} Nat (nat_lit 1) (instOfNatNat (nat_lit 1)))))
                    (fun a => Real) fun i => Real.instAddCommMonoid)
                  (@Pi.addCommMonoid.{0, 0}
                    (Fin
                      (@HMul.hMul.{0, 0, 0} Nat Nat Nat (@instHMul.{0} Nat instMulNat)
                        (@OfNat.ofNat.{0} Nat (nat_lit 2) (instOfNatNat (nat_lit 2)))
                        (@OfNat.ofNat.{0} Nat (nat_lit 1) (instOfNatNat (nat_lit 1)))))
                    (fun a => Real) fun i => Real.instAddCommMonoid)
                  (@Pi.Function.module.{0, 0, 0}
                    (Fin
                      (@HMul.hMul.{0, 0, 0} Nat Nat Nat (@instHMul.{0} Nat instMulNat)
                        (@OfNat.ofNat.{0} Nat (nat_lit 2) (instOfNatNat (nat_lit 2)))
                        (@OfNat.ofNat.{0} Nat (nat_lit 1) (instOfNatNat (nat_lit 1)))))
                    Real Real Real.semiring Real.instAddCommMonoid (@Semiring.toModule.{0} Real Real.semiring))
                  (@Pi.Function.module.{0, 0, 0}
                    (Fin
                      (@HMul.hMul.{0, 0, 0} Nat Nat Nat (@instHMul.{0} Nat instMulNat)
                        (@OfNat.ofNat.{0} Nat (nat_lit 2) (instOfNatNat (nat_lit 2)))
                        (@OfNat.ofNat.{0} Nat (nat_lit 1) (instOfNatNat (nat_lit 1)))))
                    Real Real Real.semiring Real.instAddCommMonoid (@Semiring.toModule.{0} Real Real.semiring)))
                (AuditRound10.Vec (@OfNat.ofNat.{0} Nat (nat_lit 1) (instOfNatNat (nat_lit 1))))
                (fun x => AuditRound10.Vec (@OfNat.ofNat.{0} Nat (nat_lit 1) (instOfNatNat (nat_lit 1))))
                (@LinearMap.instFunLike.{0, 0, 0, 0} Real Real
                  (AuditRound10.Vec (@OfNat.ofNat.{0} Nat (nat_lit 1) (instOfNatNat (nat_lit 1))))
                  (AuditRound10.Vec (@OfNat.ofNat.{0} Nat (nat_lit 1) (instOfNatNat (nat_lit 1)))) Real.semiring
                  Real.semiring
                  (@Pi.addCommMonoid.{0, 0}
                    (Fin
                      (@HMul.hMul.{0, 0, 0} Nat Nat Nat (@instHMul.{0} Nat instMulNat)
                        (@OfNat.ofNat.{0} Nat (nat_lit 2) (instOfNatNat (nat_lit 2)))
                        (@OfNat.ofNat.{0} Nat (nat_lit 1) (instOfNatNat (nat_lit 1)))))
                    (fun a => Real) fun i => Real.instAddCommMonoid)
                  (@Pi.addCommMonoid.{0, 0}
                    (Fin
                      (@HMul.hMul.{0, 0, 0} Nat Nat Nat (@instHMul.{0} Nat instMulNat)
                        (@OfNat.ofNat.{0} Nat (nat_lit 2) (instOfNatNat (nat_lit 2)))
                        (@OfNat.ofNat.{0} Nat (nat_lit 1) (instOfNatNat (nat_lit 1)))))
                    (fun a => Real) fun i => Real.instAddCommMonoid)
                  (@Pi.Function.module.{0, 0, 0}
                    (Fin
                      (@HMul.hMul.{0, 0, 0} Nat Nat Nat (@instHMul.{0} Nat instMulNat)
                        (@OfNat.ofNat.{0} Nat (nat_lit 2) (instOfNatNat (nat_lit 2)))
                        (@OfNat.ofNat.{0} Nat (nat_lit 1) (instOfNatNat (nat_lit 1)))))
                    Real Real Real.semiring Real.instAddCommMonoid (@Semiring.toModule.{0} Real Real.semiring))
                  (@Pi.Function.module.{0, 0, 0}
                    (Fin
                      (@HMul.hMul.{0, 0, 0} Nat Nat Nat (@instHMul.{0} Nat instMulNat)
                        (@OfNat.ofNat.{0} Nat (nat_lit 2) (instOfNatNat (nat_lit 2)))
                        (@OfNat.ofNat.{0} Nat (nat_lit 1) (instOfNatNat (nat_lit 1)))))
                    Real Real Real.semiring Real.instAddCommMonoid (@Semiring.toModule.{0} Real Real.semiring))
                  (@RingHom.id.{0} Real (@Semiring.toNonAssocSemiring.{0} Real Real.semiring)))
                (AuditRound10.J (@OfNat.ofNat.{0} Nat (nat_lit 1) (instOfNatNat (nat_lit 1)))) fun x =>
                @OfNat.ofNat.{0} Real (nat_lit 1) (@One.toOfNat1.{0} Real Real.instOne))
              (@OfNat.ofNat.{0}
                (Fin
                  (@HMul.hMul.{0, 0, 0} Nat Nat Nat (@instHMul.{0} Nat instMulNat)
                    (@OfNat.ofNat.{0} Nat (nat_lit 2) (instOfNatNat (nat_lit 2)))
                    (@OfNat.ofNat.{0} Nat (nat_lit 1) (instOfNatNat (nat_lit 1)))))
                (nat_lit 0)
                (@Fin.instOfNat
                  (@HMul.hMul.{0, 0, 0} Nat Nat Nat (@instHMul.{0} Nat instMulNat)
                    (@OfNat.ofNat.{0} Nat (nat_lit 2) (instOfNatNat (nat_lit 2)))
                    (@OfNat.ofNat.{0} Nat (nat_lit 1) (instOfNatNat (nat_lit 1))))
                  (@instNeZeroNatHMul (@OfNat.ofNat.{0} Nat (nat_lit 2) (instOfNatNat (nat_lit 2)))
                    (@OfNat.ofNat.{0} Nat (nat_lit 1) (instOfNatNat (nat_lit 1)))
                    (@Nat.instNeZeroSucc (@OfNat.ofNat.{0} Nat (nat_lit 1) (instOfNatNat (nat_lit 1))))
                    (@Nat.instNeZeroSucc (@OfNat.ofNat.{0} Nat (nat_lit 0) (instOfNatNat (nat_lit 0)))))
                  (nat_lit 0)))))
          (@Eq.{1} Real
            (@OfNat.ofNat.{0} Real (nat_lit 0)
              (@Zero.toOfNat0.{0} Real
                (@AddZero.toZero.{0} Real
                  (@AddZeroClass.toAddZero.{0} Real
                    (@AddMonoid.toAddZeroClass.{0} Real
                      (@SubNegMonoid.toAddMonoid.{0} Real (@AddGroup.toSubNegMonoid.{0} Real Real.instAddGroup)))))))
            (@OfNat.ofNat.{0} Real (nat_lit 2)
              (@instOfNatAtLeastTwo.{0} Real (nat_lit 2)
                (@AddMonoidWithOne.toNatCast.{0} Real
                  (@AddGroupWithOne.toAddMonoidWithOne.{0} Real (@Ring.toAddGroupWithOne.{0} Real Real.instRing)))
                (Mathlib.Meta.NormNum.instAtLeastTwo (nat_lit 0)))))
          False
          (@congr.{1, 1} Real Prop
            (@Eq.{1} Real
              (@AuditRound10.reflect (@OfNat.ofNat.{0} Nat (nat_lit 1) (instOfNatNat (nat_lit 1)))
                (@HAdd.hAdd.{0, 0, 0} (AuditRound10.Vec (@OfNat.ofNat.{0} Nat (nat_lit 1) (instOfNatNat (nat_lit 1))))
                  (Fin
                      (@HMul.hMul.{0, 0, 0} Nat Nat Nat (@instHMul.{0} Nat instMulNat)
                        (@OfNat.ofNat.{0} Nat (nat_lit 2) (instOfNatNat (nat_lit 2)))
                        (@OfNat.ofNat.{0} Nat (nat_lit 1) (instOfNatNat (nat_lit 1)))) →
                    Real)
                  (AuditRound10.Vec (@OfNat.ofNat.{0} Nat (nat_lit 1) (instOfNatNat (nat_lit 1))))
                  (@instHAdd.{0} (AuditRound10.Vec (@OfNat.ofNat.{0} Nat (nat_lit 1) (instOfNatNat (nat_lit 1))))
                    (@Pi.instAdd.{0, 0}
                      (Fin
                        (@HMul.hMul.{0, 0, 0} Nat Nat Nat (@instHMul.{0} Nat instMulNat)
                          (@OfNat.ofNat.{0} Nat (nat_lit 2) (instOfNatNat (nat_lit 2)))
                          (@OfNat.ofNat.{0} Nat (nat_lit 1) (instOfNatNat (nat_lit 1)))))
                      (fun a => Real) fun i => Real.instAdd))
                  (@OfNat.ofNat.{0} (AuditRound10.Vec (@OfNat.ofNat.{0} Nat (nat_lit 1) (instOfNatNat (nat_lit 1))))
                    (nat_lit 0)
                    (@Zero.toOfNat0.{0} (AuditRound10.Vec (@OfNat.ofNat.{0} Nat (nat_lit 1) (instOfNatNat (nat_lit 1))))
                      (@Pi.instZero.{0, 0}
                        (Fin
                          (@HMul.hMul.{0, 0, 0} Nat Nat Nat (@instHMul.{0} Nat instMulNat)
                            (@OfNat.ofNat.{0} Nat (nat_lit 2) (instOfNatNat (nat_lit 2)))
                            (@OfNat.ofNat.{0} Nat (nat_lit 1) (instOfNatNat (nat_lit 1)))))
                        (fun a => Real) fun i => Real.instZero)))
                  fun x => @OfNat.ofNat.{0} Real (nat_lit 1) (@One.toOfNat1.{0} Real Real.instOne))
                (@OfNat.ofNat.{0}
                  (Fin
                    (@HMul.hMul.{0, 0, 0} Nat Nat Nat (@instHMul.{0} Nat instMulNat)
                      (@OfNat.ofNat.{0} Nat (nat_lit 2) (instOfNatNat (nat_lit 2)))
                      (@OfNat.ofNat.{0} Nat (nat_lit 1) (instOfNatNat (nat_lit 1)))))
                  (nat_lit 0)
                  (@Fin.instOfNat
                    (@HMul.hMul.{0, 0, 0} Nat Nat Nat (@instHMul.{0} Nat instMulNat)
                      (@OfNat.ofNat.{0} Nat (nat_lit 2) (instOfNatNat (nat_lit 2)))
                      (@OfNat.ofNat.{0} Nat (nat_lit 1) (instOfNatNat (nat_lit 1))))
                    (@instNeZeroNatHMul (@OfNat.ofNat.{0} Nat (nat_lit 2) (instOfNatNat (nat_lit 2)))
                      (@OfNat.ofNat.{0} Nat (nat_lit 1) (instOfNatNat (nat_lit 1)))
                      (@Nat.instNeZeroSucc (@OfNat.ofNat.{0} Nat (nat_lit 1) (instOfNatNat (nat_lit 1))))
                      (@Nat.instNeZeroSucc (@OfNat.ofNat.{0} Nat (nat_lit 0) (instOfNatNat (nat_lit 0)))))
                    (nat_lit 0)))))
            (@Eq.{1} Real
              (@OfNat.ofNat.{0} Real (nat_lit 0)
                (@Zero.toOfNat0.{0} Real
                  (@AddZero.toZero.{0} Real
                    (@AddZeroClass.toAddZero.{0} Real
                      (@AddMonoid.toAddZeroClass.{0} Real
                        (@SubNegMonoid.toAddMonoid.{0} Real (@AddGroup.toSubNegMonoid.{0} Real Real.instAddGroup))))))))
            (@HAdd.hAdd.{0, 0, 0} (AuditRound10.Vec (@OfNat.ofNat.{0} Nat (nat_lit 1) (instOfNatNat (nat_lit 1))))
              (AuditRound10.Vec (@OfNat.ofNat.{0} Nat (nat_lit 1) (instOfNatNat (nat_lit 1))))
              (AuditRound10.Vec (@OfNat.ofNat.{0} Nat (nat_lit 1) (instOfNatNat (nat_lit 1))))
              (@instHAdd.{0} (AuditRound10.Vec (@OfNat.ofNat.{0} Nat (nat_lit 1) (instOfNatNat (nat_lit 1))))
                (@Pi.instAdd.{0, 0}
                  (Fin
                    (@HMul.hMul.{0, 0, 0} Nat Nat Nat (@instHMul.{0} Nat instMulNat)
                      (@OfNat.ofNat.{0} Nat (nat_lit 2) (instOfNatNat (nat_lit 2)))
                      (@OfNat.ofNat.{0} Nat (nat_lit 1) (instOfNatNat (nat_lit 1)))))
                  (fun a => Real) fun i => Real.instAdd))
              (@AuditRound10.reflect (@OfNat.ofNat.{0} Nat (nat_lit 1) (instOfNatNat (nat_lit 1)))
                (@OfNat.ofNat.{0} (AuditRound10.Vec (@OfNat.ofNat.{0} Nat (nat_lit 1) (instOfNatNat (nat_lit 1))))
                  (nat_lit 0)
                  (@Zero.toOfNat0.{0} (AuditRound10.Vec (@OfNat.ofNat.{0} Nat (nat_lit 1) (instOfNatNat (nat_lit 1))))
                    (@Pi.instZero.{0, 0}
                      (Fin
                        (@HMul.hMul.{0, 0, 0} Nat Nat Nat (@instHMul.{0} Nat instMulNat)
                          (@OfNat.ofNat.{0} Nat (nat_lit 2) (instOfNatNat (nat_lit 2)))
                          (@OfNat.ofNat.{0} Nat (nat_lit 1) (instOfNatNat (nat_lit 1)))))
                      (fun a => Real) fun i => Real.instZero))))
              (@DFunLike.coe.{1, 1, 1}
                (@LinearMap.{0, 0, 0, 0} Real Real Real.semiring Real.semiring
                  (@RingHom.id.{0} Real (@Semiring.toNonAssocSemiring.{0} Real Real.semiring))
                  (AuditRound10.Vec (@OfNat.ofNat.{0} Nat (nat_lit 1) (instOfNatNat (nat_lit 1))))
                  (AuditRound10.Vec (@OfNat.ofNat.{0} Nat (nat_lit 1) (instOfNatNat (nat_lit 1))))
                  (@Pi.addCommMonoid.{0, 0}
                    (Fin
                      (@HMul.hMul.{0, 0, 0} Nat Nat Nat (@instHMul.{0} Nat instMulNat)
                        (@OfNat.ofNat.{0} Nat (nat_lit 2) (instOfNatNat (nat_lit 2)))
                        (@OfNat.ofNat.{0} Nat (nat_lit 1) (instOfNatNat (nat_lit 1)))))
                    (fun a => Real) fun i => Real.instAddCommMonoid)
                  (@Pi.addCommMonoid.{0, 0}
                    (Fin
                      (@HMul.hMul.{0, 0, 0} Nat Nat Nat (@instHMul.{0} Nat instMulNat)
                        (@OfNat.ofNat.{0} Nat (nat_lit 2) (instOfNatNat (nat_lit 2)))
                        (@OfNat.ofNat.{0} Nat (nat_lit 1) (instOfNatNat (nat_lit 1)))))
                    (fun a => Real) fun i => Real.instAddCommMonoid)
                  (@Pi.Function.module.{0, 0, 0}
                    (Fin
                      (@HMul.hMul.{0, 0, 0} Nat Nat Nat (@instHMul.{0} Nat instMulNat)
                        (@OfNat.ofNat.{0} Nat (nat_lit 2) (instOfNatNat (nat_lit 2)))
                        (@OfNat.ofNat.{0} Nat (nat_lit 1) (instOfNatNat (nat_lit 1)))))
                    Real Real Real.semiring Real.instAddCommMonoid (@Semiring.toModule.{0} Real Real.semiring))
                  (@Pi.Function.module.{0, 0, 0}
                    (Fin
                      (@HMul.hMul.{0, 0, 0} Nat Nat Nat (@instHMul.{0} Nat instMulNat)
                        (@OfNat.ofNat.{0} Nat (nat_lit 2) (instOfNatNat (nat_lit 2)))
                        (@OfNat.ofNat.{0} Nat (nat_lit 1) (instOfNatNat (nat_lit 1)))))
                    Real Real Real.semiring Real.instAddCommMonoid (@Semiring.toModule.{0} Real Real.semiring)))
                (AuditRound10.Vec (@OfNat.ofNat.{0} Nat (nat_lit 1) (instOfNatNat (nat_lit 1))))
                (fun x => AuditRound10.Vec (@OfNat.ofNat.{0} Nat (nat_lit 1) (instOfNatNat (nat_lit 1))))
                (@LinearMap.instFunLike.{0, 0, 0, 0} Real Real
                  (AuditRound10.Vec (@OfNat.ofNat.{0} Nat (nat_lit 1) (instOfNatNat (nat_lit 1))))
                  (AuditRound10.Vec (@OfNat.ofNat.{0} Nat (nat_lit 1) (instOfNatNat (nat_lit 1)))) Real.semiring
                  Real.semiring
                  (@Pi.addCommMonoid.{0, 0}
                    (Fin
                      (@HMul.hMul.{0, 0, 0} Nat Nat Nat (@instHMul.{0} Nat instMulNat)
                        (@OfNat.ofNat.{0} Nat (nat_lit 2) (instOfNatNat (nat_lit 2)))
                        (@OfNat.ofNat.{0} Nat (nat_lit 1) (instOfNatNat (nat_lit 1)))))
                    (fun a => Real) fun i => Real.instAddCommMonoid)
                  (@Pi.addCommMonoid.{0, 0}
                    (Fin
                      (@HMul.hMul.{0, 0, 0} Nat Nat Nat (@instHMul.{0} Nat instMulNat)
                        (@OfNat.ofNat.{0} Nat (nat_lit 2) (instOfNatNat (nat_lit 2)))
                        (@OfNat.ofNat.{0} Nat (nat_lit 1) (instOfNatNat (nat_lit 1)))))
                    (fun a => Real) fun i => Real.instAddCommMonoid)
                  (@Pi.Function.module.{0, 0, 0}
                    (Fin
                      (@HMul.hMul.{0, 0, 0} Nat Nat Nat (@instHMul.{0} Nat instMulNat)
                        (@OfNat.ofNat.{0} Nat (nat_lit 2) (instOfNatNat (nat_lit 2)))
                        (@OfNat.ofNat.{0} Nat (nat_lit 1) (instOfNatNat (nat_lit 1)))))
                    Real Real Real.semiring Real.instAddCommMonoid (@Semiring.toModule.{0} Real Real.semiring))
                  (@Pi.Function.module.{0, 0, 0}
                    (Fin
                      (@HMul.hMul.{0, 0, 0} Nat Nat Nat (@instHMul.{0} Nat instMulNat)
                        (@OfNat.ofNat.{0} Nat (nat_lit 2) (instOfNatNat (nat_lit 2)))
                        (@OfNat.ofNat.{0} Nat (nat_lit 1) (instOfNatNat (nat_lit 1)))))
                    Real Real Real.semiring Real.instAddCommMonoid (@Semiring.toModule.{0} Real Real.semiring))
                  (@RingHom.id.{0} Real (@Semiring.toNonAssocSemiring.{0} Real Real.semiring)))
                (AuditRound10.J (@OfNat.ofNat.{0} Nat (nat_lit 1) (instOfNatNat (nat_lit 1)))) fun x =>
                @OfNat.ofNat.{0} Real (nat_lit 1) (@One.toOfNat1.{0} Real Real.instOne))
              (@OfNat.ofNat.{0}
                (Fin
                  (@HMul.hMul.{0, 0, 0} Nat Nat Nat (@instHMul.{0} Nat instMulNat)
                    (@OfNat.ofNat.{0} Nat (nat_lit 2) (instOfNatNat (nat_lit 2)))
                    (@OfNat.ofNat.{0} Nat (nat_lit 1) (instOfNatNat (nat_lit 1)))))
                (nat_lit 0)
                (@Fin.instOfNat
                  (@HMul.hMul.{0, 0, 0} Nat Nat Nat (@instHMul.{0} Nat instMulNat)
                    (@OfNat.ofNat.{0} Nat (nat_lit 2) (instOfNatNat (nat_lit 2)))
                    (@OfNat.ofNat.{0} Nat (nat_lit 1) (instOfNatNat (nat_lit 1))))
                  (@instNeZeroNatHMul (@OfNat.ofNat.{0} Nat (nat_lit 2) (instOfNatNat (nat_lit 2)))
                    (@OfNat.ofNat.{0} Nat (nat_lit 1) (instOfNatNat (nat_lit 1)))
                    (@Nat.instNeZeroSucc (@OfNat.ofNat.{0} Nat (nat_lit 1) (instOfNatNat (nat_lit 1))))
                    (@Nat.instNeZeroSucc (@OfNat.ofNat.{0} Nat (nat_lit 0) (instOfNatNat (nat_lit 0)))))
                  (nat_lit 0))))
            (@OfNat.ofNat.{0} Real (nat_lit 2)
              (@instOfNatAtLeastTwo.{0} Real (nat_lit 2)
                (@AddMonoidWithOne.toNatCast.{0} Real
                  (@AddGroupWithOne.toAddMonoidWithOne.{0} Real (@Ring.toAddGroupWithOne.{0} Real Real.instRing)))
                (Mathlib.Meta.NormNum.instAtLeastTwo (nat_lit 0))))
            (@congrArg.{1, 1} Real (Real → Prop)
              (@AuditRound10.reflect (@OfNat.ofNat.{0} Nat (nat_lit 1) (instOfNatNat (nat_lit 1)))
                (@HAdd.hAdd.{0, 0, 0} (AuditRound10.Vec (@OfNat.ofNat.{0} Nat (nat_lit 1) (instOfNatNat (nat_lit 1))))
                  (Fin
                      (@HMul.hMul.{0, 0, 0} Nat Nat Nat (@instHMul.{0} Nat instMulNat)
                        (@OfNat.ofNat.{0} Nat (nat_lit 2) (instOfNatNat (nat_lit 2)))
                        (@OfNat.ofNat.{0} Nat (nat_lit 1) (instOfNatNat (nat_lit 1)))) →
                    Real)
                  (AuditRound10.Vec (@OfNat.ofNat.{0} Nat (nat_lit 1) (instOfNatNat (nat_lit 1))))
                  (@instHAdd.{0} (AuditRound10.Vec (@OfNat.ofNat.{0} Nat (nat_lit 1) (instOfNatNat (nat_lit 1))))
                    (@Pi.instAdd.{0, 0}
                      (Fin
                        (@HMul.hMul.{0, 0, 0} Nat Nat Nat (@instHMul.{0} Nat instMulNat)
                          (@OfNat.ofNat.{0} Nat (nat_lit 2) (instOfNatNat (nat_lit 2)))
                          (@OfNat.ofNat.{0} Nat (nat_lit 1) (instOfNatNat (nat_lit 1)))))
                      (fun a => Real) fun i => Real.instAdd))
                  (@OfNat.ofNat.{0} (AuditRound10.Vec (@OfNat.ofNat.{0} Nat (nat_lit 1) (instOfNatNat (nat_lit 1))))
                    (nat_lit 0)
                    (@Zero.toOfNat0.{0} (AuditRound10.Vec (@OfNat.ofNat.{0} Nat (nat_lit 1) (instOfNatNat (nat_lit 1))))
                      (@Pi.instZero.{0, 0}
                        (Fin
                          (@HMul.hMul.{0, 0, 0} Nat Nat Nat (@instHMul.{0} Nat instMulNat)
                            (@OfNat.ofNat.{0} Nat (nat_lit 2) (instOfNatNat (nat_lit 2)))
                            (@OfNat.ofNat.{0} Nat (nat_lit 1) (instOfNatNat (nat_lit 1)))))
                        (fun a => Real) fun i => Real.instZero)))
                  fun x => @OfNat.ofNat.{0} Real (nat_lit 1) (@One.toOfNat1.{0} Real Real.instOne))
                (@OfNat.ofNat.{0}
                  (Fin
                    (@HMul.hMul.{0, 0, 0} Nat Nat Nat (@instHMul.{0} Nat instMulNat)
                      (@OfNat.ofNat.{0} Nat (nat_lit 2) (instOfNatNat (nat_lit 2)))
                      (@OfNat.ofNat.{0} Nat (nat_lit 1) (instOfNatNat (nat_lit 1)))))
                  (nat_lit 0)
                  (@Fin.instOfNat
                    (@HMul.hMul.{0, 0, 0} Nat Nat Nat (@instHMul.{0} Nat instMulNat)
                      (@OfNat.ofNat.{0} Nat (nat_lit 2) (instOfNatNat (nat_lit 2)))
                      (@OfNat.ofNat.{0} Nat (nat_lit 1) (instOfNatNat (nat_lit 1))))
                    (@instNeZeroNatHMul (@OfNat.ofNat.{0} Nat (nat_lit 2) (instOfNatNat (nat_lit 2)))
                      (@OfNat.ofNat.{0} Nat (nat_lit 1) (instOfNatNat (nat_lit 1)))
                      (@Nat.instNeZeroSucc (@OfNat.ofNat.{0} Nat (nat_lit 1) (instOfNatNat (nat_lit 1))))
                      (@Nat.instNeZeroSucc (@OfNat.ofNat.{0} Nat (nat_lit 0) (instOfNatNat (nat_lit 0)))))
                    (nat_lit 0))))
              (@OfNat.ofNat.{0} Real (nat_lit 0)
                (@Zero.toOfNat0.{0} Real
                  (@AddZero.toZero.{0} Real
                    (@AddZeroClass.toAddZero.{0} Real
                      (@AddMonoid.toAddZeroClass.{0} Real
                        (@SubNegMonoid.toAddMonoid.{0} Real (@AddGroup.toSubNegMonoid.{0} Real Real.instAddGroup)))))))
              (@Eq.{1} Real)
              (@Eq.trans.{1} Real
                (@HSub.hSub.{0, 0, 0} Real Real Real (@instHSub.{0} Real Real.instSub)
                  (@OfNat.ofNat.{0} Real (nat_lit 1) (@One.toOfNat1.{0} Real Real.instOne))
                  (@HAdd.hAdd.{0, 0, 0} (AuditRound10.Vec (@OfNat.ofNat.{0} Nat (nat_lit 1) (instOfNatNat (nat_lit 1))))
                    (Fin
                        (@HMul.hMul.{0, 0, 0} Nat Nat Nat (@instHMul.{0} Nat instMulNat)
                          (@OfNat.ofNat.{0} Nat (nat_lit 2) (instOfNatNat (nat_lit 2)))
                          (@OfNat.ofNat.{0} Nat (nat_lit 1) (instOfNatNat (nat_lit 1)))) →
                      Real)
                    (AuditRound10.Vec (@OfNat.ofNat.{0} Nat (nat_lit 1) (instOfNatNat (nat_lit 1))))
                    (@instHAdd.{0} (AuditRound10.Vec (@OfNat.ofNat.{0} Nat (nat_lit 1) (instOfNatNat (nat_lit 1))))
                      (@Pi.instAdd.{0, 0}
                        (Fin
                          (@HMul.hMul.{0, 0, 0} Nat Nat Nat (@instHMul.{0} Nat instMulNat)
                            (@OfNat.ofNat.{0} Nat (nat_lit 2) (instOfNatNat (nat_lit 2)))
                            (@OfNat.ofNat.{0} Nat (nat_lit 1) (instOfNatNat (nat_lit 1)))))
                        (fun a => Real) fun i => Real.instAdd))
                    (@OfNat.ofNat.{0} (AuditRound10.Vec (@OfNat.ofNat.{0} Nat (nat_lit 1) (instOfNatNat (nat_lit 1))))
                      (nat_lit 0)
                      (@Zero.toOfNat0.{0}
                        (AuditRound10.Vec (@OfNat.ofNat.{0} Nat (nat_lit 1) (instOfNatNat (nat_lit 1))))
                        (@Pi.instZero.{0, 0}
                          (Fin
                            (@HMul.hMul.{0, 0, 0} Nat Nat Nat (@instHMul.{0} Nat instMulNat)
                              (@OfNat.ofNat.{0} Nat (nat_lit 2) (instOfNatNat (nat_lit 2)))
                              (@OfNat.ofNat.{0} Nat (nat_lit 1) (instOfNatNat (nat_lit 1)))))
                          (fun a => Real) fun i => Real.instZero)))
                    (fun x => @OfNat.ofNat.{0} Real (nat_lit 1) (@One.toOfNat1.{0} Real Real.instOne))
                    (@Fin.rev
                      (@HMul.hMul.{0, 0, 0} Nat Nat Nat (@instHMul.{0} Nat instMulNat)
                        (@OfNat.ofNat.{0} Nat (nat_lit 2) (instOfNatNat (nat_lit 2)))
                        (@OfNat.ofNat.{0} Nat (nat_lit 1) (instOfNatNat (nat_lit 1))))
                      (@OfNat.ofNat.{0}
                        (Fin
                          (@HMul.hMul.{0, 0, 0} Nat Nat Nat (@instHMul.{0} Nat instMulNat)
                            (@OfNat.ofNat.{0} Nat (nat_lit 2) (instOfNatNat (nat_lit 2)))
                            (@OfNat.ofNat.{0} Nat (nat_lit 1) (instOfNatNat (nat_lit 1)))))
                        (nat_lit 0)
                        (@Fin.instOfNat
                          (@HMul.hMul.{0, 0, 0} Nat Nat Nat (@instHMul.{0} Nat instMulNat)
                            (@OfNat.ofNat.{0} Nat (nat_lit 2) (instOfNatNat (nat_lit 2)))
                            (@OfNat.ofNat.{0} Nat (nat_lit 1) (instOfNatNat (nat_lit 1))))
                          (@instNeZeroNatHMul (@OfNat.ofNat.{0} Nat (nat_lit 2) (instOfNatNat (nat_lit 2)))
                            (@OfNat.ofNat.{0} Nat (nat_lit 1) (instOfNatNat (nat_lit 1)))
                            (@Nat.instNeZeroSucc (@OfNat.ofNat.{0} Nat (nat_lit 1) (instOfNatNat (nat_lit 1))))
                            (@Nat.instNeZeroSucc (@OfNat.ofNat.{0} Nat (nat_lit 0) (instOfNatNat (nat_lit 0)))))
                          (nat_lit 0))))))
                (@HSub.hSub.{0, 0, 0} Real Real Real (@instHSub.{0} Real Real.instSub)
                  (@OfNat.ofNat.{0} Real (nat_lit 1) (@One.toOfNat1.{0} Real Real.instOne))
                  (@OfNat.ofNat.{0} Real (nat_lit 1) (@One.toOfNat1.{0} Real Real.instOne)))
                (@OfNat.ofNat.{0} Real (nat_lit 0)
                  (@Zero.toOfNat0.{0} Real
                    (@AddZero.toZero.{0} Real
                      (@AddZeroClass.toAddZero.{0} Real
                        (@AddMonoid.toAddZeroClass.{0} Real
                          (@SubNegMonoid.toAddMonoid.{0} Real
                            (@AddGroup.toSubNegMonoid.{0} Real Real.instAddGroup)))))))
                (@congrArg.{1, 1} Real Real
                  (@HAdd.hAdd.{0, 0, 0} (AuditRound10.Vec (@OfNat.ofNat.{0} Nat (nat_lit 1) (instOfNatNat (nat_lit 1))))
                    (Fin
                        (@HMul.hMul.{0, 0, 0} Nat Nat Nat (@instHMul.{0} Nat instMulNat)
                          (@OfNat.ofNat.{0} Nat (nat_lit 2) (instOfNatNat (nat_lit 2)))
                          (@OfNat.ofNat.{0} Nat (nat_lit 1) (instOfNatNat (nat_lit 1)))) →
                      Real)
                    (AuditRound10.Vec (@OfNat.ofNat.{0} Nat (nat_lit 1) (instOfNatNat (nat_lit 1))))
                    (@instHAdd.{0} (AuditRound10.Vec (@OfNat.ofNat.{0} Nat (nat_lit 1) (instOfNatNat (nat_lit 1))))
                      (@Pi.instAdd.{0, 0}
                        (Fin
                          (@HMul.hMul.{0, 0, 0} Nat Nat Nat (@instHMul.{0} Nat instMulNat)
                            (@OfNat.ofNat.{0} Nat (nat_lit 2) (instOfNatNat (nat_lit 2)))
                            (@OfNat.ofNat.{0} Nat (nat_lit 1) (instOfNatNat (nat_lit 1)))))
                        (fun a => Real) fun i => Real.instAdd))
                    (@OfNat.ofNat.{0} (AuditRound10.Vec (@OfNat.ofNat.{0} Nat (nat_lit 1) (instOfNatNat (nat_lit 1))))
                      (nat_lit 0)
                      (@Zero.toOfNat0.{0}
                        (AuditRound10.Vec (@OfNat.ofNat.{0} Nat (nat_lit 1) (instOfNatNat (nat_lit 1))))
                        (@Pi.instZero.{0, 0}
                          (Fin
                            (@HMul.hMul.{0, 0, 0} Nat Nat Nat (@instHMul.{0} Nat instMulNat)
                              (@OfNat.ofNat.{0} Nat (nat_lit 2) (instOfNatNat (nat_lit 2)))
                              (@OfNat.ofNat.{0} Nat (nat_lit 1) (instOfNatNat (nat_lit 1)))))
                          (fun a => Real) fun i => Real.instZero)))
                    (fun x => @OfNat.ofNat.{0} Real (nat_lit 1) (@One.toOfNat1.{0} Real Real.instOne))
                    (@Fin.rev
                      (@HMul.hMul.{0, 0, 0} Nat Nat Nat (@instHMul.{0} Nat instMulNat)
                        (@OfNat.ofNat.{0} Nat (nat_lit 2) (instOfNatNat (nat_lit 2)))
                        (@OfNat.ofNat.{0} Nat (nat_lit 1) (instOfNatNat (nat_lit 1))))
                      (@OfNat.ofNat.{0}
                        (Fin
                          (@HMul.hMul.{0, 0, 0} Nat Nat Nat (@instHMul.{0} Nat instMulNat)
                            (@OfNat.ofNat.{0} Nat (nat_lit 2) (instOfNatNat (nat_lit 2)))
                            (@OfNat.ofNat.{0} Nat (nat_lit 1) (instOfNatNat (nat_lit 1)))))
                        (nat_lit 0)
                        (@Fin.instOfNat
                          (@HMul.hMul.{0, 0, 0} Nat Nat Nat (@instHMul.{0} Nat instMulNat)
                            (@OfNat.ofNat.{0} Nat (nat_lit 2) (instOfNatNat (nat_lit 2)))
                            (@OfNat.ofNat.{0} Nat (nat_lit 1) (instOfNatNat (nat_lit 1))))
                          (@instNeZeroNatHMul (@OfNat.ofNat.{0} Nat (nat_lit 2) (instOfNatNat (nat_lit 2)))
                            (@OfNat.ofNat.{0} Nat (nat_lit 1) (instOfNatNat (nat_lit 1)))
                            (@Nat.instNeZeroSucc (@OfNat.ofNat.{0} Nat (nat_lit 1) (instOfNatNat (nat_lit 1))))
                            (@Nat.instNeZeroSucc (@OfNat.ofNat.{0} Nat (nat_lit 0) (instOfNatNat (nat_lit 0)))))
                          (nat_lit 0)))))
                  (@OfNat.ofNat.{0} Real (nat_lit 1) (@One.toOfNat1.{0} Real Real.instOne))
                  (@HSub.hSub.{0, 0, 0} Real Real Real (@instHSub.{0} Real Real.instSub)
                    (@OfNat.ofNat.{0} Real (nat_lit 1) (@One.toOfNat1.{0} Real Real.instOne)))
                  (@Eq.trans.{1} Real
                    (@HAdd.hAdd.{0, 0, 0}
                      (AuditRound10.Vec (@OfNat.ofNat.{0} Nat (nat_lit 1) (instOfNatNat (nat_lit 1))))
                      (Fin
                          (@HMul.hMul.{0, 0, 0} Nat Nat Nat (@instHMul.{0} Nat instMulNat)
                            (@OfNat.ofNat.{0} Nat (nat_lit 2) (instOfNatNat (nat_lit 2)))
                            (@OfNat.ofNat.{0} Nat (nat_lit 1) (instOfNatNat (nat_lit 1)))) →
                        Real)
                      (AuditRound10.Vec (@OfNat.ofNat.{0} Nat (nat_lit 1) (instOfNatNat (nat_lit 1))))
                      (@instHAdd.{0} (AuditRound10.Vec (@OfNat.ofNat.{0} Nat (nat_lit 1) (instOfNatNat (nat_lit 1))))
                        (@Pi.instAdd.{0, 0}
                          (Fin
                            (@HMul.hMul.{0, 0, 0} Nat Nat Nat (@instHMul.{0} Nat instMulNat)
                              (@OfNat.ofNat.{0} Nat (nat_lit 2) (instOfNatNat (nat_lit 2)))
                              (@OfNat.ofNat.{0} Nat (nat_lit 1) (instOfNatNat (nat_lit 1)))))
                          (fun a => Real) fun i => Real.instAdd))
                      (@OfNat.ofNat.{0} (AuditRound10.Vec (@OfNat.ofNat.{0} Nat (nat_lit 1) (instOfNatNat (nat_lit 1))))
                        (nat_lit 0)
                        (@Zero.toOfNat0.{0}
                          (AuditRound10.Vec (@OfNat.ofNat.{0} Nat (nat_lit 1) (instOfNatNat (nat_lit 1))))
                          (@Pi.instZero.{0, 0}
                            (Fin
                              (@HMul.hMul.{0, 0, 0} Nat Nat Nat (@instHMul.{0} Nat instMulNat)
                                (@OfNat.ofNat.{0} Nat (nat_lit 2) (instOfNatNat (nat_lit 2)))
                                (@OfNat.ofNat.{0} Nat (nat_lit 1) (instOfNatNat (nat_lit 1)))))
                            (fun a => Real) fun i => Real.instZero)))
                      (fun x => @OfNat.ofNat.{0} Real (nat_lit 1) (@One.toOfNat1.{0} Real Real.instOne))
                      (@Fin.rev
                        (@HMul.hMul.{0, 0, 0} Nat Nat Nat (@instHMul.{0} Nat instMulNat)
                          (@OfNat.ofNat.{0} Nat (nat_lit 2) (instOfNatNat (nat_lit 2)))
                          (@OfNat.ofNat.{0} Nat (nat_lit 1) (instOfNatNat (nat_lit 1))))
                        (@OfNat.ofNat.{0}
                          (Fin
                            (@HMul.hMul.{0, 0, 0} Nat Nat Nat (@instHMul.{0} Nat instMulNat)
                              (@OfNat.ofNat.{0} Nat (nat_lit 2) (instOfNatNat (nat_lit 2)))
                              (@OfNat.ofNat.{0} Nat (nat_lit 1) (instOfNatNat (nat_lit 1)))))
                          (nat_lit 0)
                          (@Fin.instOfNat
                            (@HMul.hMul.{0, 0, 0} Nat Nat Nat (@instHMul.{0} Nat instMulNat)
                              (@OfNat.ofNat.{0} Nat (nat_lit 2) (instOfNatNat (nat_lit 2)))
                              (@OfNat.ofNat.{0} Nat (nat_lit 1) (instOfNatNat (nat_lit 1))))
                            (@instNeZeroNatHMul (@OfNat.ofNat.{0} Nat (nat_lit 2) (instOfNatNat (nat_lit 2)))
                              (@OfNat.ofNat.{0} Nat (nat_lit 1) (instOfNatNat (nat_lit 1)))
                              (@Nat.instNeZeroSucc (@OfNat.ofNat.{0} Nat (nat_lit 1) (instOfNatNat (nat_lit 1))))
                              (@Nat.instNeZeroSucc (@OfNat.ofNat.{0} Nat (nat_lit 0) (instOfNatNat (nat_lit 0)))))
                            (nat_lit 0)))))
                    (@HAdd.hAdd.{0, 0, 0}
                      (AuditRound10.Vec (@OfNat.ofNat.{0} Nat (nat_lit 1) (instOfNatNat (nat_lit 1))))
                      (Fin
                          (@HMul.hMul.{0, 0, 0} Nat Nat Nat (@instHMul.{0} Nat instMulNat)
                            (@OfNat.ofNat.{0} Nat (nat_lit 2) (instOfNatNat (nat_lit 2)))
                            (@OfNat.ofNat.{0} Nat (nat_lit 1) (instOfNatNat (nat_lit 1)))) →
                        Real)
                      (AuditRound10.Vec (@OfNat.ofNat.{0} Nat (nat_lit 1) (instOfNatNat (nat_lit 1))))
                      (@instHAdd.{0} (AuditRound10.Vec (@OfNat.ofNat.{0} Nat (nat_lit 1) (instOfNatNat (nat_lit 1))))
                        (@Pi.instAdd.{0, 0}
                          (Fin
                            (@HMul.hMul.{0, 0, 0} Nat Nat Nat (@instHMul.{0} Nat instMulNat)
                              (@OfNat.ofNat.{0} Nat (nat_lit 2) (instOfNatNat (nat_lit 2)))
                              (@OfNat.ofNat.{0} Nat (nat_lit 1) (instOfNatNat (nat_lit 1)))))
                          (fun a => Real) fun i => Real.instAdd))
                      (@OfNat.ofNat.{0} (AuditRound10.Vec (@OfNat.ofNat.{0} Nat (nat_lit 1) (instOfNatNat (nat_lit 1))))
                        (nat_lit 0)
                        (@Zero.toOfNat0.{0}
                          (AuditRound10.Vec (@OfNat.ofNat.{0} Nat (nat_lit 1) (instOfNatNat (nat_lit 1))))
                          (@Pi.instZero.{0, 0}
                            (Fin
                              (@HMul.hMul.{0, 0, 0} Nat Nat Nat (@instHMul.{0} Nat instMulNat)
                                (@OfNat.ofNat.{0} Nat (nat_lit 2) (instOfNatNat (nat_lit 2)))
                                (@OfNat.ofNat.{0} Nat (nat_lit 1) (instOfNatNat (nat_lit 1)))))
                            (fun a => Real) fun i => Real.instZero)))
                      (fun x => @OfNat.ofNat.{0} Real (nat_lit 1) (@One.toOfNat1.{0} Real Real.instOne))
                      (Fin.last (@OfNat.ofNat.{0} Nat (nat_lit 1) (instOfNatNat (nat_lit 1)))))
                    (@OfNat.ofNat.{0} Real (nat_lit 1) (@One.toOfNat1.{0} Real Real.instOne))
                    (@congrArg.{1, 1}
                      (Fin
                        (@HMul.hMul.{0, 0, 0} Nat Nat Nat (@instHMul.{0} Nat instMulNat)
                          (@OfNat.ofNat.{0} Nat (nat_lit 2) (instOfNatNat (nat_lit 2)))
                          (@OfNat.ofNat.{0} Nat (nat_lit 1) (instOfNatNat (nat_lit 1)))))
                      Real
                      (@Fin.rev
                        (@HMul.hMul.{0, 0, 0} Nat Nat Nat (@instHMul.{0} Nat instMulNat)
                          (@OfNat.ofNat.{0} Nat (nat_lit 2) (instOfNatNat (nat_lit 2)))
                          (@OfNat.ofNat.{0} Nat (nat_lit 1) (instOfNatNat (nat_lit 1))))
                        (@OfNat.ofNat.{0}
                          (Fin
                            (@HMul.hMul.{0, 0, 0} Nat Nat Nat (@instHMul.{0} Nat instMulNat)
                              (@OfNat.ofNat.{0} Nat (nat_lit 2) (instOfNatNat (nat_lit 2)))
                              (@OfNat.ofNat.{0} Nat (nat_lit 1) (instOfNatNat (nat_lit 1)))))
                          (nat_lit 0)
                          (@Fin.instOfNat
                            (@HMul.hMul.{0, 0, 0} Nat Nat Nat (@instHMul.{0} Nat instMulNat)
                              (@OfNat.ofNat.{0} Nat (nat_lit 2) (instOfNatNat (nat_lit 2)))
                              (@OfNat.ofNat.{0} Nat (nat_lit 1) (instOfNatNat (nat_lit 1))))
                            (@instNeZeroNatHMul (@OfNat.ofNat.{0} Nat (nat_lit 2) (instOfNatNat (nat_lit 2)))
                              (@OfNat.ofNat.{0} Nat (nat_lit 1) (instOfNatNat (nat_lit 1)))
                              (@Nat.instNeZeroSucc (@OfNat.ofNat.{0} Nat (nat_lit 1) (instOfNatNat (nat_lit 1))))
                              (@Nat.instNeZeroSucc (@OfNat.ofNat.{0} Nat (nat_lit 0) (instOfNatNat (nat_lit 0)))))
                            (nat_lit 0))))
                      (Fin.last (@OfNat.ofNat.{0} Nat (nat_lit 1) (instOfNatNat (nat_lit 1))))
                      (@HAdd.hAdd.{0, 0, 0}
                        (AuditRound10.Vec (@OfNat.ofNat.{0} Nat (nat_lit 1) (instOfNatNat (nat_lit 1))))
                        (Fin
                            (@HMul.hMul.{0, 0, 0} Nat Nat Nat (@instHMul.{0} Nat instMulNat)
                              (@OfNat.ofNat.{0} Nat (nat_lit 2) (instOfNatNat (nat_lit 2)))
                              (@OfNat.ofNat.{0} Nat (nat_lit 1) (instOfNatNat (nat_lit 1)))) →
                          Real)
                        (AuditRound10.Vec (@OfNat.ofNat.{0} Nat (nat_lit 1) (instOfNatNat (nat_lit 1))))
                        (@instHAdd.{0} (AuditRound10.Vec (@OfNat.ofNat.{0} Nat (nat_lit 1) (instOfNatNat (nat_lit 1))))
                          (@Pi.instAdd.{0, 0}
                            (Fin
                              (@HMul.hMul.{0, 0, 0} Nat Nat Nat (@instHMul.{0} Nat instMulNat)
                                (@OfNat.ofNat.{0} Nat (nat_lit 2) (instOfNatNat (nat_lit 2)))
                                (@OfNat.ofNat.{0} Nat (nat_lit 1) (instOfNatNat (nat_lit 1)))))
                            (fun a => Real) fun i => Real.instAdd))
                        (@OfNat.ofNat.{0}
                          (AuditRound10.Vec (@OfNat.ofNat.{0} Nat (nat_lit 1) (instOfNatNat (nat_lit 1)))) (nat_lit 0)
                          (@Zero.toOfNat0.{0}
                            (AuditRound10.Vec (@OfNat.ofNat.{0} Nat (nat_lit 1) (instOfNatNat (nat_lit 1))))
                            (@Pi.instZero.{0, 0}
                              (Fin
                                (@HMul.hMul.{0, 0, 0} Nat Nat Nat (@instHMul.{0} Nat instMulNat)
                                  (@OfNat.ofNat.{0} Nat (nat_lit 2) (instOfNatNat (nat_lit 2)))
                                  (@OfNat.ofNat.{0} Nat (nat_lit 1) (instOfNatNat (nat_lit 1)))))
                              (fun a => Real) fun i => Real.instZero)))
                        fun x => @OfNat.ofNat.{0} Real (nat_lit 1) (@One.toOfNat1.{0} Real Real.instOne))
                      (Fin.rev_zero (@OfNat.ofNat.{0} Nat (nat_lit 1) (instOfNatNat (nat_lit 1)))))
                    (@zero_add.{0} Real (@AddMonoid.toAddZeroClass.{0} Real Real.instAddMonoid)
                      (@OfNat.ofNat.{0} Real (nat_lit 1) (@One.toOfNat1.{0} Real Real.instOne)))))
                (@sub_self.{0} Real Real.instAddGroup
                  (@OfNat.ofNat.{0} Real (nat_lit 1) (@One.toOfNat1.{0} Real Real.instOne)))))
            (@Eq.trans.{1} Real
              (@HAdd.hAdd.{0, 0, 0} (AuditRound10.Vec (@OfNat.ofNat.{0} Nat (nat_lit 1) (instOfNatNat (nat_lit 1))))
                (AuditRound10.Vec (@OfNat.ofNat.{0} Nat (nat_lit 1) (instOfNatNat (nat_lit 1))))
                (AuditRound10.Vec (@OfNat.ofNat.{0} Nat (nat_lit 1) (instOfNatNat (nat_lit 1))))
                (@instHAdd.{0} (AuditRound10.Vec (@OfNat.ofNat.{0} Nat (nat_lit 1) (instOfNatNat (nat_lit 1))))
                  (@Pi.instAdd.{0, 0}
                    (Fin
                      (@HMul.hMul.{0, 0, 0} Nat Nat Nat (@instHMul.{0} Nat instMulNat)
                        (@OfNat.ofNat.{0} Nat (nat_lit 2) (instOfNatNat (nat_lit 2)))
                        (@OfNat.ofNat.{0} Nat (nat_lit 1) (instOfNatNat (nat_lit 1)))))
                    (fun a => Real) fun i => Real.instAdd))
                (@AuditRound10.reflect (@OfNat.ofNat.{0} Nat (nat_lit 1) (instOfNatNat (nat_lit 1)))
                  (@OfNat.ofNat.{0} (AuditRound10.Vec (@OfNat.ofNat.{0} Nat (nat_lit 1) (instOfNatNat (nat_lit 1))))
                    (nat_lit 0)
                    (@Zero.toOfNat0.{0} (AuditRound10.Vec (@OfNat.ofNat.{0} Nat (nat_lit 1) (instOfNatNat (nat_lit 1))))
                      (@Pi.instZero.{0, 0}
                        (Fin
                          (@HMul.hMul.{0, 0, 0} Nat Nat Nat (@instHMul.{0} Nat instMulNat)
                            (@OfNat.ofNat.{0} Nat (nat_lit 2) (instOfNatNat (nat_lit 2)))
                            (@OfNat.ofNat.{0} Nat (nat_lit 1) (instOfNatNat (nat_lit 1)))))
                        (fun a => Real) fun i => Real.instZero))))
                (@DFunLike.coe.{1, 1, 1}
                  (@LinearMap.{0, 0, 0, 0} Real Real Real.semiring Real.semiring
                    (@RingHom.id.{0} Real (@Semiring.toNonAssocSemiring.{0} Real Real.semiring))
                    (AuditRound10.Vec (@OfNat.ofNat.{0} Nat (nat_lit 1) (instOfNatNat (nat_lit 1))))
                    (AuditRound10.Vec (@OfNat.ofNat.{0} Nat (nat_lit 1) (instOfNatNat (nat_lit 1))))
                    (@Pi.addCommMonoid.{0, 0}
                      (Fin
                        (@HMul.hMul.{0, 0, 0} Nat Nat Nat (@instHMul.{0} Nat instMulNat)
                          (@OfNat.ofNat.{0} Nat (nat_lit 2) (instOfNatNat (nat_lit 2)))
                          (@OfNat.ofNat.{0} Nat (nat_lit 1) (instOfNatNat (nat_lit 1)))))
                      (fun a => Real) fun i => Real.instAddCommMonoid)
                    (@Pi.addCommMonoid.{0, 0}
                      (Fin
                        (@HMul.hMul.{0, 0, 0} Nat Nat Nat (@instHMul.{0} Nat instMulNat)
                          (@OfNat.ofNat.{0} Nat (nat_lit 2) (instOfNatNat (nat_lit 2)))
                          (@OfNat.ofNat.{0} Nat (nat_lit 1) (instOfNatNat (nat_lit 1)))))
                      (fun a => Real) fun i => Real.instAddCommMonoid)
                    (@Pi.Function.module.{0, 0, 0}
                      (Fin
                        (@HMul.hMul.{0, 0, 0} Nat Nat Nat (@instHMul.{0} Nat instMulNat)
                          (@OfNat.ofNat.{0} Nat (nat_lit 2) (instOfNatNat (nat_lit 2)))
                          (@OfNat.ofNat.{0} Nat (nat_lit 1) (instOfNatNat (nat_lit 1)))))
                      Real Real Real.semiring Real.instAddCommMonoid (@Semiring.toModule.{0} Real Real.semiring))
                    (@Pi.Function.module.{0, 0, 0}
                      (Fin
                        (@HMul.hMul.{0, 0, 0} Nat Nat Nat (@instHMul.{0} Nat instMulNat)
                          (@OfNat.ofNat.{0} Nat (nat_lit 2) (instOfNatNat (nat_lit 2)))
                          (@OfNat.ofNat.{0} Nat (nat_lit 1) (instOfNatNat (nat_lit 1)))))
                      Real Real Real.semiring Real.instAddCommMonoid (@Semiring.toModule.{0} Real Real.semiring)))
                  (AuditRound10.Vec (@OfNat.ofNat.{0} Nat (nat_lit 1) (instOfNatNat (nat_lit 1))))
                  (fun x => AuditRound10.Vec (@OfNat.ofNat.{0} Nat (nat_lit 1) (instOfNatNat (nat_lit 1))))
                  (@LinearMap.instFunLike.{0, 0, 0, 0} Real Real
                    (AuditRound10.Vec (@OfNat.ofNat.{0} Nat (nat_lit 1) (instOfNatNat (nat_lit 1))))
                    (AuditRound10.Vec (@OfNat.ofNat.{0} Nat (nat_lit 1) (instOfNatNat (nat_lit 1)))) Real.semiring
                    Real.semiring
                    (@Pi.addCommMonoid.{0, 0}
                      (Fin
                        (@HMul.hMul.{0, 0, 0} Nat Nat Nat (@instHMul.{0} Nat instMulNat)
                          (@OfNat.ofNat.{0} Nat (nat_lit 2) (instOfNatNat (nat_lit 2)))
                          (@OfNat.ofNat.{0} Nat (nat_lit 1) (instOfNatNat (nat_lit 1)))))
                      (fun a => Real) fun i => Real.instAddCommMonoid)
                    (@Pi.addCommMonoid.{0, 0}
                      (Fin
                        (@HMul.hMul.{0, 0, 0} Nat Nat Nat (@instHMul.{0} Nat instMulNat)
                          (@OfNat.ofNat.{0} Nat (nat_lit 2) (instOfNatNat (nat_lit 2)))
                          (@OfNat.ofNat.{0} Nat (nat_lit 1) (instOfNatNat (nat_lit 1)))))
                      (fun a => Real) fun i => Real.instAddCommMonoid)
                    (@Pi.Function.module.{0, 0, 0}
                      (Fin
                        (@HMul.hMul.{0, 0, 0} Nat Nat Nat (@instHMul.{0} Nat instMulNat)
                          (@OfNat.ofNat.{0} Nat (nat_lit 2) (instOfNatNat (nat_lit 2)))
                          (@OfNat.ofNat.{0} Nat (nat_lit 1) (instOfNatNat (nat_lit 1)))))
                      Real Real Real.semiring Real.instAddCommMonoid (@Semiring.toModule.{0} Real Real.semiring))
                    (@Pi.Function.module.{0, 0, 0}
                      (Fin
                        (@HMul.hMul.{0, 0, 0} Nat Nat Nat (@instHMul.{0} Nat instMulNat)
                          (@OfNat.ofNat.{0} Nat (nat_lit 2) (instOfNatNat (nat_lit 2)))
                          (@OfNat.ofNat.{0} Nat (nat_lit 1) (instOfNatNat (nat_lit 1)))))
                      Real Real Real.semiring Real.instAddCommMonoid (@Semiring.toModule.{0} Real Real.semiring))
                    (@RingHom.id.{0} Real (@Semiring.toNonAssocSemiring.{0} Real Real.semiring)))
                  (AuditRound10.J (@OfNat.ofNat.{0} Nat (nat_lit 1) (instOfNatNat (nat_lit 1)))) fun x =>
                  @OfNat.ofNat.{0} Real (nat_lit 1) (@One.toOfNat1.{0} Real Real.instOne))
                (@OfNat.ofNat.{0}
                  (Fin
                    (@HMul.hMul.{0, 0, 0} Nat Nat Nat (@instHMul.{0} Nat instMulNat)
                      (@OfNat.ofNat.{0} Nat (nat_lit 2) (instOfNatNat (nat_lit 2)))
                      (@OfNat.ofNat.{0} Nat (nat_lit 1) (instOfNatNat (nat_lit 1)))))
                  (nat_lit 0)
                  (@Fin.instOfNat
                    (@HMul.hMul.{0, 0, 0} Nat Nat Nat (@instHMul.{0} Nat instMulNat)
                      (@OfNat.ofNat.{0} Nat (nat_lit 2) (instOfNatNat (nat_lit 2)))
                      (@OfNat.ofNat.{0} Nat (nat_lit 1) (instOfNatNat (nat_lit 1))))
                    (@instNeZeroNatHMul (@OfNat.ofNat.{0} Nat (nat_lit 2) (instOfNatNat (nat_lit 2)))
                      (@OfNat.ofNat.{0} Nat (nat_lit 1) (instOfNatNat (nat_lit 1)))
                      (@Nat.instNeZeroSucc (@OfNat.ofNat.{0} Nat (nat_lit 1) (instOfNatNat (nat_lit 1))))
                      (@Nat.instNeZeroSucc (@OfNat.ofNat.{0} Nat (nat_lit 0) (instOfNatNat (nat_lit 0)))))
                    (nat_lit 0))))
              (@HAdd.hAdd.{0, 0, 0} (AuditRound10.Vec (@OfNat.ofNat.{0} Nat (nat_lit 1) (instOfNatNat (nat_lit 1))))
                (AuditRound10.Vec (@OfNat.ofNat.{0} Nat (nat_lit 1) (instOfNatNat (nat_lit 1))))
                (AuditRound10.Vec (@OfNat.ofNat.{0} Nat (nat_lit 1) (instOfNatNat (nat_lit 1))))
                (@instHAdd.{0} (AuditRound10.Vec (@OfNat.ofNat.{0} Nat (nat_lit 1) (instOfNatNat (nat_lit 1))))
                  (@Pi.instAdd.{0, 0}
                    (Fin
                      (@HMul.hMul.{0, 0, 0} Nat Nat Nat (@instHMul.{0} Nat instMulNat)
                        (@OfNat.ofNat.{0} Nat (nat_lit 2) (instOfNatNat (nat_lit 2)))
                        (@OfNat.ofNat.{0} Nat (nat_lit 1) (instOfNatNat (nat_lit 1)))))
                    (fun a => Real) fun i => Real.instAdd))
                (@AuditRound10.reflect (@OfNat.ofNat.{0} Nat (nat_lit 1) (instOfNatNat (nat_lit 1)))
                  (@OfNat.ofNat.{0} (AuditRound10.Vec (@OfNat.ofNat.{0} Nat (nat_lit 1) (instOfNatNat (nat_lit 1))))
                    (nat_lit 0)
                    (@Zero.toOfNat0.{0} (AuditRound10.Vec (@OfNat.ofNat.{0} Nat (nat_lit 1) (instOfNatNat (nat_lit 1))))
                      (@Pi.instZero.{0, 0}
                        (Fin
                          (@HMul.hMul.{0, 0, 0} Nat Nat Nat (@instHMul.{0} Nat instMulNat)
                            (@OfNat.ofNat.{0} Nat (nat_lit 2) (instOfNatNat (nat_lit 2)))
                            (@OfNat.ofNat.{0} Nat (nat_lit 1) (instOfNatNat (nat_lit 1)))))
                        (fun a => Real) fun i => Real.instZero))))
                (fun i =>
                  @OfNat.ofNat.{0} Real (nat_lit 1)
                    (@One.toOfNat1.{0} Real
                      (@AddMonoidWithOne.toOne.{0} Real
                        (@AddGroupWithOne.toAddMonoidWithOne.{0} Real
                          (@Ring.toAddGroupWithOne.{0} Real Real.instRing)))))
                (@OfNat.ofNat.{0}
                  (Fin
                    (@HMul.hMul.{0, 0, 0} Nat Nat Nat (@instHMul.{0} Nat instMulNat)
                      (@OfNat.ofNat.{0} Nat (nat_lit 2) (instOfNatNat (nat_lit 2)))
                      (@OfNat.ofNat.{0} Nat (nat_lit 1) (instOfNatNat (nat_lit 1)))))
                  (nat_lit 0)
                  (@Fin.instOfNat
                    (@HMul.hMul.{0, 0, 0} Nat Nat Nat (@instHMul.{0} Nat instMulNat)
                      (@OfNat.ofNat.{0} Nat (nat_lit 2) (instOfNatNat (nat_lit 2)))
                      (@OfNat.ofNat.{0} Nat (nat_lit 1) (instOfNatNat (nat_lit 1))))
                    (@instNeZeroNatHMul (@OfNat.ofNat.{0} Nat (nat_lit 2) (instOfNatNat (nat_lit 2)))
                      (@OfNat.ofNat.{0} Nat (nat_lit 1) (instOfNatNat (nat_lit 1)))
                      (@Nat.instNeZeroSucc (@OfNat.ofNat.{0} Nat (nat_lit 1) (instOfNatNat (nat_lit 1))))
                      (@Nat.instNeZeroSucc (@OfNat.ofNat.{0} Nat (nat_lit 0) (instOfNatNat (nat_lit 0)))))
                    (nat_lit 0))))
              (@OfNat.ofNat.{0} Real (nat_lit 2)
                (@instOfNatAtLeastTwo.{0} Real (nat_lit 2)
                  (@AddMonoidWithOne.toNatCast.{0} Real
                    (@AddGroupWithOne.toAddMonoidWithOne.{0} Real (@Ring.toAddGroupWithOne.{0} Real Real.instRing)))
                  (Mathlib.Meta.NormNum.instAtLeastTwo (nat_lit 0))))
              (@congrFun'.{1, 1}
                (Fin
                  (@HMul.hMul.{0, 0, 0} Nat Nat Nat (@instHMul.{0} Nat instMulNat)
                    (@OfNat.ofNat.{0} Nat (nat_lit 2) (instOfNatNat (nat_lit 2)))
                    (@OfNat.ofNat.{0} Nat (nat_lit 1) (instOfNatNat (nat_lit 1)))))
                Real
                (@HAdd.hAdd.{0, 0, 0} (AuditRound10.Vec (@OfNat.ofNat.{0} Nat (nat_lit 1) (instOfNatNat (nat_lit 1))))
                  (AuditRound10.Vec (@OfNat.ofNat.{0} Nat (nat_lit 1) (instOfNatNat (nat_lit 1))))
                  (AuditRound10.Vec (@OfNat.ofNat.{0} Nat (nat_lit 1) (instOfNatNat (nat_lit 1))))
                  (@instHAdd.{0} (AuditRound10.Vec (@OfNat.ofNat.{0} Nat (nat_lit 1) (instOfNatNat (nat_lit 1))))
                    (@Pi.instAdd.{0, 0}
                      (Fin
                        (@HMul.hMul.{0, 0, 0} Nat Nat Nat (@instHMul.{0} Nat instMulNat)
                          (@OfNat.ofNat.{0} Nat (nat_lit 2) (instOfNatNat (nat_lit 2)))
                          (@OfNat.ofNat.{0} Nat (nat_lit 1) (instOfNatNat (nat_lit 1)))))
                      (fun a => Real) fun i => Real.instAdd))
                  (@AuditRound10.reflect (@OfNat.ofNat.{0} Nat (nat_lit 1) (instOfNatNat (nat_lit 1)))
                    (@OfNat.ofNat.{0} (AuditRound10.Vec (@OfNat.ofNat.{0} Nat (nat_lit 1) (instOfNatNat (nat_lit 1))))
                      (nat_lit 0)
                      (@Zero.toOfNat0.{0}
                        (AuditRound10.Vec (@OfNat.ofNat.{0} Nat (nat_lit 1) (instOfNatNat (nat_lit 1))))
                        (@Pi.instZero.{0, 0}
                          (Fin
                            (@HMul.hMul.{0, 0, 0} Nat Nat Nat (@instHMul.{0} Nat instMulNat)
                              (@OfNat.ofNat.{0} Nat (nat_lit 2) (instOfNatNat (nat_lit 2)))
                              (@OfNat.ofNat.{0} Nat (nat_lit 1) (instOfNatNat (nat_lit 1)))))
                          (fun a => Real) fun i => Real.instZero))))
                  (@DFunLike.coe.{1, 1, 1}
                    (@LinearMap.{0, 0, 0, 0} Real Real Real.semiring Real.semiring
                      (@RingHom.id.{0} Real (@Semiring.toNonAssocSemiring.{0} Real Real.semiring))
                      (AuditRound10.Vec (@OfNat.ofNat.{0} Nat (nat_lit 1) (instOfNatNat (nat_lit 1))))
                      (AuditRound10.Vec (@OfNat.ofNat.{0} Nat (nat_lit 1) (instOfNatNat (nat_lit 1))))
                      (@Pi.addCommMonoid.{0, 0}
                        (Fin
                          (@HMul.hMul.{0, 0, 0} Nat Nat Nat (@instHMul.{0} Nat instMulNat)
                            (@OfNat.ofNat.{0} Nat (nat_lit 2) (instOfNatNat (nat_lit 2)))
                            (@OfNat.ofNat.{0} Nat (nat_lit 1) (instOfNatNat (nat_lit 1)))))
                        ⋯ ⋯)
                      ⋯ ⋯ ⋯)
                    ⋯ ⋯ ⋯ ⋯ ⋯))
                ⋯ ⋯ ⋯)
              ⋯))
          ⋯)
        ⋯)
      ⋯)
'AuditRound10Controls.reflection_plus_sign_false' depends on axioms: [propext, Classical.choice.{u}, Quot.sound.{u}]
theorem AuditRound10Controls.phase_off_by_one_false : Not
  (AuditRound10.phase_root (fun x => x) (@OfNat.ofNat.{0} Nat (nat_lit 1) (instOfNatNat (nat_lit 1)))
    (@HMul.hMul.{0, 0, 0} Real Real Real (@instHMul.{0} Real Real.instMul)
      (@OfNat.ofNat.{0} Real (nat_lit 2)
        (@instOfNatAtLeastTwo.{0} Real (nat_lit 2) Real.instNatCast
          (@Nat.instAtLeastTwoHAddOfNat (@OfNat.ofNat.{0} Nat (nat_lit 1) (instOfNatNat (nat_lit 1)))
            (@Nat.instNeZeroSucc (@OfNat.ofNat.{0} Nat (nat_lit 0) (instOfNatNat (nat_lit 0)))))))
      Real.pi)) :=
fun h =>
  have he :=
    @And.right
      (@LE.le.{0} Real Real.instLE (@OfNat.ofNat.{0} Real (nat_lit 0) (@Zero.toOfNat0.{0} Real Real.instZero))
        (@HMul.hMul.{0, 0, 0} Real Real Real (@instHMul.{0} Real Real.instMul)
          (@OfNat.ofNat.{0} Real (nat_lit 2)
            (@instOfNatAtLeastTwo.{0} Real (nat_lit 2) Real.instNatCast
              (@Nat.instAtLeastTwoHAddOfNat (@OfNat.ofNat.{0} Nat (nat_lit 1) (instOfNatNat (nat_lit 1)))
                (@Nat.instNeZeroSucc (@OfNat.ofNat.{0} Nat (nat_lit 0) (instOfNatNat (nat_lit 0)))))))
          Real.pi))
      (@Eq.{1} Real
        ((fun x => x)
          (@HMul.hMul.{0, 0, 0} Real Real Real (@instHMul.{0} Real Real.instMul)
            (@OfNat.ofNat.{0} Real (nat_lit 2)
              (@instOfNatAtLeastTwo.{0} Real (nat_lit 2) Real.instNatCast
                (@Nat.instAtLeastTwoHAddOfNat (@OfNat.ofNat.{0} Nat (nat_lit 1) (instOfNatNat (nat_lit 1)))
                  (@Nat.instNeZeroSucc (@OfNat.ofNat.{0} Nat (nat_lit 0) (instOfNatNat (nat_lit 0)))))))
            Real.pi))
        (@HMul.hMul.{0, 0, 0} Real Real Real (@instHMul.{0} Real Real.instMul)
          (@Nat.cast.{0} Real Real.instNatCast (@OfNat.ofNat.{0} Nat (nat_lit 1) (instOfNatNat (nat_lit 1)))) Real.pi))
      h;
  @False.elim.{0} False
    (@Eq.mp.{0}
      (@Eq.{1} Real
        ((fun x => x)
          (@HMul.hMul.{0, 0, 0} Real Real Real (@instHMul.{0} Real Real.instMul)
            (@OfNat.ofNat.{0} Real (nat_lit 2)
              (@instOfNatAtLeastTwo.{0} Real (nat_lit 2) Real.instNatCast
                (@Nat.instAtLeastTwoHAddOfNat (@OfNat.ofNat.{0} Nat (nat_lit 1) (instOfNatNat (nat_lit 1)))
                  (@Nat.instNeZeroSucc (@OfNat.ofNat.{0} Nat (nat_lit 0) (instOfNatNat (nat_lit 0)))))))
            Real.pi))
        (@HMul.hMul.{0, 0, 0} Real Real Real (@instHMul.{0} Real Real.instMul)
          (@Nat.cast.{0} Real Real.instNatCast (@OfNat.ofNat.{0} Nat (nat_lit 1) (instOfNatNat (nat_lit 1)))) Real.pi))
      False
      (@Eq.trans.{1} Prop
        (@Eq.{1} Real
          (@HMul.hMul.{0, 0, 0} Real Real Real (@instHMul.{0} Real Real.instMul)
            (@OfNat.ofNat.{0} Real (nat_lit 2)
              (@instOfNatAtLeastTwo.{0} Real (nat_lit 2) Real.instNatCast
                (@Nat.instAtLeastTwoHAddOfNat (@OfNat.ofNat.{0} Nat (nat_lit 1) (instOfNatNat (nat_lit 1)))
                  (@Nat.instNeZeroSucc (@OfNat.ofNat.{0} Nat (nat_lit 0) (instOfNatNat (nat_lit 0)))))))
            Real.pi)
          (@HMul.hMul.{0, 0, 0} Real Real Real (@instHMul.{0} Real Real.instMul)
            (@Nat.cast.{0} Real Real.instNatCast (@OfNat.ofNat.{0} Nat (nat_lit 1) (instOfNatNat (nat_lit 1))))
            Real.pi))
        (@Eq.{1} Real
          (@OfNat.ofNat.{0} Real (nat_lit 2)
            (@instOfNatAtLeastTwo.{0} Real (nat_lit 2) Real.instNatCast
              (@Nat.instAtLeastTwoHAddOfNat (@OfNat.ofNat.{0} Nat (nat_lit 1) (instOfNatNat (nat_lit 1)))
                (@Nat.instNeZeroSucc (@OfNat.ofNat.{0} Nat (nat_lit 0) (instOfNatNat (nat_lit 0)))))))
          (@OfNat.ofNat.{0} Real (nat_lit 1)
            (@One.toOfNat1.{0} Real
              (@MulOne.toOne.{0} Real
                (@MulOneClass.toMulOne.{0} Real
                  (@MulZeroOneClass.toMulOneClass.{0} Real (@instMulZeroOneClassOfSemiring.{0} Real Real.semiring)))))))
        False
        (@Eq.trans.{1} Prop
          (@Eq.{1} Real
            (@HMul.hMul.{0, 0, 0} Real Real Real (@instHMul.{0} Real Real.instMul)
              (@OfNat.ofNat.{0} Real (nat_lit 2)
                (@instOfNatAtLeastTwo.{0} Real (nat_lit 2) Real.instNatCast
                  (@Nat.instAtLeastTwoHAddOfNat (@OfNat.ofNat.{0} Nat (nat_lit 1) (instOfNatNat (nat_lit 1)))
                    (@Nat.instNeZeroSucc (@OfNat.ofNat.{0} Nat (nat_lit 0) (instOfNatNat (nat_lit 0)))))))
              Real.pi)
            (@HMul.hMul.{0, 0, 0} Real Real Real (@instHMul.{0} Real Real.instMul)
              (@Nat.cast.{0} Real Real.instNatCast (@OfNat.ofNat.{0} Nat (nat_lit 1) (instOfNatNat (nat_lit 1))))
              Real.pi))
          (@Eq.{1} Real
            (@HMul.hMul.{0, 0, 0} Real Real Real (@instHMul.{0} Real Real.instMul)
              (@OfNat.ofNat.{0} Real (nat_lit 2)
                (@instOfNatAtLeastTwo.{0} Real (nat_lit 2) Real.instNatCast
                  (@Nat.instAtLeastTwoHAddOfNat (@OfNat.ofNat.{0} Nat (nat_lit 1) (instOfNatNat (nat_lit 1)))
                    (@Nat.instNeZeroSucc (@OfNat.ofNat.{0} Nat (nat_lit 0) (instOfNatNat (nat_lit 0)))))))
              Real.pi)
            Real.pi)
          (@Eq.{1} Real
            (@OfNat.ofNat.{0} Real (nat_lit 2)
              (@instOfNatAtLeastTwo.{0} Real (nat_lit 2) Real.instNatCast
                (@Nat.instAtLeastTwoHAddOfNat (@OfNat.ofNat.{0} Nat (nat_lit 1) (instOfNatNat (nat_lit 1)))
                  (@Nat.instNeZeroSucc (@OfNat.ofNat.{0} Nat (nat_lit 0) (instOfNatNat (nat_lit 0)))))))
            (@OfNat.ofNat.{0} Real (nat_lit 1)
              (@One.toOfNat1.{0} Real
                (@MulOne.toOne.{0} Real
                  (@MulOneClass.toMulOne.{0} Real
                    (@MulZeroOneClass.toMulOneClass.{0} Real
                      (@instMulZeroOneClassOfSemiring.{0} Real Real.semiring)))))))
          (@congrArg.{1, 1} Real Prop
            (@HMul.hMul.{0, 0, 0} Real Real Real (@instHMul.{0} Real Real.instMul)
              (@Nat.cast.{0} Real Real.instNatCast (@OfNat.ofNat.{0} Nat (nat_lit 1) (instOfNatNat (nat_lit 1))))
              Real.pi)
            Real.pi
            (@Eq.{1} Real
              (@HMul.hMul.{0, 0, 0} Real Real Real (@instHMul.{0} Real Real.instMul)
                (@OfNat.ofNat.{0} Real (nat_lit 2)
                  (@instOfNatAtLeastTwo.{0} Real (nat_lit 2) Real.instNatCast
                    (@Nat.instAtLeastTwoHAddOfNat (@OfNat.ofNat.{0} Nat (nat_lit 1) (instOfNatNat (nat_lit 1)))
                      (@Nat.instNeZeroSucc (@OfNat.ofNat.{0} Nat (nat_lit 0) (instOfNatNat (nat_lit 0)))))))
                Real.pi))
            (@Eq.trans.{1} Real
              (@HMul.hMul.{0, 0, 0} Real Real Real (@instHMul.{0} Real Real.instMul)
                (@Nat.cast.{0} Real Real.instNatCast (@OfNat.ofNat.{0} Nat (nat_lit 1) (instOfNatNat (nat_lit 1))))
                Real.pi)
              (@HMul.hMul.{0, 0, 0} Real Real Real (@instHMul.{0} Real Real.instMul)
                (@OfNat.ofNat.{0} Real (nat_lit 1)
                  (@One.toOfNat1.{0} Real
                    (@AddMonoidWithOne.toOne.{0} Real
                      (@AddGroupWithOne.toAddMonoidWithOne.{0} Real (@Ring.toAddGroupWithOne.{0} Real Real.instRing)))))
                Real.pi)
              Real.pi
              (@congrFun'.{1, 1} Real Real
                (@HMul.hMul.{0, 0, 0} Real Real Real (@instHMul.{0} Real Real.instMul)
                  (@Nat.cast.{0} Real Real.instNatCast (@OfNat.ofNat.{0} Nat (nat_lit 1) (instOfNatNat (nat_lit 1)))))
                (@HMul.hMul.{0, 0, 0} Real Real Real (@instHMul.{0} Real Real.instMul)
                  (@OfNat.ofNat.{0} Real (nat_lit 1)
                    (@One.toOfNat1.{0} Real
                      (@AddMonoidWithOne.toOne.{0} Real
                        (@AddGroupWithOne.toAddMonoidWithOne.{0} Real
                          (@Ring.toAddGroupWithOne.{0} Real Real.instRing))))))
                (@congrArg.{1, 1} Real (Real → Real)
                  (@Nat.cast.{0} Real Real.instNatCast (@OfNat.ofNat.{0} Nat (nat_lit 1) (instOfNatNat (nat_lit 1))))
                  (@OfNat.ofNat.{0} Real (nat_lit 1)
                    (@One.toOfNat1.{0} Real
                      (@AddMonoidWithOne.toOne.{0} Real
                        (@AddGroupWithOne.toAddMonoidWithOne.{0} Real
                          (@Ring.toAddGroupWithOne.{0} Real Real.instRing)))))
                  (@HMul.hMul.{0, 0, 0} Real Real Real (@instHMul.{0} Real Real.instMul))
                  (@Mathlib.Meta.NormNum.IsNat.to_eq.{0} Real
                    (@AddGroupWithOne.toAddMonoidWithOne.{0} Real (@Ring.toAddGroupWithOne.{0} Real Real.instRing))
                    (nat_lit 1)
                    (@Nat.cast.{0} Real Real.instNatCast (@OfNat.ofNat.{0} Nat (nat_lit 1) (instOfNatNat (nat_lit 1))))
                    (@OfNat.ofNat.{0} Real (nat_lit 1)
                      (@One.toOfNat1.{0} Real
                        (@AddMonoidWithOne.toOne.{0} Real
                          (@AddGroupWithOne.toAddMonoidWithOne.{0} Real
                            (@Ring.toAddGroupWithOne.{0} Real Real.instRing)))))
                    (@Mathlib.Meta.NormNum.isNat_natCast.{0} Real
                      (@AddGroupWithOne.toAddMonoidWithOne.{0} Real (@Ring.toAddGroupWithOne.{0} Real Real.instRing))
                      (@OfNat.ofNat.{0} Nat (nat_lit 1) (instOfNatNat (nat_lit 1))) (nat_lit 1)
                      (@Mathlib.Meta.NormNum.isNat_ofNat.{0} Nat Nat.instAddMonoidWithOne
                        (@OfNat.ofNat.{0} Nat (nat_lit 1) (instOfNatNat (nat_lit 1))) (nat_lit 1)
                        (@Eq.refl.{1} Nat (@OfNat.ofNat.{0} Nat (nat_lit 1) (instOfNatNat (nat_lit 1))))))
                    (@Nat.cast_one.{0} Real
                      (@AddGroupWithOne.toAddMonoidWithOne.{0} Real (@Ring.toAddGroupWithOne.{0} Real Real.instRing)))))
                Real.pi)
              (@one_mul.{0} Real
                (@MulZeroOneClass.toMulOneClass.{0} Real (@instMulZeroOneClassOfSemiring.{0} Real Real.semiring))
                Real.pi)))
          (@mul_eq_right₀._simp_1.{0} Real
            (@OfNat.ofNat.{0} Real (nat_lit 2)
              (@instOfNatAtLeastTwo.{0} Real (nat_lit 2) Real.instNatCast
                (@Nat.instAtLeastTwoHAddOfNat (@OfNat.ofNat.{0} Nat (nat_lit 1) (instOfNatNat (nat_lit 1)))
                  (@Nat.instNeZeroSucc (@OfNat.ofNat.{0} Nat (nat_lit 0) (instOfNatNat (nat_lit 0)))))))
            Real.pi (@instMulZeroOneClassOfSemiring.{0} Real Real.semiring)
            (@IsCancelMulZero.toIsRightCancelMulZero.{0} Real
              (@MulZeroClass.toMul.{0} Real
                (@MulZeroOneClass.toMulZeroClass.{0} Real (@instMulZeroOneClassOfSemiring.{0} Real Real.semiring)))
              (@MulZeroClass.toZero.{0} Real
                (@MulZeroOneClass.toMulZeroClass.{0} Real (@instMulZeroOneClassOfSemiring.{0} Real Real.semiring)))
              (@IsDomain.toIsCancelMulZero.{0} Real Real.semiring Real.instIsDomain))
            (@of_eq_true
              (Not
                (@Eq.{1} Real Real.pi
                  (@OfNat.ofNat.{0} Real (nat_lit 0)
                    (@Zero.toOfNat0.{0} Real
                      (@MulZeroClass.toZero.{0} Real
                        (@MulZeroOneClass.toMulZeroClass.{0} Real
                          (@instMulZeroOneClassOfSemiring.{0} Real Real.semiring)))))))
              (@Eq.trans.{1} Prop
                (Not
                  (@Eq.{1} Real Real.pi
                    (@OfNat.ofNat.{0} Real (nat_lit 0)
                      (@Zero.toOfNat0.{0} Real
                        (@MulZeroClass.toZero.{0} Real
                          (@MulZeroOneClass.toMulZeroClass.{0} Real
                            (@instMulZeroOneClassOfSemiring.{0} Real Real.semiring)))))))
                True True
                (@Eq.trans.{1} Prop
                  (Not
                    (@Eq.{1} Real Real.pi
                      (@OfNat.ofNat.{0} Real (nat_lit 0)
                        (@Zero.toOfNat0.{0} Real
                          (@MulZeroClass.toZero.{0} Real
                            (@MulZeroOneClass.toMulZeroClass.{0} Real
                              (@instMulZeroOneClassOfSemiring.{0} Real Real.semiring)))))))
                  (Not False) True
                  (@congrArg.{1, 1} Prop Prop
                    (@Eq.{1} Real Real.pi
                      (@OfNat.ofNat.{0} Real (nat_lit 0)
                        (@Zero.toOfNat0.{0} Real
                          (@MulZeroClass.toZero.{0} Real
                            (@MulZeroOneClass.toMulZeroClass.{0} Real
                              (@instMulZeroOneClassOfSemiring.{0} Real Real.semiring))))))
                    False Not
                    (@Eq.trans.{1} Prop
                      (@Eq.{1} Real Real.pi (@OfNat.ofNat.{0} Real (nat_lit 0) (@Zero.toOfNat0.{0} Real Real.instZero)))
                      False False Real.pi_ne_zero._simp_1 (@eq_false False not_false)))
                  not_false_eq_true)
                (@eq_true True True.intro)))))
        (@eq_false
          (@Eq.{1} Real
            (@OfNat.ofNat.{0} Real (nat_lit 2)
              (@instOfNatAtLeastTwo.{0} Real (nat_lit 2) Real.instNatCast
                (@Nat.instAtLeastTwoHAddOfNat (@OfNat.ofNat.{0} Nat (nat_lit 1) (instOfNatNat (nat_lit 1)))
                  (@Nat.instNeZeroSucc (@OfNat.ofNat.{0} Nat (nat_lit 0) (instOfNatNat (nat_lit 0)))))))
            (@OfNat.ofNat.{0} Real (nat_lit 1)
              (@One.toOfNat1.{0} Real
                (@MulOne.toOne.{0} Real
                  (@MulOneClass.toMulOne.{0} Real
                    (@MulZeroOneClass.toMulOneClass.{0} Real
                      (@instMulZeroOneClassOfSemiring.{0} Real Real.semiring)))))))
          (@Mathlib.Meta.NormNum.isNat_eq_false.{0} Real
            (@AddGroupWithOne.toAddMonoidWithOne.{0} Real (@Ring.toAddGroupWithOne.{0} Real Real.instRing))
            (@FloorSemiring.instCharZero.{0} Real (@Ring.toSemiring.{0} Real Real.instRing) Real.partialOrder
              (@FloorRing.toFloorSemiring.{0} Real Real.instRing Real.linearOrder Real.instFloorRing))
            (@OfNat.ofNat.{0} Real (nat_lit 2)
              (@instOfNatAtLeastTwo.{0} Real (nat_lit 2) Real.instNatCast
                (@Nat.instAtLeastTwoHAddOfNat (@OfNat.ofNat.{0} Nat (nat_lit 1) (instOfNatNat (nat_lit 1)))
                  (@Nat.instNeZeroSucc (@OfNat.ofNat.{0} Nat (nat_lit 0) (instOfNatNat (nat_lit 0)))))))
            (@OfNat.ofNat.{0} Real (nat_lit 1)
              (@One.toOfNat1.{0} Real
                (@MulOne.toOne.{0} Real
                  (@MulOneClass.toMulOne.{0} Real
                    (@MulZeroOneClass.toMulOneClass.{0} Real
                      (@instMulZeroOneClassOfSemiring.{0} Real Real.semiring))))))
            (nat_lit 2) (nat_lit 1)
            (@Mathlib.Meta.NormNum.isNat_ofNat.{0} Real
              (@AddGroupWithOne.toAddMonoidWithOne.{0} Real (@Ring.toAddGroupWithOne.{0} Real Real.instRing))
              (@OfNat.ofNat.{0} Real (nat_lit 2)
                (@instOfNatAtLeastTwo.{0} Real (nat_lit 2) Real.instNatCast
                  (@Nat.instAtLeastTwoHAddOfNat (@OfNat.ofNat.{0} Nat (nat_lit 1) (instOfNatNat (nat_lit 1)))
                    (@Nat.instNeZeroSucc (@OfNat.ofNat.{0} Nat (nat_lit 0) (instOfNatNat (nat_lit 0)))))))
              (nat_lit 2)
              (@Eq.refl.{1} Real
                (@OfNat.ofNat.{0} Real (nat_lit 2)
                  (@instOfNatAtLeastTwo.{0} Real (nat_lit 2)
                    (@AddMonoidWithOne.toNatCast.{0} Real
                      (@AddGroupWithOne.toAddMonoidWithOne.{0} Real (@Ring.toAddGroupWithOne.{0} Real Real.instRing)))
                    (Mathlib.Meta.NormNum.instAtLeastTwo (nat_lit 0))))))
            (@Mathlib.Meta.NormNum.isNat_ofNat.{0} Real
              (@AddGroupWithOne.toAddMonoidWithOne.{0} Real (@Ring.toAddGroupWithOne.{0} Real Real.instRing))
              (@OfNat.ofNat.{0} Real (nat_lit 1)
                (@One.toOfNat1.{0} Real
                  (@MulOne.toOne.{0} Real
                    (@MulOneClass.toMulOne.{0} Real
                      (@MulZeroOneClass.toMulOneClass.{0} Real
                        (@instMulZeroOneClassOfSemiring.{0} Real Real.semiring))))))
              (nat_lit 1)
              (@Nat.cast_one.{0} Real
                (@AddGroupWithOne.toAddMonoidWithOne.{0} Real (@Ring.toAddGroupWithOne.{0} Real Real.instRing))))
            (@Eq.refl.{1} Bool false))))
      he)
'AuditRound10Controls.phase_off_by_one_false' depends on axioms: [propext, Classical.choice.{u}, Quot.sound.{u}]
